mode: set
github.com/ingyamilmolinar/beatmo/internal/ui/bpm.go:8.39,10.39 2 1
github.com/ingyamilmolinar/beatmo/internal/ui/bpm.go:10.39,12.3 1 1
github.com/ingyamilmolinar/beatmo/internal/ui/bpm.go:13.2,13.16 1 1
github.com/ingyamilmolinar/beatmo/internal/ui/camera.go:18.26,18.56 1 1
github.com/ingyamilmolinar/beatmo/internal/ui/camera.go:22.59,26.2 3 1
github.com/ingyamilmolinar/beatmo/internal/ui/camera.go:29.37,34.2 4 0
github.com/ingyamilmolinar/beatmo/internal/ui/camera.go:39.44,44.2 4 0
github.com/ingyamilmolinar/beatmo/internal/ui/camera.go:50.25,54.23 4 1
github.com/ingyamilmolinar/beatmo/internal/ui/camera.go:54.23,56.3 1 1
github.com/ingyamilmolinar/beatmo/internal/ui/camera.go:56.8,56.31 1 1
github.com/ingyamilmolinar/beatmo/internal/ui/camera.go:56.31,58.3 1 0
github.com/ingyamilmolinar/beatmo/internal/ui/camera.go:59.2,59.23 1 1
github.com/ingyamilmolinar/beatmo/internal/ui/camera.go:59.23,61.3 1 0
github.com/ingyamilmolinar/beatmo/internal/ui/camera.go:61.8,61.31 1 1
github.com/ingyamilmolinar/beatmo/internal/ui/camera.go:61.31,63.3 1 1
github.com/ingyamilmolinar/beatmo/internal/ui/camera.go:69.50,72.14 3 1
github.com/ingyamilmolinar/beatmo/internal/ui/camera.go:72.14,73.40 1 1
github.com/ingyamilmolinar/beatmo/internal/ui/camera.go:73.40,84.27 7 1
github.com/ingyamilmolinar/beatmo/internal/ui/camera.go:84.27,86.5 1 0
github.com/ingyamilmolinar/beatmo/internal/ui/camera.go:86.10,86.34 1 1
github.com/ingyamilmolinar/beatmo/internal/ui/camera.go:86.34,88.5 1 0
github.com/ingyamilmolinar/beatmo/internal/ui/camera.go:89.4,89.17 1 1
github.com/ingyamilmolinar/beatmo/internal/ui/camera.go:89.17,91.5 1 0
github.com/ingyamilmolinar/beatmo/internal/ui/camera.go:92.4,95.17 4 1
github.com/ingyamilmolinar/beatmo/internal/ui/camera.go:95.17,97.5 1 0
github.com/ingyamilmolinar/beatmo/internal/ui/camera.go:99.3,99.51 1 1
github.com/ingyamilmolinar/beatmo/internal/ui/camera.go:99.51,101.38 2 1
github.com/ingyamilmolinar/beatmo/internal/ui/camera.go:101.38,102.35 1 1
github.com/ingyamilmolinar/beatmo/internal/ui/camera.go:102.35,106.6 3 1
github.com/ingyamilmolinar/beatmo/internal/ui/camera.go:108.4,108.22 1 1
github.com/ingyamilmolinar/beatmo/internal/ui/camera.go:109.9,111.4 1 1
github.com/ingyamilmolinar/beatmo/internal/ui/camera.go:112.8,114.3 1 1
github.com/ingyamilmolinar/beatmo/internal/ui/camera.go:115.2,116.17 2 1
github.com/ingyamilmolinar/beatmo/internal/ui/camera.go:125.38,126.22 1 1
github.com/ingyamilmolinar/beatmo/internal/ui/camera.go:126.22,128.3 1 1
github.com/ingyamilmolinar/beatmo/internal/ui/camera.go:129.2,129.25 1 1
github.com/ingyamilmolinar/beatmo/internal/ui/camera.go:131.29,131.68 2 1
github.com/ingyamilmolinar/beatmo/internal/ui/camera.go:132.29,132.48 1 1
github.com/ingyamilmolinar/beatmo/internal/ui/clip_scope.go:19.74,20.19 1 1
github.com/ingyamilmolinar/beatmo/internal/ui/clip_scope.go:20.19,22.3 1 1
github.com/ingyamilmolinar/beatmo/internal/ui/clip_scope.go:23.2,24.18 2 1
github.com/ingyamilmolinar/beatmo/internal/ui/clip_scope.go:24.18,26.3 1 1
github.com/ingyamilmolinar/beatmo/internal/ui/clip_scope.go:27.2,30.3 1 1
github.com/ingyamilmolinar/beatmo/internal/ui/clip_scope.go:35.44,36.14 1 1
github.com/ingyamilmolinar/beatmo/internal/ui/clip_scope.go:36.14,38.3 1 1
github.com/ingyamilmolinar/beatmo/internal/ui/clip_scope.go:39.2,39.14 1 1
github.com/ingyamilmolinar/beatmo/internal/ui/clip_scope.go:44.42,45.14 1 1
github.com/ingyamilmolinar/beatmo/internal/ui/clip_scope.go:45.14,47.3 1 1
github.com/ingyamilmolinar/beatmo/internal/ui/clip_scope.go:48.2,48.19 1 1
github.com/ingyamilmolinar/beatmo/internal/ui/clip_scope.go:52.46,53.14 1 1
github.com/ingyamilmolinar/beatmo/internal/ui/clip_scope.go:53.14,55.3 1 1
github.com/ingyamilmolinar/beatmo/internal/ui/clip_scope.go:56.2,56.15 1 1
github.com/ingyamilmolinar/beatmo/internal/ui/clip_scope.go:61.92,62.44 1 1
github.com/ingyamilmolinar/beatmo/internal/ui/clip_scope.go:62.44,64.3 1 1
github.com/ingyamilmolinar/beatmo/internal/ui/clip_scope.go:65.2,65.17 1 0
github.com/ingyamilmolinar/beatmo/internal/ui/clip_scope.go:65.17,67.3 1 0
github.com/ingyamilmolinar/beatmo/internal/ui/clip_scope.go:69.2,70.28 2 0
github.com/ingyamilmolinar/beatmo/internal/ui/clip_scope.go:75.80,76.29 1 0
github.com/ingyamilmolinar/beatmo/internal/ui/clip_scope.go:76.29,78.3 1 0
github.com/ingyamilmolinar/beatmo/internal/ui/clip_scope.go:79.2,79.71 1 0
github.com/ingyamilmolinar/beatmo/internal/ui/comp_portal_overlay.go:31.38,32.23 1 1
github.com/ingyamilmolinar/beatmo/internal/ui/comp_portal_overlay.go:32.23,34.3 1 1
github.com/ingyamilmolinar/beatmo/internal/ui/comp_portal_overlay.go:37.75,39.2 0 1
github.com/ingyamilmolinar/beatmo/internal/ui/comp_portal_overlay.go:41.50,43.15 2 1
github.com/ingyamilmolinar/beatmo/internal/ui/comp_portal_overlay.go:43.15,45.3 1 1
github.com/ingyamilmolinar/beatmo/internal/ui/comp_portal_overlay.go:46.2,48.3 1 1
github.com/ingyamilmolinar/beatmo/internal/ui/comp_portal_overlay.go:51.56,53.2 1 1
github.com/ingyamilmolinar/beatmo/internal/ui/comp_portal_overlay.go:55.48,57.2 1 1
github.com/ingyamilmolinar/beatmo/internal/ui/comp_portal_overlay.go:64.56,66.28 2 1
github.com/ingyamilmolinar/beatmo/internal/ui/comp_portal_overlay.go:66.28,68.3 1 0
github.com/ingyamilmolinar/beatmo/internal/ui/comp_portal_overlay.go:69.2,69.15 1 1
github.com/ingyamilmolinar/beatmo/internal/ui/comp_portal_overlay.go:72.43,74.2 1 1
github.com/ingyamilmolinar/beatmo/internal/ui/comp_portal_overlay.go:76.46,78.2 1 1
github.com/ingyamilmolinar/beatmo/internal/ui/comp_portal_overlay.go:80.63,82.2 1 1
github.com/ingyamilmolinar/beatmo/internal/ui/components.go:18.54,20.11 2 1
github.com/ingyamilmolinar/beatmo/internal/ui/components.go:20.11,22.3 1 0
github.com/ingyamilmolinar/beatmo/internal/ui/components.go:23.2,23.11 1 1
github.com/ingyamilmolinar/beatmo/internal/ui/components.go:23.11,25.3 1 0
github.com/ingyamilmolinar/beatmo/internal/ui/components.go:26.2,26.103 1 1
github.com/ingyamilmolinar/beatmo/internal/ui/components.go:37.76,48.2 10 0
github.com/ingyamilmolinar/beatmo/internal/ui/components.go:57.78,73.2 12 1
github.com/ingyamilmolinar/beatmo/internal/ui/components.go:83.86,85.2 1 1
github.com/ingyamilmolinar/beatmo/internal/ui/components.go:89.105,90.12 1 1
github.com/ingyamilmolinar/beatmo/internal/ui/components.go:90.12,92.3 1 1
github.com/ingyamilmolinar/beatmo/internal/ui/components.go:93.2,93.11 1 1
github.com/ingyamilmolinar/beatmo/internal/ui/components.go:93.11,95.3 1 0
github.com/ingyamilmolinar/beatmo/internal/ui/components.go:96.2,100.11 5 1
github.com/ingyamilmolinar/beatmo/internal/ui/components.go:100.11,102.3 1 1
github.com/ingyamilmolinar/beatmo/internal/ui/components.go:103.2,111.66 7 1
github.com/ingyamilmolinar/beatmo/internal/ui/components.go:121.88,124.25 3 1
github.com/ingyamilmolinar/beatmo/internal/ui/components.go:124.25,127.3 2 1
github.com/ingyamilmolinar/beatmo/internal/ui/components.go:128.2,128.43 1 1
github.com/ingyamilmolinar/beatmo/internal/ui/components.go:133.101,134.14 1 0
github.com/ingyamilmolinar/beatmo/internal/ui/components.go:134.14,136.3 1 0
github.com/ingyamilmolinar/beatmo/internal/ui/components.go:137.2,139.54 3 0
github.com/ingyamilmolinar/beatmo/internal/ui/components.go:150.93,152.20 2 1
github.com/ingyamilmolinar/beatmo/internal/ui/components.go:152.20,153.31 1 1
github.com/ingyamilmolinar/beatmo/internal/ui/components.go:153.31,155.4 1 1
github.com/ingyamilmolinar/beatmo/internal/ui/components.go:158.2,158.25 1 1
github.com/ingyamilmolinar/beatmo/internal/ui/components.go:158.25,160.3 1 0
github.com/ingyamilmolinar/beatmo/internal/ui/components.go:161.2,161.44 1 1
github.com/ingyamilmolinar/beatmo/internal/ui/components.go:172.91,174.2 1 0
github.com/ingyamilmolinar/beatmo/internal/ui/components.go:177.104,178.14 1 1
github.com/ingyamilmolinar/beatmo/internal/ui/components.go:178.14,180.3 1 0
github.com/ingyamilmolinar/beatmo/internal/ui/components.go:181.2,182.21 2 1
github.com/ingyamilmolinar/beatmo/internal/ui/components.go:182.21,184.3 1 1
github.com/ingyamilmolinar/beatmo/internal/ui/components.go:185.2,189.13 5 1
github.com/ingyamilmolinar/beatmo/internal/ui/components.go:189.13,192.3 2 1
github.com/ingyamilmolinar/beatmo/internal/ui/components.go:193.2,194.13 2 1
github.com/ingyamilmolinar/beatmo/internal/ui/components.go:194.13,197.3 2 1
github.com/ingyamilmolinar/beatmo/internal/ui/components.go:213.108,215.8 2 1
github.com/ingyamilmolinar/beatmo/internal/ui/components.go:215.8,216.19 1 1
github.com/ingyamilmolinar/beatmo/internal/ui/components.go:216.19,218.4 1 1
github.com/ingyamilmolinar/beatmo/internal/ui/components.go:218.9,220.4 1 1
github.com/ingyamilmolinar/beatmo/internal/ui/components.go:222.2,222.17 1 1
github.com/ingyamilmolinar/beatmo/internal/ui/components.go:222.17,223.19 1 1
github.com/ingyamilmolinar/beatmo/internal/ui/components.go:223.19,225.4 1 1
github.com/ingyamilmolinar/beatmo/internal/ui/components.go:225.9,227.4 1 1
github.com/ingyamilmolinar/beatmo/internal/ui/components.go:230.2,234.13 3 1
github.com/ingyamilmolinar/beatmo/internal/ui/components.go:234.13,236.40 1 1
github.com/ingyamilmolinar/beatmo/internal/ui/components.go:236.40,239.4 2 1
github.com/ingyamilmolinar/beatmo/internal/ui/components.go:240.3,240.36 1 1
github.com/ingyamilmolinar/beatmo/internal/ui/components.go:241.8,241.30 1 1
github.com/ingyamilmolinar/beatmo/internal/ui/components.go:241.30,244.3 1 1
github.com/ingyamilmolinar/beatmo/internal/ui/coords.go:7.40,7.95 1 1
github.com/ingyamilmolinar/beatmo/internal/ui/coords.go:10.49,10.94 1 0
github.com/ingyamilmolinar/beatmo/internal/ui/coords.go:13.31,13.54 1 0
github.com/ingyamilmolinar/beatmo/internal/ui/deferred_tap.go:17.45,18.32 1 1
github.com/ingyamilmolinar/beatmo/internal/ui/deferred_tap.go:18.32,20.3 1 1
github.com/ingyamilmolinar/beatmo/internal/ui/deferred_tap.go:21.2,23.13 3 1
github.com/ingyamilmolinar/beatmo/internal/ui/deferred_tap.go:28.56,29.16 1 1
github.com/ingyamilmolinar/beatmo/internal/ui/deferred_tap.go:29.16,31.3 1 1
github.com/ingyamilmolinar/beatmo/internal/ui/deferred_tap.go:32.2,33.19 2 1
github.com/ingyamilmolinar/beatmo/internal/ui/deferred_tap.go:33.19,35.3 1 1
github.com/ingyamilmolinar/beatmo/internal/ui/deferred_tap.go:36.2,36.13 1 1
github.com/ingyamilmolinar/beatmo/internal/ui/deferred_tap.go:40.33,40.54 1 1
github.com/ingyamilmolinar/beatmo/internal/ui/deferred_tap.go:43.38,43.58 1 1
github.com/ingyamilmolinar/beatmo/internal/ui/deferred_tap.go:46.41,46.62 1 1
github.com/ingyamilmolinar/beatmo/internal/ui/demo_stub.go:14.34,15.13 1 1
github.com/ingyamilmolinar/beatmo/internal/ui/demo_stub.go:15.13,17.3 1 0
github.com/ingyamilmolinar/beatmo/internal/ui/demo_stub.go:18.2,18.17 1 1
github.com/ingyamilmolinar/beatmo/internal/ui/demo_stub.go:18.17,20.3 1 1
github.com/ingyamilmolinar/beatmo/internal/ui/demo_stub.go:21.2,22.30 2 1
github.com/ingyamilmolinar/beatmo/internal/ui/demo_stub.go:22.30,24.3 1 0
github.com/ingyamilmolinar/beatmo/internal/ui/demo_stub.go:25.2,25.14 1 1
github.com/ingyamilmolinar/beatmo/internal/ui/demo_stub.go:25.14,27.3 1 0
github.com/ingyamilmolinar/beatmo/internal/ui/demo_stub.go:28.2,28.63 1 1
github.com/ingyamilmolinar/beatmo/internal/ui/demo_stub.go:28.63,30.3 1 1
github.com/ingyamilmolinar/beatmo/internal/ui/demo_stub.go:31.2,31.10 1 0
github.com/ingyamilmolinar/beatmo/internal/ui/demo_stub.go:37.28,38.52 1 1
github.com/ingyamilmolinar/beatmo/internal/ui/demo_stub.go:38.52,40.3 1 0
github.com/ingyamilmolinar/beatmo/internal/ui/demo_stub.go:41.2,42.15 2 1
github.com/ingyamilmolinar/beatmo/internal/ui/demo_stub.go:42.15,44.3 1 1
github.com/ingyamilmolinar/beatmo/internal/ui/demo_stub.go:45.2,45.15 1 1
github.com/ingyamilmolinar/beatmo/internal/ui/demo_stub.go:45.15,47.3 1 1
github.com/ingyamilmolinar/beatmo/internal/ui/demo_stub.go:48.2,48.59 1 1
github.com/ingyamilmolinar/beatmo/internal/ui/demo_stub.go:48.59,49.40 1 1
github.com/ingyamilmolinar/beatmo/internal/ui/demo_stub.go:49.40,51.29 1 1
github.com/ingyamilmolinar/beatmo/internal/ui/demo_stub.go:51.29,53.38 2 1
github.com/ingyamilmolinar/beatmo/internal/ui/demo_stub.go:53.38,54.43 1 1
github.com/ingyamilmolinar/beatmo/internal/ui/demo_stub.go:54.43,55.15 1 0
github.com/ingyamilmolinar/beatmo/internal/ui/demo_stub.go:57.6,57.52 1 1
github.com/ingyamilmolinar/beatmo/internal/ui/demo_stub.go:57.52,59.7 1 1
github.com/ingyamilmolinar/beatmo/internal/ui/demo_stub.go:61.5,61.37 1 1
github.com/ingyamilmolinar/beatmo/internal/ui/demo_stub.go:61.37,65.30 4 1
github.com/ingyamilmolinar/beatmo/internal/ui/demo_stub.go:65.30,69.7 3 1
github.com/ingyamilmolinar/beatmo/internal/ui/demo_stub.go:70.6,71.33 2 1
github.com/ingyamilmolinar/beatmo/internal/ui/demo_stub.go:73.10,73.105 1 1
github.com/ingyamilmolinar/beatmo/internal/ui/demo_stub.go:73.105,77.5 3 0
github.com/ingyamilmolinar/beatmo/internal/ui/demo_stub.go:78.4,79.22 2 1
github.com/ingyamilmolinar/beatmo/internal/ui/demo_stub.go:85.27,85.28 0 0
github.com/ingyamilmolinar/beatmo/internal/ui/demo_stub.go:89.57,92.2 2 0
github.com/ingyamilmolinar/beatmo/internal/ui/drawing.go:13.87,14.15 1 1
github.com/ingyamilmolinar/beatmo/internal/ui/drawing.go:14.15,16.3 1 1
github.com/ingyamilmolinar/beatmo/internal/ui/drawing.go:19.2,20.12 2 1
github.com/ingyamilmolinar/beatmo/internal/ui/drawing.go:20.12,26.3 5 1
github.com/ingyamilmolinar/beatmo/internal/ui/drawing.go:29.2,47.27 16 1
github.com/ingyamilmolinar/beatmo/internal/ui/drawing.go:51.101,52.15 1 1
github.com/ingyamilmolinar/beatmo/internal/ui/drawing.go:52.15,54.3 1 1
github.com/ingyamilmolinar/beatmo/internal/ui/drawing.go:55.2,56.13 2 1
github.com/ingyamilmolinar/beatmo/internal/ui/drawing.go:56.13,58.3 1 0
github.com/ingyamilmolinar/beatmo/internal/ui/drawing.go:60.2,62.36 2 1
github.com/ingyamilmolinar/beatmo/internal/ui/drawing.go:62.36,65.3 2 1
github.com/ingyamilmolinar/beatmo/internal/ui/drawing.go:67.2,67.33 1 1
github.com/ingyamilmolinar/beatmo/internal/ui/drawing.go:72.120,73.15 1 1
github.com/ingyamilmolinar/beatmo/internal/ui/drawing.go:73.15,75.3 1 0
github.com/ingyamilmolinar/beatmo/internal/ui/drawing.go:76.2,77.13 2 1
github.com/ingyamilmolinar/beatmo/internal/ui/drawing.go:77.13,79.3 1 0
github.com/ingyamilmolinar/beatmo/internal/ui/drawing.go:80.2,81.48 2 1
github.com/ingyamilmolinar/beatmo/internal/ui/drawing.go:85.30,85.49 1 1
github.com/ingyamilmolinar/beatmo/internal/ui/drawing.go:88.56,94.2 5 1
github.com/ingyamilmolinar/beatmo/internal/ui/drawing.go:96.33,97.13 1 1
github.com/ingyamilmolinar/beatmo/internal/ui/drawing.go:97.13,99.3 1 1
github.com/ingyamilmolinar/beatmo/internal/ui/drawing.go:100.2,100.13 1 1
github.com/ingyamilmolinar/beatmo/internal/ui/drawing.go:100.13,102.3 1 1
github.com/ingyamilmolinar/beatmo/internal/ui/drawing.go:103.2,103.10 1 1
github.com/ingyamilmolinar/beatmo/internal/ui/drawing.go:107.80,109.15 1 1
github.com/ingyamilmolinar/beatmo/internal/ui/drawing.go:109.15,111.3 1 0
github.com/ingyamilmolinar/beatmo/internal/ui/drawing.go:112.2,114.13 3 1
github.com/ingyamilmolinar/beatmo/internal/ui/drawing.go:114.13,116.3 1 0
github.com/ingyamilmolinar/beatmo/internal/ui/drawing.go:117.2,118.19 2 1
github.com/ingyamilmolinar/beatmo/internal/ui/drawing.go:118.19,120.3 1 0
github.com/ingyamilmolinar/beatmo/internal/ui/drawing.go:122.2,128.12 7 1
github.com/ingyamilmolinar/beatmo/internal/ui/drawing.go:128.12,130.3 1 0
github.com/ingyamilmolinar/beatmo/internal/ui/drawing.go:132.2,132.28 1 1
github.com/ingyamilmolinar/beatmo/internal/ui/drawing.go:132.28,137.12 4 1
github.com/ingyamilmolinar/beatmo/internal/ui/drawing.go:137.12,139.4 1 1
github.com/ingyamilmolinar/beatmo/internal/ui/drawing.go:140.3,141.14 2 1
github.com/ingyamilmolinar/beatmo/internal/ui/drawing.go:141.14,143.4 1 1
github.com/ingyamilmolinar/beatmo/internal/ui/drawing.go:147.81,148.15 1 1
github.com/ingyamilmolinar/beatmo/internal/ui/drawing.go:148.15,150.3 1 0
github.com/ingyamilmolinar/beatmo/internal/ui/drawing.go:151.2,157.34 6 1
github.com/ingyamilmolinar/beatmo/internal/ui/drawing.go:157.34,159.28 2 0
github.com/ingyamilmolinar/beatmo/internal/ui/drawing.go:159.28,161.4 1 0
github.com/ingyamilmolinar/beatmo/internal/ui/drawing.go:163.2,164.33 2 1
github.com/ingyamilmolinar/beatmo/internal/ui/drawing.go:167.80,168.15 1 1
github.com/ingyamilmolinar/beatmo/internal/ui/drawing.go:168.15,170.3 1 0
github.com/ingyamilmolinar/beatmo/internal/ui/drawing.go:171.2,173.14 3 1
github.com/ingyamilmolinar/beatmo/internal/ui/drawing.go:173.14,175.3 1 0
github.com/ingyamilmolinar/beatmo/internal/ui/drawing.go:176.2,180.14 5 1
github.com/ingyamilmolinar/beatmo/internal/ui/drawing.go:180.14,182.3 1 1
github.com/ingyamilmolinar/beatmo/internal/ui/drawing.go:183.2,183.47 1 1
github.com/ingyamilmolinar/beatmo/internal/ui/drawing.go:186.82,187.15 1 1
github.com/ingyamilmolinar/beatmo/internal/ui/drawing.go:187.15,189.3 1 1
github.com/ingyamilmolinar/beatmo/internal/ui/drawing.go:191.2,194.19 4 1
github.com/ingyamilmolinar/beatmo/internal/ui/drawing.go:194.19,196.3 1 1
github.com/ingyamilmolinar/beatmo/internal/ui/drawing.go:197.2,202.30 6 1
github.com/ingyamilmolinar/beatmo/internal/ui/drawing.go:202.30,207.3 4 1
github.com/ingyamilmolinar/beatmo/internal/ui/drawing.go:210.80,211.15 1 1
github.com/ingyamilmolinar/beatmo/internal/ui/drawing.go:211.15,213.3 1 1
github.com/ingyamilmolinar/beatmo/internal/ui/drawing.go:214.2,217.18 4 1
github.com/ingyamilmolinar/beatmo/internal/ui/drawing.go:217.18,219.3 1 1
github.com/ingyamilmolinar/beatmo/internal/ui/drawing.go:220.2,223.38 4 1
github.com/ingyamilmolinar/beatmo/internal/ui/drawing.go:223.38,225.3 1 1
github.com/ingyamilmolinar/beatmo/internal/ui/drawing.go:226.2,230.38 5 1
github.com/ingyamilmolinar/beatmo/internal/ui/drawing.go:230.38,232.3 1 0
github.com/ingyamilmolinar/beatmo/internal/ui/drawing.go:235.81,236.15 1 1
github.com/ingyamilmolinar/beatmo/internal/ui/drawing.go:236.15,238.3 1 0
github.com/ingyamilmolinar/beatmo/internal/ui/drawing.go:240.2,243.15 4 1
github.com/ingyamilmolinar/beatmo/internal/ui/drawing.go:243.15,245.3 1 0
github.com/ingyamilmolinar/beatmo/internal/ui/drawing.go:246.2,247.19 2 1
github.com/ingyamilmolinar/beatmo/internal/ui/drawing.go:247.19,249.3 1 0
github.com/ingyamilmolinar/beatmo/internal/ui/drawing.go:250.2,254.30 4 1
github.com/ingyamilmolinar/beatmo/internal/ui/drawing.go:254.30,259.3 4 1
github.com/ingyamilmolinar/beatmo/internal/ui/drawing.go:261.2,261.30 1 1
github.com/ingyamilmolinar/beatmo/internal/ui/drawing.go:261.30,266.3 4 1
github.com/ingyamilmolinar/beatmo/internal/ui/drawing.go:270.80,271.15 1 1
github.com/ingyamilmolinar/beatmo/internal/ui/drawing.go:271.15,273.3 1 0
github.com/ingyamilmolinar/beatmo/internal/ui/drawing.go:274.2,275.19 2 1
github.com/ingyamilmolinar/beatmo/internal/ui/drawing.go:275.19,277.3 1 0
github.com/ingyamilmolinar/beatmo/internal/ui/drawing.go:278.2,284.94 5 1
github.com/ingyamilmolinar/beatmo/internal/ui/drawing.go:288.81,289.15 1 1
github.com/ingyamilmolinar/beatmo/internal/ui/drawing.go:289.15,291.3 1 0
github.com/ingyamilmolinar/beatmo/internal/ui/drawing.go:292.2,293.19 2 1
github.com/ingyamilmolinar/beatmo/internal/ui/drawing.go:293.19,295.3 1 0
github.com/ingyamilmolinar/beatmo/internal/ui/drawing.go:296.2,299.94 3 1
github.com/ingyamilmolinar/beatmo/internal/ui/drawing.go:306.106,307.15 1 1
github.com/ingyamilmolinar/beatmo/internal/ui/drawing.go:307.15,309.3 1 1
github.com/ingyamilmolinar/beatmo/internal/ui/drawing.go:310.2,311.19 2 1
github.com/ingyamilmolinar/beatmo/internal/ui/drawing.go:311.19,313.3 1 1
github.com/ingyamilmolinar/beatmo/internal/ui/drawing.go:314.2,314.16 1 1
github.com/ingyamilmolinar/beatmo/internal/ui/drawing.go:314.16,317.3 2 1
github.com/ingyamilmolinar/beatmo/internal/ui/drawing.go:318.2,318.12 1 1
github.com/ingyamilmolinar/beatmo/internal/ui/drawing.go:318.12,326.31 4 1
github.com/ingyamilmolinar/beatmo/internal/ui/drawing.go:326.31,341.4 7 1
github.com/ingyamilmolinar/beatmo/internal/ui/drawing.go:342.8,353.31 5 1
github.com/ingyamilmolinar/beatmo/internal/ui/drawing.go:353.31,365.4 7 1
github.com/ingyamilmolinar/beatmo/internal/ui/drawing.go:370.72,371.30 1 1
github.com/ingyamilmolinar/beatmo/internal/ui/drawing.go:371.30,373.3 1 1
github.com/ingyamilmolinar/beatmo/internal/ui/drawing.go:374.2,376.52 3 1
github.com/ingyamilmolinar/beatmo/internal/ui/drawing.go:382.78,383.15 1 1
github.com/ingyamilmolinar/beatmo/internal/ui/drawing.go:383.15,385.3 1 0
github.com/ingyamilmolinar/beatmo/internal/ui/drawing.go:386.2,391.34 6 1
github.com/ingyamilmolinar/beatmo/internal/ui/drawing.go:395.84,396.15 1 1
github.com/ingyamilmolinar/beatmo/internal/ui/drawing.go:396.15,398.3 1 0
github.com/ingyamilmolinar/beatmo/internal/ui/drawing.go:399.2,400.17 2 1
github.com/ingyamilmolinar/beatmo/internal/ui/drawing.go:400.17,402.3 1 1
github.com/ingyamilmolinar/beatmo/internal/ui/drawing.go:403.2,406.49 4 1
github.com/ingyamilmolinar/beatmo/internal/ui/drawing.go:406.49,409.3 2 1
github.com/ingyamilmolinar/beatmo/internal/ui/drawing.go:413.80,414.15 1 0
github.com/ingyamilmolinar/beatmo/internal/ui/drawing.go:414.15,416.3 1 0
github.com/ingyamilmolinar/beatmo/internal/ui/drawing.go:418.2,420.15 3 0
github.com/ingyamilmolinar/beatmo/internal/ui/drawing.go:420.15,422.3 1 0
github.com/ingyamilmolinar/beatmo/internal/ui/drawing.go:423.2,425.13 3 0
github.com/ingyamilmolinar/beatmo/internal/ui/drawing.go:425.13,427.3 1 0
github.com/ingyamilmolinar/beatmo/internal/ui/drawing.go:428.2,428.30 1 0
github.com/ingyamilmolinar/beatmo/internal/ui/drawing.go:428.30,431.3 2 0
github.com/ingyamilmolinar/beatmo/internal/ui/drawing.go:435.81,436.15 1 1
github.com/ingyamilmolinar/beatmo/internal/ui/drawing.go:436.15,438.3 1 0
github.com/ingyamilmolinar/beatmo/internal/ui/drawing.go:440.2,442.14 3 1
github.com/ingyamilmolinar/beatmo/internal/ui/drawing.go:442.14,444.3 1 0
github.com/ingyamilmolinar/beatmo/internal/ui/drawing.go:445.2,450.29 5 1
github.com/ingyamilmolinar/beatmo/internal/ui/drawing.go:450.29,454.12 4 1
github.com/ingyamilmolinar/beatmo/internal/ui/drawing.go:454.12,456.4 1 0
github.com/ingyamilmolinar/beatmo/internal/ui/drawing.go:457.3,458.62 2 1
github.com/ingyamilmolinar/beatmo/internal/ui/drawing.go:463.85,464.15 1 0
github.com/ingyamilmolinar/beatmo/internal/ui/drawing.go:464.15,466.3 1 0
github.com/ingyamilmolinar/beatmo/internal/ui/drawing.go:467.2,468.19 2 0
github.com/ingyamilmolinar/beatmo/internal/ui/drawing.go:468.19,470.3 1 0
github.com/ingyamilmolinar/beatmo/internal/ui/drawing.go:471.2,478.30 6 0
github.com/ingyamilmolinar/beatmo/internal/ui/drawing.go:478.30,483.3 4 0
github.com/ingyamilmolinar/beatmo/internal/ui/drawing.go:485.2,485.30 1 0
github.com/ingyamilmolinar/beatmo/internal/ui/drawing.go:485.30,490.3 4 0
github.com/ingyamilmolinar/beatmo/internal/ui/drawing.go:495.81,496.15 1 1
github.com/ingyamilmolinar/beatmo/internal/ui/drawing.go:496.15,498.3 1 0
github.com/ingyamilmolinar/beatmo/internal/ui/drawing.go:499.2,500.19 2 1
github.com/ingyamilmolinar/beatmo/internal/ui/drawing.go:500.19,502.3 1 0
github.com/ingyamilmolinar/beatmo/internal/ui/drawing.go:503.2,518.78 11 1
github.com/ingyamilmolinar/beatmo/internal/ui/drawing.go:522.84,523.15 1 1
github.com/ingyamilmolinar/beatmo/internal/ui/drawing.go:523.15,525.3 1 0
github.com/ingyamilmolinar/beatmo/internal/ui/drawing.go:526.2,527.19 2 1
github.com/ingyamilmolinar/beatmo/internal/ui/drawing.go:527.19,529.3 1 0
github.com/ingyamilmolinar/beatmo/internal/ui/drawing.go:530.2,545.78 11 1
github.com/ingyamilmolinar/beatmo/internal/ui/drawing.go:549.82,550.15 1 1
github.com/ingyamilmolinar/beatmo/internal/ui/drawing.go:550.15,552.3 1 0
github.com/ingyamilmolinar/beatmo/internal/ui/drawing.go:553.2,554.19 2 1
github.com/ingyamilmolinar/beatmo/internal/ui/drawing.go:554.19,556.3 1 0
github.com/ingyamilmolinar/beatmo/internal/ui/drawing.go:557.2,567.30 9 1
github.com/ingyamilmolinar/beatmo/internal/ui/drawing.go:567.30,576.3 6 1
github.com/ingyamilmolinar/beatmo/internal/ui/drawing.go:578.2,579.84 2 1
github.com/ingyamilmolinar/beatmo/internal/ui/drawing.go:583.82,584.15 1 1
github.com/ingyamilmolinar/beatmo/internal/ui/drawing.go:584.15,586.3 1 0
github.com/ingyamilmolinar/beatmo/internal/ui/drawing.go:587.2,588.19 2 1
github.com/ingyamilmolinar/beatmo/internal/ui/drawing.go:588.19,590.3 1 0
github.com/ingyamilmolinar/beatmo/internal/ui/drawing.go:591.2,600.30 8 1
github.com/ingyamilmolinar/beatmo/internal/ui/drawing.go:600.30,609.3 6 1
github.com/ingyamilmolinar/beatmo/internal/ui/drawing.go:611.2,615.90 5 1
github.com/ingyamilmolinar/beatmo/internal/ui/drawing.go:619.82,620.15 1 1
github.com/ingyamilmolinar/beatmo/internal/ui/drawing.go:620.15,622.3 1 0
github.com/ingyamilmolinar/beatmo/internal/ui/drawing.go:623.2,624.19 2 1
github.com/ingyamilmolinar/beatmo/internal/ui/drawing.go:624.19,626.3 1 0
github.com/ingyamilmolinar/beatmo/internal/ui/drawing.go:627.2,637.30 9 1
github.com/ingyamilmolinar/beatmo/internal/ui/drawing.go:637.30,644.3 6 1
github.com/ingyamilmolinar/beatmo/internal/ui/drawing.go:646.2,650.90 5 1
github.com/ingyamilmolinar/beatmo/internal/ui/drawing.go:654.87,655.15 1 0
github.com/ingyamilmolinar/beatmo/internal/ui/drawing.go:655.15,657.3 1 0
github.com/ingyamilmolinar/beatmo/internal/ui/drawing.go:658.2,659.19 2 0
github.com/ingyamilmolinar/beatmo/internal/ui/drawing.go:659.19,661.3 1 0
github.com/ingyamilmolinar/beatmo/internal/ui/drawing.go:662.2,669.30 6 0
github.com/ingyamilmolinar/beatmo/internal/ui/drawing.go:669.30,674.3 4 0
github.com/ingyamilmolinar/beatmo/internal/ui/drawing.go:676.2,676.30 1 0
github.com/ingyamilmolinar/beatmo/internal/ui/drawing.go:676.30,681.3 4 0
github.com/ingyamilmolinar/beatmo/internal/ui/drawing.go:687.70,690.16 3 1
github.com/ingyamilmolinar/beatmo/internal/ui/drawing.go:690.16,694.3 3 1
github.com/ingyamilmolinar/beatmo/internal/ui/drawing.go:695.2,697.47 3 1
github.com/ingyamilmolinar/beatmo/internal/ui/drawing.go:701.80,705.11 4 1
github.com/ingyamilmolinar/beatmo/internal/ui/drawing.go:705.11,707.3 1 1
github.com/ingyamilmolinar/beatmo/internal/ui/drawing.go:708.2,711.24 3 1
github.com/ingyamilmolinar/beatmo/internal/ui/drawing.go:711.24,713.12 2 1
github.com/ingyamilmolinar/beatmo/internal/ui/drawing.go:713.12,715.4 1 1
github.com/ingyamilmolinar/beatmo/internal/ui/drawing.go:716.3,716.53 1 1
github.com/ingyamilmolinar/beatmo/internal/ui/drawing.go:722.100,725.16 3 1
github.com/ingyamilmolinar/beatmo/internal/ui/drawing.go:725.16,730.31 4 1
github.com/ingyamilmolinar/beatmo/internal/ui/drawing.go:730.31,734.4 2 1
github.com/ingyamilmolinar/beatmo/internal/ui/drawing.go:735.8,740.31 4 1
github.com/ingyamilmolinar/beatmo/internal/ui/drawing.go:740.31,743.4 2 1
github.com/ingyamilmolinar/beatmo/internal/ui/drawing.go:748.30,748.68 1 1
github.com/ingyamilmolinar/beatmo/internal/ui/drawing.go:752.35,755.2 2 1
github.com/ingyamilmolinar/beatmo/internal/ui/drawing.go:759.54,764.2 4 1
github.com/ingyamilmolinar/beatmo/internal/ui/drawing.go:768.74,776.2 2 1
github.com/ingyamilmolinar/beatmo/internal/ui/drawing.go:778.25,779.11 1 1
github.com/ingyamilmolinar/beatmo/internal/ui/drawing.go:779.11,781.3 1 1
github.com/ingyamilmolinar/beatmo/internal/ui/drawing.go:782.2,782.10 1 1
github.com/ingyamilmolinar/beatmo/internal/ui/drawing.go:784.25,785.11 1 1
github.com/ingyamilmolinar/beatmo/internal/ui/drawing.go:785.11,787.3 1 1
github.com/ingyamilmolinar/beatmo/internal/ui/drawing.go:788.2,788.10 1 1
github.com/ingyamilmolinar/beatmo/internal/ui/drawing.go:790.22,791.11 1 1
github.com/ingyamilmolinar/beatmo/internal/ui/drawing.go:791.11,793.3 1 0
github.com/ingyamilmolinar/beatmo/internal/ui/drawing.go:794.2,794.10 1 1
github.com/ingyamilmolinar/beatmo/internal/ui/drawline_debug_for_testbuild.go:9.50,9.51 0 1
github.com/ingyamilmolinar/beatmo/internal/ui/drumview.go:40.24,40.57 1 1
github.com/ingyamilmolinar/beatmo/internal/ui/drumview.go:106.39,107.33 1 1
github.com/ingyamilmolinar/beatmo/internal/ui/drumview.go:107.33,109.3 1 1
github.com/ingyamilmolinar/beatmo/internal/ui/drumview.go:110.2,110.35 1 1
github.com/ingyamilmolinar/beatmo/internal/ui/drumview.go:110.35,112.3 1 1
github.com/ingyamilmolinar/beatmo/internal/ui/drumview.go:113.2,113.29 1 1
github.com/ingyamilmolinar/beatmo/internal/ui/drumview.go:113.29,116.3 1 0
github.com/ingyamilmolinar/beatmo/internal/ui/drumview.go:117.2,120.10 4 1
github.com/ingyamilmolinar/beatmo/internal/ui/drumview.go:507.47,507.83 1 1
github.com/ingyamilmolinar/beatmo/internal/ui/drumview.go:508.47,508.84 1 1
github.com/ingyamilmolinar/beatmo/internal/ui/drumview.go:509.47,509.82 1 1
github.com/ingyamilmolinar/beatmo/internal/ui/drumview.go:510.47,510.84 1 1
github.com/ingyamilmolinar/beatmo/internal/ui/drumview.go:511.47,511.85 1 1
github.com/ingyamilmolinar/beatmo/internal/ui/drumview.go:512.47,512.79 1 1
github.com/ingyamilmolinar/beatmo/internal/ui/drumview.go:513.47,513.79 1 1
github.com/ingyamilmolinar/beatmo/internal/ui/drumview.go:517.41,518.27 1 1
github.com/ingyamilmolinar/beatmo/internal/ui/drumview.go:518.27,520.3 1 0
github.com/ingyamilmolinar/beatmo/internal/ui/drumview.go:521.2,521.38 1 1
github.com/ingyamilmolinar/beatmo/internal/ui/drumview.go:523.41,524.27 1 1
github.com/ingyamilmolinar/beatmo/internal/ui/drumview.go:524.27,526.3 1 0
github.com/ingyamilmolinar/beatmo/internal/ui/drumview.go:527.2,527.36 1 1
github.com/ingyamilmolinar/beatmo/internal/ui/drumview.go:529.43,530.27 1 1
github.com/ingyamilmolinar/beatmo/internal/ui/drumview.go:530.27,532.3 1 1
github.com/ingyamilmolinar/beatmo/internal/ui/drumview.go:533.2,533.35 1 1
github.com/ingyamilmolinar/beatmo/internal/ui/drumview.go:535.45,536.27 1 1
github.com/ingyamilmolinar/beatmo/internal/ui/drumview.go:536.27,538.3 1 0
github.com/ingyamilmolinar/beatmo/internal/ui/drumview.go:539.2,539.37 1 1
github.com/ingyamilmolinar/beatmo/internal/ui/drumview.go:541.45,542.27 1 1
github.com/ingyamilmolinar/beatmo/internal/ui/drumview.go:542.27,544.3 1 0
github.com/ingyamilmolinar/beatmo/internal/ui/drumview.go:545.2,545.37 1 1
github.com/ingyamilmolinar/beatmo/internal/ui/drumview.go:547.46,548.27 1 1
github.com/ingyamilmolinar/beatmo/internal/ui/drumview.go:548.27,550.3 1 0
github.com/ingyamilmolinar/beatmo/internal/ui/drumview.go:551.2,551.38 1 1
github.com/ingyamilmolinar/beatmo/internal/ui/drumview.go:553.47,554.27 1 1
github.com/ingyamilmolinar/beatmo/internal/ui/drumview.go:554.27,556.3 1 0
github.com/ingyamilmolinar/beatmo/internal/ui/drumview.go:557.2,557.39 1 1
github.com/ingyamilmolinar/beatmo/internal/ui/drumview.go:559.47,560.27 1 1
github.com/ingyamilmolinar/beatmo/internal/ui/drumview.go:560.27,562.3 1 0
github.com/ingyamilmolinar/beatmo/internal/ui/drumview.go:563.2,563.39 1 1
github.com/ingyamilmolinar/beatmo/internal/ui/drumview.go:565.47,566.27 1 1
github.com/ingyamilmolinar/beatmo/internal/ui/drumview.go:566.27,568.3 1 0
github.com/ingyamilmolinar/beatmo/internal/ui/drumview.go:569.2,569.39 1 1
github.com/ingyamilmolinar/beatmo/internal/ui/drumview.go:571.45,572.27 1 1
github.com/ingyamilmolinar/beatmo/internal/ui/drumview.go:572.27,574.3 1 0
github.com/ingyamilmolinar/beatmo/internal/ui/drumview.go:575.2,575.37 1 1
github.com/ingyamilmolinar/beatmo/internal/ui/drumview.go:577.45,578.27 1 1
github.com/ingyamilmolinar/beatmo/internal/ui/drumview.go:578.27,580.3 1 0
github.com/ingyamilmolinar/beatmo/internal/ui/drumview.go:581.2,581.37 1 1
github.com/ingyamilmolinar/beatmo/internal/ui/drumview.go:583.45,584.27 1 1
github.com/ingyamilmolinar/beatmo/internal/ui/drumview.go:584.27,586.3 1 0
github.com/ingyamilmolinar/beatmo/internal/ui/drumview.go:587.2,587.37 1 1
github.com/ingyamilmolinar/beatmo/internal/ui/drumview.go:589.43,590.27 1 1
github.com/ingyamilmolinar/beatmo/internal/ui/drumview.go:590.27,592.3 1 0
github.com/ingyamilmolinar/beatmo/internal/ui/drumview.go:593.2,593.35 1 1
github.com/ingyamilmolinar/beatmo/internal/ui/drumview.go:595.50,596.27 1 1
github.com/ingyamilmolinar/beatmo/internal/ui/drumview.go:596.27,598.3 1 0
github.com/ingyamilmolinar/beatmo/internal/ui/drumview.go:599.2,599.35 1 1
github.com/ingyamilmolinar/beatmo/internal/ui/drumview.go:601.48,602.27 1 1
github.com/ingyamilmolinar/beatmo/internal/ui/drumview.go:602.27,604.3 1 0
github.com/ingyamilmolinar/beatmo/internal/ui/drumview.go:605.2,605.37 1 1
github.com/ingyamilmolinar/beatmo/internal/ui/drumview.go:607.49,608.27 1 1
github.com/ingyamilmolinar/beatmo/internal/ui/drumview.go:608.27,610.3 1 0
github.com/ingyamilmolinar/beatmo/internal/ui/drumview.go:611.2,611.35 1 1
github.com/ingyamilmolinar/beatmo/internal/ui/drumview.go:616.51,616.86 1 1
github.com/ingyamilmolinar/beatmo/internal/ui/drumview.go:617.51,617.86 1 1
github.com/ingyamilmolinar/beatmo/internal/ui/drumview.go:618.51,618.88 1 1
github.com/ingyamilmolinar/beatmo/internal/ui/drumview.go:619.51,619.85 1 1
github.com/ingyamilmolinar/beatmo/internal/ui/drumview.go:620.51,620.88 1 1
github.com/ingyamilmolinar/beatmo/internal/ui/drumview.go:621.51,621.88 1 1
github.com/ingyamilmolinar/beatmo/internal/ui/drumview.go:622.51,622.87 1 1
github.com/ingyamilmolinar/beatmo/internal/ui/drumview.go:623.51,623.88 1 1
github.com/ingyamilmolinar/beatmo/internal/ui/drumview.go:624.51,624.88 1 1
github.com/ingyamilmolinar/beatmo/internal/ui/drumview.go:625.51,625.88 1 1
github.com/ingyamilmolinar/beatmo/internal/ui/drumview.go:626.51,626.93 1 1
github.com/ingyamilmolinar/beatmo/internal/ui/drumview.go:627.51,627.92 1 1
github.com/ingyamilmolinar/beatmo/internal/ui/drumview.go:628.51,628.90 1 1
github.com/ingyamilmolinar/beatmo/internal/ui/drumview.go:629.51,629.92 1 1
github.com/ingyamilmolinar/beatmo/internal/ui/drumview.go:630.51,630.91 1 1
github.com/ingyamilmolinar/beatmo/internal/ui/drumview.go:631.51,631.93 1 0
github.com/ingyamilmolinar/beatmo/internal/ui/drumview_audio_eq.go:11.40,15.2 2 1
github.com/ingyamilmolinar/beatmo/internal/ui/drumview_audio_eq.go:18.40,21.11 2 1
github.com/ingyamilmolinar/beatmo/internal/ui/drumview_audio_eq.go:21.11,23.3 1 0
github.com/ingyamilmolinar/beatmo/internal/ui/drumview_audio_eq.go:24.2,24.11 1 1
github.com/ingyamilmolinar/beatmo/internal/ui/drumview_audio_eq.go:24.11,26.3 1 0
github.com/ingyamilmolinar/beatmo/internal/ui/drumview_audio_eq.go:27.2,27.10 1 1
github.com/ingyamilmolinar/beatmo/internal/ui/drumview_audio_eq.go:31.46,32.30 1 1
github.com/ingyamilmolinar/beatmo/internal/ui/drumview_audio_eq.go:32.30,34.3 1 0
github.com/ingyamilmolinar/beatmo/internal/ui/drumview_audio_eq.go:35.2,35.27 1 1
github.com/ingyamilmolinar/beatmo/internal/ui/drumview_audio_eq.go:38.63,39.30 1 1
github.com/ingyamilmolinar/beatmo/internal/ui/drumview_audio_eq.go:39.30,41.3 1 1
github.com/ingyamilmolinar/beatmo/internal/ui/drumview_audio_eq.go:43.2,43.60 1 1
github.com/ingyamilmolinar/beatmo/internal/ui/drumview_audio_eq.go:43.60,45.3 1 0
github.com/ingyamilmolinar/beatmo/internal/ui/drumview_audio_eq.go:46.2,46.60 1 1
github.com/ingyamilmolinar/beatmo/internal/ui/drumview_audio_eq.go:49.68,50.35 1 1
github.com/ingyamilmolinar/beatmo/internal/ui/drumview_audio_eq.go:50.35,52.3 1 1
github.com/ingyamilmolinar/beatmo/internal/ui/drumview_audio_eq.go:53.2,53.58 1 0
github.com/ingyamilmolinar/beatmo/internal/ui/drumview_audio_eq.go:57.37,58.48 1 1
github.com/ingyamilmolinar/beatmo/internal/ui/drumview_audio_eq.go:58.48,60.3 1 0
github.com/ingyamilmolinar/beatmo/internal/ui/drumview_audio_eq.go:61.2,69.27 7 1
github.com/ingyamilmolinar/beatmo/internal/ui/drumview_audio_eq.go:69.27,71.3 1 1
github.com/ingyamilmolinar/beatmo/internal/ui/drumview_audio_eq.go:75.41,76.36 1 1
github.com/ingyamilmolinar/beatmo/internal/ui/drumview_audio_eq.go:76.36,78.3 1 0
github.com/ingyamilmolinar/beatmo/internal/ui/drumview_audio_eq.go:79.2,80.41 2 1
github.com/ingyamilmolinar/beatmo/internal/ui/drumview_audio_eq.go:80.41,82.3 1 0
github.com/ingyamilmolinar/beatmo/internal/ui/drumview_audio_eq.go:83.2,84.16 2 1
github.com/ingyamilmolinar/beatmo/internal/ui/drumview_audio_eq.go:84.16,86.3 1 1
github.com/ingyamilmolinar/beatmo/internal/ui/drumview_audio_eq.go:87.2,88.16 2 1
github.com/ingyamilmolinar/beatmo/internal/ui/drumview_audio_eq.go:88.16,90.3 1 1
github.com/ingyamilmolinar/beatmo/internal/ui/drumview_audio_eq.go:91.2,97.27 7 1
github.com/ingyamilmolinar/beatmo/internal/ui/drumview_audio_eq.go:97.27,99.3 1 1
github.com/ingyamilmolinar/beatmo/internal/ui/drumview_audio_eq.go:104.80,106.33 2 1
github.com/ingyamilmolinar/beatmo/internal/ui/drumview_audio_eq.go:106.33,108.13 2 1
github.com/ingyamilmolinar/beatmo/internal/ui/drumview_audio_eq.go:108.13,110.4 1 1
github.com/ingyamilmolinar/beatmo/internal/ui/drumview_audio_eq.go:111.3,111.29 1 1
github.com/ingyamilmolinar/beatmo/internal/ui/drumview_audio_eq.go:111.29,113.4 1 1
github.com/ingyamilmolinar/beatmo/internal/ui/drumview_audio_eq.go:114.3,117.21 4 1
github.com/ingyamilmolinar/beatmo/internal/ui/drumview_audio_eq.go:117.21,119.4 1 1
github.com/ingyamilmolinar/beatmo/internal/ui/drumview_audio_eq.go:120.3,127.5 2 1
github.com/ingyamilmolinar/beatmo/internal/ui/drumview_audio_eq.go:129.2,129.14 1 1
github.com/ingyamilmolinar/beatmo/internal/ui/drumview_audio_eq.go:134.31,136.18 2 1
github.com/ingyamilmolinar/beatmo/internal/ui/drumview_audio_eq.go:136.18,139.3 2 1
github.com/ingyamilmolinar/beatmo/internal/ui/drumview_audio_eq.go:141.2,141.28 1 0
github.com/ingyamilmolinar/beatmo/internal/ui/drumview_audio_eq.go:141.28,142.25 1 0
github.com/ingyamilmolinar/beatmo/internal/ui/drumview_audio_eq.go:142.25,145.4 2 0
github.com/ingyamilmolinar/beatmo/internal/ui/drumview_audio_eq.go:148.2,148.20 1 0
github.com/ingyamilmolinar/beatmo/internal/ui/drumview_audio_eq.go:153.51,157.20 3 1
github.com/ingyamilmolinar/beatmo/internal/ui/drumview_audio_eq.go:157.20,163.3 2 1
github.com/ingyamilmolinar/beatmo/internal/ui/drumview_audio_eq.go:165.2,168.30 2 1
github.com/ingyamilmolinar/beatmo/internal/ui/drumview_audio_eq.go:168.30,169.31 1 1
github.com/ingyamilmolinar/beatmo/internal/ui/drumview_audio_eq.go:169.31,171.4 1 1
github.com/ingyamilmolinar/beatmo/internal/ui/drumview_audio_eq.go:171.9,174.30 2 1
github.com/ingyamilmolinar/beatmo/internal/ui/drumview_audio_eq.go:174.30,175.27 1 1
github.com/ingyamilmolinar/beatmo/internal/ui/drumview_audio_eq.go:175.27,177.11 2 1
github.com/ingyamilmolinar/beatmo/internal/ui/drumview_audio_eq.go:181.4,181.69 1 1
github.com/ingyamilmolinar/beatmo/internal/ui/drumview_audio_eq.go:181.69,183.17 2 1
github.com/ingyamilmolinar/beatmo/internal/ui/drumview_audio_eq.go:183.17,185.6 1 1
github.com/ingyamilmolinar/beatmo/internal/ui/drumview_audio_eq.go:187.4,187.34 1 1
github.com/ingyamilmolinar/beatmo/internal/ui/drumview_audio_eq.go:195.2,197.20 3 1
github.com/ingyamilmolinar/beatmo/internal/ui/drumview_audio_eq.go:197.20,199.28 2 1
github.com/ingyamilmolinar/beatmo/internal/ui/drumview_audio_eq.go:199.28,201.4 1 1
github.com/ingyamilmolinar/beatmo/internal/ui/drumview_audio_eq.go:202.8,202.37 1 1
github.com/ingyamilmolinar/beatmo/internal/ui/drumview_audio_eq.go:202.37,206.28 1 1
github.com/ingyamilmolinar/beatmo/internal/ui/drumview_audio_eq.go:206.28,209.4 2 1
github.com/ingyamilmolinar/beatmo/internal/ui/drumview_audio_eq.go:210.8,214.28 2 1
github.com/ingyamilmolinar/beatmo/internal/ui/drumview_audio_eq.go:214.28,216.4 1 1
github.com/ingyamilmolinar/beatmo/internal/ui/drumview_audio_eq.go:220.2,220.38 1 1
github.com/ingyamilmolinar/beatmo/internal/ui/drumview_audio_eq.go:220.38,221.17 1 1
github.com/ingyamilmolinar/beatmo/internal/ui/drumview_audio_eq.go:221.17,222.12 1 0
github.com/ingyamilmolinar/beatmo/internal/ui/drumview_audio_eq.go:224.3,225.14 2 1
github.com/ingyamilmolinar/beatmo/internal/ui/drumview_audio_eq.go:225.14,227.4 1 1
github.com/ingyamilmolinar/beatmo/internal/ui/drumview_audio_eq.go:227.9,229.4 1 1
github.com/ingyamilmolinar/beatmo/internal/ui/drumview_audio_eq.go:233.2,240.24 6 1
github.com/ingyamilmolinar/beatmo/internal/ui/drumview_audio_eq.go:246.50,247.27 1 1
github.com/ingyamilmolinar/beatmo/internal/ui/drumview_audio_eq.go:247.27,249.3 1 0
github.com/ingyamilmolinar/beatmo/internal/ui/drumview_audio_eq.go:250.2,251.30 2 1
github.com/ingyamilmolinar/beatmo/internal/ui/drumview_audio_eq.go:251.30,255.3 3 1
github.com/ingyamilmolinar/beatmo/internal/ui/drumview_audio_eq.go:255.8,256.29 1 1
github.com/ingyamilmolinar/beatmo/internal/ui/drumview_audio_eq.go:256.29,257.26 1 1
github.com/ingyamilmolinar/beatmo/internal/ui/drumview_audio_eq.go:257.26,262.10 5 1
github.com/ingyamilmolinar/beatmo/internal/ui/drumview_audio_eq.go:271.85,272.30 1 1
github.com/ingyamilmolinar/beatmo/internal/ui/drumview_audio_eq.go:272.30,276.3 3 1
github.com/ingyamilmolinar/beatmo/internal/ui/drumview_audio_eq.go:276.8,277.29 1 1
github.com/ingyamilmolinar/beatmo/internal/ui/drumview_audio_eq.go:277.29,278.26 1 1
github.com/ingyamilmolinar/beatmo/internal/ui/drumview_audio_eq.go:278.26,283.10 5 1
github.com/ingyamilmolinar/beatmo/internal/ui/drumview_audio_eq.go:287.2,287.8 1 1
github.com/ingyamilmolinar/beatmo/internal/ui/drumview_audio_eq.go:292.45,294.32 2 1
github.com/ingyamilmolinar/beatmo/internal/ui/drumview_audio_eq.go:294.32,296.68 2 1
github.com/ingyamilmolinar/beatmo/internal/ui/drumview_audio_eq.go:296.68,298.4 1 1
github.com/ingyamilmolinar/beatmo/internal/ui/drumview_audio_eq.go:300.2,300.30 1 1
github.com/ingyamilmolinar/beatmo/internal/ui/drumview_audio_eq.go:300.30,302.66 2 1
github.com/ingyamilmolinar/beatmo/internal/ui/drumview_audio_eq.go:302.66,304.4 1 1
github.com/ingyamilmolinar/beatmo/internal/ui/drumview_audio_eq.go:310.38,313.43 2 1
github.com/ingyamilmolinar/beatmo/internal/ui/drumview_audio_eq.go:313.43,317.3 2 1
github.com/ingyamilmolinar/beatmo/internal/ui/drumview_audio_eq.go:320.2,320.28 1 1
github.com/ingyamilmolinar/beatmo/internal/ui/drumview_audio_eq.go:320.28,321.30 1 1
github.com/ingyamilmolinar/beatmo/internal/ui/drumview_audio_eq.go:321.30,322.26 1 1
github.com/ingyamilmolinar/beatmo/internal/ui/drumview_audio_eq.go:322.26,324.5 1 1
github.com/ingyamilmolinar/beatmo/internal/ui/drumview_audio_eq.go:324.10,326.5 1 1
github.com/ingyamilmolinar/beatmo/internal/ui/drumview_audio_eq.go:327.4,327.10 1 1
github.com/ingyamilmolinar/beatmo/internal/ui/drumview_audio_eq.go:332.2,332.31 1 0
github.com/ingyamilmolinar/beatmo/internal/ui/drumview_audio_eq.go:336.42,337.36 1 1
github.com/ingyamilmolinar/beatmo/internal/ui/drumview_audio_eq.go:337.36,339.3 1 0
github.com/ingyamilmolinar/beatmo/internal/ui/drumview_audio_eq.go:340.2,341.41 2 1
github.com/ingyamilmolinar/beatmo/internal/ui/drumview_audio_eq.go:341.41,343.3 1 0
github.com/ingyamilmolinar/beatmo/internal/ui/drumview_audio_eq.go:347.47,348.36 1 1
github.com/ingyamilmolinar/beatmo/internal/ui/drumview_audio_eq.go:348.36,350.3 1 0
github.com/ingyamilmolinar/beatmo/internal/ui/drumview_audio_eq.go:351.2,352.43 2 1
github.com/ingyamilmolinar/beatmo/internal/ui/drumview_audio_eq.go:352.43,354.3 1 1
github.com/ingyamilmolinar/beatmo/internal/ui/drumview_audio_eq.go:358.45,360.18 2 1
github.com/ingyamilmolinar/beatmo/internal/ui/drumview_audio_eq.go:360.18,362.3 1 1
github.com/ingyamilmolinar/beatmo/internal/ui/drumview_audio_eq.go:363.2,363.28 1 1
github.com/ingyamilmolinar/beatmo/internal/ui/drumview_audio_eq.go:363.28,364.25 1 1
github.com/ingyamilmolinar/beatmo/internal/ui/drumview_audio_eq.go:364.25,366.4 1 1
github.com/ingyamilmolinar/beatmo/internal/ui/drumview_audio_eq.go:368.2,368.14 1 0
github.com/ingyamilmolinar/beatmo/internal/ui/drumview_audio_eq.go:372.49,374.18 2 1
github.com/ingyamilmolinar/beatmo/internal/ui/drumview_audio_eq.go:374.18,376.3 1 1
github.com/ingyamilmolinar/beatmo/internal/ui/drumview_audio_eq.go:377.2,377.28 1 0
github.com/ingyamilmolinar/beatmo/internal/ui/drumview_audio_eq.go:377.28,378.25 1 0
github.com/ingyamilmolinar/beatmo/internal/ui/drumview_audio_eq.go:378.25,379.26 1 0
github.com/ingyamilmolinar/beatmo/internal/ui/drumview_audio_eq.go:379.26,381.5 1 0
github.com/ingyamilmolinar/beatmo/internal/ui/drumview_audio_eq.go:382.4,382.24 1 0
github.com/ingyamilmolinar/beatmo/internal/ui/drumview_audio_eq.go:385.2,385.11 1 0
github.com/ingyamilmolinar/beatmo/internal/ui/drumview_audio_eq.go:389.45,391.18 2 1
github.com/ingyamilmolinar/beatmo/internal/ui/drumview_audio_eq.go:391.18,393.3 1 1
github.com/ingyamilmolinar/beatmo/internal/ui/drumview_audio_eq.go:394.2,394.28 1 1
github.com/ingyamilmolinar/beatmo/internal/ui/drumview_audio_eq.go:394.28,395.25 1 1
github.com/ingyamilmolinar/beatmo/internal/ui/drumview_audio_eq.go:395.25,397.4 1 1
github.com/ingyamilmolinar/beatmo/internal/ui/drumview_audio_eq.go:399.2,399.14 1 0
github.com/ingyamilmolinar/beatmo/internal/ui/drumview_audio_eq.go:403.49,405.18 2 1
github.com/ingyamilmolinar/beatmo/internal/ui/drumview_audio_eq.go:405.18,407.3 1 1
github.com/ingyamilmolinar/beatmo/internal/ui/drumview_audio_eq.go:408.2,408.28 1 0
github.com/ingyamilmolinar/beatmo/internal/ui/drumview_audio_eq.go:408.28,409.25 1 0
github.com/ingyamilmolinar/beatmo/internal/ui/drumview_audio_eq.go:409.25,410.26 1 0
github.com/ingyamilmolinar/beatmo/internal/ui/drumview_audio_eq.go:410.26,412.5 1 0
github.com/ingyamilmolinar/beatmo/internal/ui/drumview_audio_eq.go:413.4,413.24 1 0
github.com/ingyamilmolinar/beatmo/internal/ui/drumview_audio_eq.go:416.2,416.14 1 0
github.com/ingyamilmolinar/beatmo/internal/ui/drumview_audio_eq.go:420.66,422.18 2 1
github.com/ingyamilmolinar/beatmo/internal/ui/drumview_audio_eq.go:422.18,425.3 2 1
github.com/ingyamilmolinar/beatmo/internal/ui/drumview_audio_eq.go:425.8,426.29 1 0
github.com/ingyamilmolinar/beatmo/internal/ui/drumview_audio_eq.go:426.29,427.26 1 0
github.com/ingyamilmolinar/beatmo/internal/ui/drumview_audio_eq.go:427.26,430.10 3 0
github.com/ingyamilmolinar/beatmo/internal/ui/drumview_audio_eq.go:437.66,439.18 2 1
github.com/ingyamilmolinar/beatmo/internal/ui/drumview_audio_eq.go:439.18,442.3 2 1
github.com/ingyamilmolinar/beatmo/internal/ui/drumview_audio_eq.go:442.8,443.29 1 0
github.com/ingyamilmolinar/beatmo/internal/ui/drumview_audio_eq.go:443.29,444.26 1 0
github.com/ingyamilmolinar/beatmo/internal/ui/drumview_audio_eq.go:444.26,447.10 3 0
github.com/ingyamilmolinar/beatmo/internal/ui/drumview_audio_eq.go:454.33,459.2 4 1
github.com/ingyamilmolinar/beatmo/internal/ui/drumview_audio_eq.go:462.33,467.2 4 1
github.com/ingyamilmolinar/beatmo/internal/ui/drumview_audio_eq.go:470.138,472.25 2 1
github.com/ingyamilmolinar/beatmo/internal/ui/drumview_audio_eq.go:472.25,474.3 1 1
github.com/ingyamilmolinar/beatmo/internal/ui/drumview_audio_eq.go:475.2,475.28 1 1
github.com/ingyamilmolinar/beatmo/internal/ui/drumview_audio_eq.go:475.28,477.3 1 1
github.com/ingyamilmolinar/beatmo/internal/ui/drumview_audio_eq.go:478.2,478.14 1 1
github.com/ingyamilmolinar/beatmo/internal/ui/drumview_audio_eq.go:482.46,483.24 1 1
github.com/ingyamilmolinar/beatmo/internal/ui/drumview_audio_eq.go:483.24,484.28 1 1
github.com/ingyamilmolinar/beatmo/internal/ui/drumview_audio_eq.go:484.28,486.4 1 1
github.com/ingyamilmolinar/beatmo/internal/ui/drumview_audio_eq.go:486.9,488.4 1 1
github.com/ingyamilmolinar/beatmo/internal/ui/drumview_audio_eq.go:490.2,490.24 1 1
github.com/ingyamilmolinar/beatmo/internal/ui/drumview_audio_eq.go:490.24,491.28 1 1
github.com/ingyamilmolinar/beatmo/internal/ui/drumview_audio_eq.go:491.28,493.4 1 1
github.com/ingyamilmolinar/beatmo/internal/ui/drumview_audio_eq.go:493.9,495.4 1 1
github.com/ingyamilmolinar/beatmo/internal/ui/drumview_audio_eq.go:501.48,503.18 2 1
github.com/ingyamilmolinar/beatmo/internal/ui/drumview_audio_eq.go:503.18,504.48 1 1
github.com/ingyamilmolinar/beatmo/internal/ui/drumview_audio_eq.go:504.48,508.4 3 1
github.com/ingyamilmolinar/beatmo/internal/ui/drumview_audio_eq.go:509.8,511.29 1 1
github.com/ingyamilmolinar/beatmo/internal/ui/drumview_audio_eq.go:511.29,512.26 1 1
github.com/ingyamilmolinar/beatmo/internal/ui/drumview_audio_eq.go:512.26,515.47 3 1
github.com/ingyamilmolinar/beatmo/internal/ui/drumview_audio_eq.go:515.47,519.6 3 1
github.com/ingyamilmolinar/beatmo/internal/ui/drumview_audio_eq.go:520.5,520.10 1 1
github.com/ingyamilmolinar/beatmo/internal/ui/drumview_beat_length.go:4.47,5.21 1 1
github.com/ingyamilmolinar/beatmo/internal/ui/drumview_beat_length.go:5.21,8.3 2 1
github.com/ingyamilmolinar/beatmo/internal/ui/drumview_beat_length.go:11.2,11.19 1 1
github.com/ingyamilmolinar/beatmo/internal/ui/drumview_beat_length.go:11.19,12.32 1 1
github.com/ingyamilmolinar/beatmo/internal/ui/drumview_beat_length.go:12.32,14.4 1 1
github.com/ingyamilmolinar/beatmo/internal/ui/drumview_cache_background.go:10.48,11.94 1 1
github.com/ingyamilmolinar/beatmo/internal/ui/drumview_cache_background.go:11.94,17.3 5 1
github.com/ingyamilmolinar/beatmo/internal/ui/drumview_cache_background.go:18.2,18.22 1 1
github.com/ingyamilmolinar/beatmo/internal/ui/drumview_cache_background.go:24.38,25.23 1 1
github.com/ingyamilmolinar/beatmo/internal/ui/drumview_cache_background.go:25.23,27.3 1 0
github.com/ingyamilmolinar/beatmo/internal/ui/drumview_cache_background.go:28.2,28.31 1 1
github.com/ingyamilmolinar/beatmo/internal/ui/drumview_cache_background.go:28.31,30.3 1 1
github.com/ingyamilmolinar/beatmo/internal/ui/drumview_cache_background.go:33.2,33.40 1 1
github.com/ingyamilmolinar/beatmo/internal/ui/drumview_cache_background.go:33.40,37.3 2 0
github.com/ingyamilmolinar/beatmo/internal/ui/drumview_cache_background.go:38.2,38.32 1 1
github.com/ingyamilmolinar/beatmo/internal/ui/drumview_cache_background.go:38.32,40.3 1 0
github.com/ingyamilmolinar/beatmo/internal/ui/drumview_cache_background.go:41.2,42.12 2 1
github.com/ingyamilmolinar/beatmo/internal/ui/drumview_cache_background.go:42.12,44.3 1 0
github.com/ingyamilmolinar/beatmo/internal/ui/drumview_cache_background.go:45.2,47.44 2 1
github.com/ingyamilmolinar/beatmo/internal/ui/drumview_cache_background.go:52.38,53.38 1 1
github.com/ingyamilmolinar/beatmo/internal/ui/drumview_cache_background.go:53.38,58.30 5 1
github.com/ingyamilmolinar/beatmo/internal/ui/drumview_cache_background.go:58.30,60.4 1 1
github.com/ingyamilmolinar/beatmo/internal/ui/drumview_cache_background.go:61.3,61.34 1 1
github.com/ingyamilmolinar/beatmo/internal/ui/drumview_cache_background.go:61.34,63.4 1 1
github.com/ingyamilmolinar/beatmo/internal/ui/drumview_cache_background.go:64.3,69.33 6 1
github.com/ingyamilmolinar/beatmo/internal/ui/drumview_cache_background.go:69.33,71.4 1 1
github.com/ingyamilmolinar/beatmo/internal/ui/drumview_cache_background.go:73.2,73.45 1 1
github.com/ingyamilmolinar/beatmo/internal/ui/drumview_cache_background.go:73.45,77.3 3 0
github.com/ingyamilmolinar/beatmo/internal/ui/drumview_cache_background.go:78.2,78.41 1 1
github.com/ingyamilmolinar/beatmo/internal/ui/drumview_cache_background.go:78.41,82.3 3 0
github.com/ingyamilmolinar/beatmo/internal/ui/drumview_cache_background.go:83.2,83.43 1 1
github.com/ingyamilmolinar/beatmo/internal/ui/drumview_cache_background.go:83.43,87.3 3 0
github.com/ingyamilmolinar/beatmo/internal/ui/drumview_cache_background.go:88.2,88.43 1 1
github.com/ingyamilmolinar/beatmo/internal/ui/drumview_cache_background.go:88.43,92.3 3 0
github.com/ingyamilmolinar/beatmo/internal/ui/drumview_cache_background.go:93.2,93.38 1 1
github.com/ingyamilmolinar/beatmo/internal/ui/drumview_cache_background.go:93.38,97.3 3 1
github.com/ingyamilmolinar/beatmo/internal/ui/drumview_cache_background.go:98.2,98.40 1 1
github.com/ingyamilmolinar/beatmo/internal/ui/drumview_cache_background.go:98.40,102.3 3 1
github.com/ingyamilmolinar/beatmo/internal/ui/drumview_cache_background.go:103.2,103.44 1 1
github.com/ingyamilmolinar/beatmo/internal/ui/drumview_cache_background.go:103.44,107.3 3 1
github.com/ingyamilmolinar/beatmo/internal/ui/drumview_cache_background.go:108.2,108.42 1 1
github.com/ingyamilmolinar/beatmo/internal/ui/drumview_cache_background.go:108.42,112.3 3 1
github.com/ingyamilmolinar/beatmo/internal/ui/drumview_cache_background.go:113.2,113.47 1 1
github.com/ingyamilmolinar/beatmo/internal/ui/drumview_cache_background.go:113.47,117.3 3 1
github.com/ingyamilmolinar/beatmo/internal/ui/drumview_cache_background.go:118.2,118.45 1 1
github.com/ingyamilmolinar/beatmo/internal/ui/drumview_cache_background.go:118.45,122.3 3 1
github.com/ingyamilmolinar/beatmo/internal/ui/drumview_cache_background.go:123.2,123.44 1 1
github.com/ingyamilmolinar/beatmo/internal/ui/drumview_cache_background.go:123.44,127.3 3 1
github.com/ingyamilmolinar/beatmo/internal/ui/drumview_cache_background.go:130.49,131.19 1 1
github.com/ingyamilmolinar/beatmo/internal/ui/drumview_cache_background.go:131.19,132.18 1 0
github.com/ingyamilmolinar/beatmo/internal/ui/drumview_cache_background.go:132.18,134.4 1 0
github.com/ingyamilmolinar/beatmo/internal/ui/drumview_cache_background.go:134.9,136.4 1 0
github.com/ingyamilmolinar/beatmo/internal/ui/drumview_cache_background.go:137.3,137.9 1 0
github.com/ingyamilmolinar/beatmo/internal/ui/drumview_cache_background.go:139.2,139.26 1 1
github.com/ingyamilmolinar/beatmo/internal/ui/drumview_cache_background.go:139.26,141.3 1 1
github.com/ingyamilmolinar/beatmo/internal/ui/drumview_cache_background.go:141.8,143.3 1 1
github.com/ingyamilmolinar/beatmo/internal/ui/drumview_cache_background.go:144.2,144.17 1 1
github.com/ingyamilmolinar/beatmo/internal/ui/drumview_cache_background.go:147.73,148.19 1 1
github.com/ingyamilmolinar/beatmo/internal/ui/drumview_cache_background.go:148.19,149.18 1 0
github.com/ingyamilmolinar/beatmo/internal/ui/drumview_cache_background.go:149.18,151.4 1 0
github.com/ingyamilmolinar/beatmo/internal/ui/drumview_cache_background.go:151.9,153.4 1 0
github.com/ingyamilmolinar/beatmo/internal/ui/drumview_cache_background.go:154.3,154.9 1 0
github.com/ingyamilmolinar/beatmo/internal/ui/drumview_cache_background.go:156.2,156.26 1 1
github.com/ingyamilmolinar/beatmo/internal/ui/drumview_cache_background.go:156.26,158.3 1 1
github.com/ingyamilmolinar/beatmo/internal/ui/drumview_cache_background.go:158.8,160.3 1 1
github.com/ingyamilmolinar/beatmo/internal/ui/drumview_cache_background.go:161.2,161.17 1 1
github.com/ingyamilmolinar/beatmo/internal/ui/drumview_cache_background.go:164.44,165.49 1 1
github.com/ingyamilmolinar/beatmo/internal/ui/drumview_cache_background.go:165.49,167.3 1 0
github.com/ingyamilmolinar/beatmo/internal/ui/drumview_cache_background.go:168.2,168.43 1 1
github.com/ingyamilmolinar/beatmo/internal/ui/drumview_cache_background.go:168.43,172.3 3 0
github.com/ingyamilmolinar/beatmo/internal/ui/drumview_cache_background.go:173.2,173.43 1 1
github.com/ingyamilmolinar/beatmo/internal/ui/drumview_cache_background.go:173.43,177.3 3 0
github.com/ingyamilmolinar/beatmo/internal/ui/drumview_cache_background.go:178.2,179.71 2 1
github.com/ingyamilmolinar/beatmo/internal/ui/drumview_cache_dirty.go:7.123,8.36 1 1
github.com/ingyamilmolinar/beatmo/internal/ui/drumview_cache_dirty.go:8.36,10.3 1 0
github.com/ingyamilmolinar/beatmo/internal/ui/drumview_cache_dirty.go:11.2,16.52 6 1
github.com/ingyamilmolinar/beatmo/internal/ui/drumview_cache_dirty.go:19.40,21.29 2 1
github.com/ingyamilmolinar/beatmo/internal/ui/drumview_cache_dirty.go:21.29,23.3 1 1
github.com/ingyamilmolinar/beatmo/internal/ui/drumview_cache_dirty.go:24.2,24.33 1 1
github.com/ingyamilmolinar/beatmo/internal/ui/drumview_cache_dirty.go:24.33,26.3 1 1
github.com/ingyamilmolinar/beatmo/internal/ui/drumview_cache_dirty.go:27.2,27.26 1 1
github.com/ingyamilmolinar/beatmo/internal/ui/drumview_cache_dirty.go:32.42,34.29 2 1
github.com/ingyamilmolinar/beatmo/internal/ui/drumview_cache_dirty.go:34.29,36.3 1 1
github.com/ingyamilmolinar/beatmo/internal/ui/drumview_cache_dirty.go:37.2,37.26 1 1
github.com/ingyamilmolinar/beatmo/internal/ui/drumview_cache_dirty.go:43.46,45.36 2 1
github.com/ingyamilmolinar/beatmo/internal/ui/drumview_cache_dirty.go:45.36,47.3 1 1
github.com/ingyamilmolinar/beatmo/internal/ui/drumview_cache_dirty.go:48.2,48.26 1 1
github.com/ingyamilmolinar/beatmo/internal/ui/drumview_cache_dirty.go:54.41,56.36 2 1
github.com/ingyamilmolinar/beatmo/internal/ui/drumview_cache_dirty.go:56.36,58.31 2 1
github.com/ingyamilmolinar/beatmo/internal/ui/drumview_cache_dirty.go:58.31,60.4 1 1
github.com/ingyamilmolinar/beatmo/internal/ui/drumview_cache_dirty.go:62.2,62.26 1 1
github.com/ingyamilmolinar/beatmo/internal/ui/drumview_cache_dirty.go:67.46,69.36 2 1
github.com/ingyamilmolinar/beatmo/internal/ui/drumview_cache_dirty.go:69.36,71.31 2 1
github.com/ingyamilmolinar/beatmo/internal/ui/drumview_cache_dirty.go:71.31,73.4 1 1
github.com/ingyamilmolinar/beatmo/internal/ui/drumview_cache_dirty.go:75.2,75.26 1 1
github.com/ingyamilmolinar/beatmo/internal/ui/drumview_cache_dirty.go:78.43,83.2 4 1
github.com/ingyamilmolinar/beatmo/internal/ui/drumview_cache_dirty.go:85.49,86.32 1 1
github.com/ingyamilmolinar/beatmo/internal/ui/drumview_cache_dirty.go:86.32,88.3 1 0
github.com/ingyamilmolinar/beatmo/internal/ui/drumview_cache_dirty.go:89.2,89.74 1 1
github.com/ingyamilmolinar/beatmo/internal/ui/drumview_cache_dirty.go:89.74,91.3 1 0
github.com/ingyamilmolinar/beatmo/internal/ui/drumview_cache_dirty.go:92.2,92.42 1 1
github.com/ingyamilmolinar/beatmo/internal/ui/drumview_cache_dirty.go:92.42,94.3 1 0
github.com/ingyamilmolinar/beatmo/internal/ui/drumview_cache_dirty.go:95.2,95.20 1 1
github.com/ingyamilmolinar/beatmo/internal/ui/drumview_cache_dirty.go:95.20,97.3 1 1
github.com/ingyamilmolinar/beatmo/internal/ui/drumview_cache_dirty.go:98.2,98.52 1 1
github.com/ingyamilmolinar/beatmo/internal/ui/drumview_cache_dirty.go:98.52,100.3 1 0
github.com/ingyamilmolinar/beatmo/internal/ui/drumview_cache_dirty.go:101.2,101.76 1 1
github.com/ingyamilmolinar/beatmo/internal/ui/drumview_cache_dirty.go:101.76,103.3 1 0
github.com/ingyamilmolinar/beatmo/internal/ui/drumview_cache_dirty.go:104.2,104.33 1 1
github.com/ingyamilmolinar/beatmo/internal/ui/drumview_cache_dirty.go:104.33,106.3 1 0
github.com/ingyamilmolinar/beatmo/internal/ui/drumview_cache_dirty.go:107.2,107.27 1 1
github.com/ingyamilmolinar/beatmo/internal/ui/drumview_cache_dirty.go:107.27,109.3 1 0
github.com/ingyamilmolinar/beatmo/internal/ui/drumview_cache_dirty.go:110.2,110.14 1 1
github.com/ingyamilmolinar/beatmo/internal/ui/drumview_cache_row_sprite.go:20.47,21.32 1 1
github.com/ingyamilmolinar/beatmo/internal/ui/drumview_cache_row_sprite.go:21.32,23.3 1 0
github.com/ingyamilmolinar/beatmo/internal/ui/drumview_cache_row_sprite.go:24.2,26.22 3 1
github.com/ingyamilmolinar/beatmo/internal/ui/drumview_cache_row_sprite.go:26.22,28.3 1 0
github.com/ingyamilmolinar/beatmo/internal/ui/drumview_cache_row_sprite.go:29.2,30.11 2 1
github.com/ingyamilmolinar/beatmo/internal/ui/drumview_cache_row_sprite.go:30.11,35.30 5 0
github.com/ingyamilmolinar/beatmo/internal/ui/drumview_cache_row_sprite.go:35.30,37.4 1 0
github.com/ingyamilmolinar/beatmo/internal/ui/drumview_cache_row_sprite.go:38.3,39.24 2 0
github.com/ingyamilmolinar/beatmo/internal/ui/drumview_cache_row_sprite.go:41.2,42.40 2 1
github.com/ingyamilmolinar/beatmo/internal/ui/drumview_cache_row_sprite.go:42.40,44.3 1 1
github.com/ingyamilmolinar/beatmo/internal/ui/drumview_cache_row_sprite.go:45.2,45.22 1 1
github.com/ingyamilmolinar/beatmo/internal/ui/drumview_cache_row_sprite.go:45.22,47.3 1 0
github.com/ingyamilmolinar/beatmo/internal/ui/drumview_cache_row_sprite.go:49.2,49.108 1 1
github.com/ingyamilmolinar/beatmo/internal/ui/drumview_cache_row_sprite.go:49.108,52.55 2 1
github.com/ingyamilmolinar/beatmo/internal/ui/drumview_cache_row_sprite.go:52.55,54.36 1 1
github.com/ingyamilmolinar/beatmo/internal/ui/drumview_cache_row_sprite.go:54.36,58.5 3 0
github.com/ingyamilmolinar/beatmo/internal/ui/drumview_cache_row_sprite.go:59.4,59.124 1 1
github.com/ingyamilmolinar/beatmo/internal/ui/drumview_cache_row_sprite.go:59.124,61.5 1 1
github.com/ingyamilmolinar/beatmo/internal/ui/drumview_cache_row_sprite.go:61.10,63.5 1 0
github.com/ingyamilmolinar/beatmo/internal/ui/drumview_cache_row_sprite.go:64.4,71.16 7 1
github.com/ingyamilmolinar/beatmo/internal/ui/drumview_cache_row_sprite.go:71.16,73.5 1 1
github.com/ingyamilmolinar/beatmo/internal/ui/drumview_cache_row_sprite.go:73.10,75.5 1 0
github.com/ingyamilmolinar/beatmo/internal/ui/drumview_cache_row_sprite.go:77.4,79.18 3 1
github.com/ingyamilmolinar/beatmo/internal/ui/drumview_cache_row_sprite.go:79.18,81.5 1 0
github.com/ingyamilmolinar/beatmo/internal/ui/drumview_cache_row_sprite.go:82.4,82.16 1 1
github.com/ingyamilmolinar/beatmo/internal/ui/drumview_cache_row_sprite.go:82.16,84.5 1 0
github.com/ingyamilmolinar/beatmo/internal/ui/drumview_cache_row_sprite.go:85.4,85.21 1 1
github.com/ingyamilmolinar/beatmo/internal/ui/drumview_cache_row_sprite.go:85.21,87.5 1 0
github.com/ingyamilmolinar/beatmo/internal/ui/drumview_cache_row_sprite.go:88.4,88.37 1 1
github.com/ingyamilmolinar/beatmo/internal/ui/drumview_cache_row_sprite.go:88.37,88.100 1 1
github.com/ingyamilmolinar/beatmo/internal/ui/drumview_cache_row_sprite.go:89.4,90.35 2 1
github.com/ingyamilmolinar/beatmo/internal/ui/drumview_cache_row_sprite.go:90.35,94.17 4 1
github.com/ingyamilmolinar/beatmo/internal/ui/drumview_cache_row_sprite.go:94.17,96.6 1 0
github.com/ingyamilmolinar/beatmo/internal/ui/drumview_cache_row_sprite.go:97.5,97.33 1 1
github.com/ingyamilmolinar/beatmo/internal/ui/drumview_cache_row_sprite.go:97.33,98.14 1 0
github.com/ingyamilmolinar/beatmo/internal/ui/drumview_cache_row_sprite.go:100.5,102.38 3 1
github.com/ingyamilmolinar/beatmo/internal/ui/drumview_cache_row_sprite.go:102.38,104.6 1 1
github.com/ingyamilmolinar/beatmo/internal/ui/drumview_cache_row_sprite.go:105.5,106.39 2 1
github.com/ingyamilmolinar/beatmo/internal/ui/drumview_cache_row_sprite.go:106.39,108.6 1 0
github.com/ingyamilmolinar/beatmo/internal/ui/drumview_cache_row_sprite.go:109.5,109.54 1 1
github.com/ingyamilmolinar/beatmo/internal/ui/drumview_cache_row_sprite.go:111.4,115.31 5 1
github.com/ingyamilmolinar/beatmo/internal/ui/drumview_cache_row_sprite.go:115.31,117.5 1 1
github.com/ingyamilmolinar/beatmo/internal/ui/drumview_cache_row_sprite.go:118.4,121.25 3 1
github.com/ingyamilmolinar/beatmo/internal/ui/drumview_cache_row_sprite.go:125.2,125.129 1 1
github.com/ingyamilmolinar/beatmo/internal/ui/drumview_cache_row_sprite.go:125.129,126.71 1 1
github.com/ingyamilmolinar/beatmo/internal/ui/drumview_cache_row_sprite.go:126.71,129.50 3 1
github.com/ingyamilmolinar/beatmo/internal/ui/drumview_cache_row_sprite.go:129.50,131.28 2 1
github.com/ingyamilmolinar/beatmo/internal/ui/drumview_cache_row_sprite.go:131.28,134.39 3 1
github.com/ingyamilmolinar/beatmo/internal/ui/drumview_cache_row_sprite.go:134.39,136.7 1 1
github.com/ingyamilmolinar/beatmo/internal/ui/drumview_cache_row_sprite.go:137.6,137.53 1 1
github.com/ingyamilmolinar/beatmo/internal/ui/drumview_cache_row_sprite.go:137.53,139.7 1 1
github.com/ingyamilmolinar/beatmo/internal/ui/drumview_cache_row_sprite.go:141.5,141.17 1 1
github.com/ingyamilmolinar/beatmo/internal/ui/drumview_cache_row_sprite.go:141.17,143.39 2 1
github.com/ingyamilmolinar/beatmo/internal/ui/drumview_cache_row_sprite.go:143.39,143.102 1 1
github.com/ingyamilmolinar/beatmo/internal/ui/drumview_cache_row_sprite.go:144.6,144.29 1 1
github.com/ingyamilmolinar/beatmo/internal/ui/drumview_cache_row_sprite.go:144.29,147.40 3 1
github.com/ingyamilmolinar/beatmo/internal/ui/drumview_cache_row_sprite.go:147.40,149.8 1 1
github.com/ingyamilmolinar/beatmo/internal/ui/drumview_cache_row_sprite.go:150.7,150.54 1 1
github.com/ingyamilmolinar/beatmo/internal/ui/drumview_cache_row_sprite.go:150.54,151.16 1 1
github.com/ingyamilmolinar/beatmo/internal/ui/drumview_cache_row_sprite.go:153.7,155.19 3 1
github.com/ingyamilmolinar/beatmo/internal/ui/drumview_cache_row_sprite.go:155.19,157.8 1 0
github.com/ingyamilmolinar/beatmo/internal/ui/drumview_cache_row_sprite.go:158.7,160.36 3 1
github.com/ingyamilmolinar/beatmo/internal/ui/drumview_cache_row_sprite.go:160.36,162.8 1 0
github.com/ingyamilmolinar/beatmo/internal/ui/drumview_cache_row_sprite.go:163.7,163.66 1 1
github.com/ingyamilmolinar/beatmo/internal/ui/drumview_cache_row_sprite.go:165.6,168.33 4 1
github.com/ingyamilmolinar/beatmo/internal/ui/drumview_cache_row_sprite.go:168.33,170.7 1 1
github.com/ingyamilmolinar/beatmo/internal/ui/drumview_cache_row_sprite.go:171.6,173.28 3 1
github.com/ingyamilmolinar/beatmo/internal/ui/drumview_cache_row_sprite.go:178.2,179.69 2 1
github.com/ingyamilmolinar/beatmo/internal/ui/drumview_cache_row_sprite.go:179.69,182.3 2 1
github.com/ingyamilmolinar/beatmo/internal/ui/drumview_cache_row_sprite.go:182.8,184.3 1 1
github.com/ingyamilmolinar/beatmo/internal/ui/drumview_cache_row_sprite.go:186.2,186.14 1 1
github.com/ingyamilmolinar/beatmo/internal/ui/drumview_cache_row_sprite.go:186.14,188.3 1 1
github.com/ingyamilmolinar/beatmo/internal/ui/drumview_cache_row_sprite.go:188.8,190.3 1 1
github.com/ingyamilmolinar/beatmo/internal/ui/drumview_cache_row_sprite.go:191.2,191.12 1 1
github.com/ingyamilmolinar/beatmo/internal/ui/drumview_cache_row_sprite.go:191.12,194.36 2 1
github.com/ingyamilmolinar/beatmo/internal/ui/drumview_cache_row_sprite.go:194.36,194.99 1 1
github.com/ingyamilmolinar/beatmo/internal/ui/drumview_cache_row_sprite.go:195.3,195.26 1 1
github.com/ingyamilmolinar/beatmo/internal/ui/drumview_cache_row_sprite.go:195.26,199.16 4 1
github.com/ingyamilmolinar/beatmo/internal/ui/drumview_cache_row_sprite.go:199.16,201.5 1 0
github.com/ingyamilmolinar/beatmo/internal/ui/drumview_cache_row_sprite.go:202.4,204.37 3 1
github.com/ingyamilmolinar/beatmo/internal/ui/drumview_cache_row_sprite.go:204.37,206.5 1 1
github.com/ingyamilmolinar/beatmo/internal/ui/drumview_cache_row_sprite.go:207.4,208.38 2 1
github.com/ingyamilmolinar/beatmo/internal/ui/drumview_cache_row_sprite.go:208.38,210.5 1 1
github.com/ingyamilmolinar/beatmo/internal/ui/drumview_cache_row_sprite.go:211.4,211.50 1 1
github.com/ingyamilmolinar/beatmo/internal/ui/drumview_cache_row_sprite.go:217.2,217.20 1 1
github.com/ingyamilmolinar/beatmo/internal/ui/drumview_cache_row_sprite.go:217.20,219.15 2 1
github.com/ingyamilmolinar/beatmo/internal/ui/drumview_cache_row_sprite.go:219.15,221.4 1 0
github.com/ingyamilmolinar/beatmo/internal/ui/drumview_cache_row_sprite.go:222.3,223.33 2 1
github.com/ingyamilmolinar/beatmo/internal/ui/drumview_cache_row_sprite.go:223.33,225.18 2 1
github.com/ingyamilmolinar/beatmo/internal/ui/drumview_cache_row_sprite.go:225.18,228.5 2 1
github.com/ingyamilmolinar/beatmo/internal/ui/drumview_cache_row_sprite.go:231.2,235.29 5 1
github.com/ingyamilmolinar/beatmo/internal/ui/drumview_cache_row_sprite.go:235.29,237.3 1 1
github.com/ingyamilmolinar/beatmo/internal/ui/drumview_cache_row_sprite.go:238.2,238.29 1 1
github.com/ingyamilmolinar/beatmo/internal/ui/drumview_cache_row_sprite.go:238.29,240.3 1 1
github.com/ingyamilmolinar/beatmo/internal/ui/drumview_cache_row_sprite.go:241.2,242.26 2 1
github.com/ingyamilmolinar/beatmo/internal/ui/drumview_cache_row_sprite.go:242.26,244.3 1 1
github.com/ingyamilmolinar/beatmo/internal/ui/drumview_cache_row_sprite.go:245.2,245.28 1 1
github.com/ingyamilmolinar/beatmo/internal/ui/drumview_cache_row_sprite.go:245.28,247.3 1 1
github.com/ingyamilmolinar/beatmo/internal/ui/drumview_cache_row_sprite.go:248.2,249.23 2 1
github.com/ingyamilmolinar/beatmo/internal/ui/drumview_cache_row_sprite.go:255.49,256.64 1 1
github.com/ingyamilmolinar/beatmo/internal/ui/drumview_cache_row_sprite.go:256.64,258.3 1 0
github.com/ingyamilmolinar/beatmo/internal/ui/drumview_cache_row_sprite.go:259.2,259.54 1 1
github.com/ingyamilmolinar/beatmo/internal/ui/drumview_cache_row_sprite.go:259.54,261.3 1 0
github.com/ingyamilmolinar/beatmo/internal/ui/drumview_cache_row_sprite.go:263.2,264.49 2 1
github.com/ingyamilmolinar/beatmo/internal/ui/drumview_cache_row_sprite.go:264.49,266.3 1 0
github.com/ingyamilmolinar/beatmo/internal/ui/drumview_cache_row_sprite.go:268.2,269.36 2 1
github.com/ingyamilmolinar/beatmo/internal/ui/drumview_cache_row_sprite.go:269.36,271.3 1 0
github.com/ingyamilmolinar/beatmo/internal/ui/drumview_cache_row_sprite.go:272.2,272.17 1 1
github.com/ingyamilmolinar/beatmo/internal/ui/drumview_cache_row_sprite.go:272.17,274.3 1 0
github.com/ingyamilmolinar/beatmo/internal/ui/drumview_cache_row_sprite.go:276.2,276.41 1 1
github.com/ingyamilmolinar/beatmo/internal/ui/drumview_cache_row_sprite.go:276.41,277.56 1 1
github.com/ingyamilmolinar/beatmo/internal/ui/drumview_cache_row_sprite.go:277.56,279.18 2 0
github.com/ingyamilmolinar/beatmo/internal/ui/drumview_cache_row_sprite.go:279.18,281.5 1 0
github.com/ingyamilmolinar/beatmo/internal/ui/drumview_cache_row_sprite.go:282.4,282.48 1 0
github.com/ingyamilmolinar/beatmo/internal/ui/drumview_cache_row_sprite.go:282.48,284.19 2 0
github.com/ingyamilmolinar/beatmo/internal/ui/drumview_cache_row_sprite.go:284.19,285.14 1 0
github.com/ingyamilmolinar/beatmo/internal/ui/drumview_cache_row_sprite.go:287.5,289.39 3 0
github.com/ingyamilmolinar/beatmo/internal/ui/drumview_cache_row_sprite.go:289.39,292.62 3 0
github.com/ingyamilmolinar/beatmo/internal/ui/drumview_cache_row_sprite.go:292.62,295.7 2 0
github.com/ingyamilmolinar/beatmo/internal/ui/drumview_cache_row_sprite.go:298.4,298.12 1 0
github.com/ingyamilmolinar/beatmo/internal/ui/drumview_cache_row_sprite.go:300.3,300.26 1 1
github.com/ingyamilmolinar/beatmo/internal/ui/drumview_cache_row_sprite.go:300.26,303.70 3 1
github.com/ingyamilmolinar/beatmo/internal/ui/drumview_cache_row_sprite.go:303.70,306.5 2 1
github.com/ingyamilmolinar/beatmo/internal/ui/drumview_cache_row_sprite.go:308.3,308.11 1 0
github.com/ingyamilmolinar/beatmo/internal/ui/drumview_cache_row_sprite.go:310.2,310.31 1 1
github.com/ingyamilmolinar/beatmo/internal/ui/drumview_cache_row_sprite.go:310.31,313.26 2 1
github.com/ingyamilmolinar/beatmo/internal/ui/drumview_cache_row_sprite.go:313.26,315.4 1 1
github.com/ingyamilmolinar/beatmo/internal/ui/drumview_cache_row_sprite.go:317.2,317.14 1 0
github.com/ingyamilmolinar/beatmo/internal/ui/drumview_cache_rows_layer.go:13.45,16.22 3 1
github.com/ingyamilmolinar/beatmo/internal/ui/drumview_cache_rows_layer.go:16.22,18.3 1 0
github.com/ingyamilmolinar/beatmo/internal/ui/drumview_cache_rows_layer.go:19.2,26.35 8 1
github.com/ingyamilmolinar/beatmo/internal/ui/drumview_cache_rows_layer.go:26.35,28.3 1 1
github.com/ingyamilmolinar/beatmo/internal/ui/drumview_cache_rows_layer.go:32.2,32.30 1 1
github.com/ingyamilmolinar/beatmo/internal/ui/drumview_cache_rows_layer.go:32.30,33.48 1 0
github.com/ingyamilmolinar/beatmo/internal/ui/drumview_cache_rows_layer.go:33.48,34.25 1 0
github.com/ingyamilmolinar/beatmo/internal/ui/drumview_cache_rows_layer.go:34.25,36.36 2 0
github.com/ingyamilmolinar/beatmo/internal/ui/drumview_cache_rows_layer.go:36.36,40.21 3 0
github.com/ingyamilmolinar/beatmo/internal/ui/drumview_cache_rows_layer.go:40.21,42.7 1 0
github.com/ingyamilmolinar/beatmo/internal/ui/drumview_cache_rows_layer.go:43.6,43.33 1 0
github.com/ingyamilmolinar/beatmo/internal/ui/drumview_cache_rows_layer.go:43.33,46.7 2 0
github.com/ingyamilmolinar/beatmo/internal/ui/drumview_cache_rows_layer.go:47.6,48.36 2 0
github.com/ingyamilmolinar/beatmo/internal/ui/drumview_cache_rows_layer.go:50.10,53.95 2 0
github.com/ingyamilmolinar/beatmo/internal/ui/drumview_cache_rows_layer.go:53.95,55.51 2 0
github.com/ingyamilmolinar/beatmo/internal/ui/drumview_cache_rows_layer.go:55.51,57.7 1 0
github.com/ingyamilmolinar/beatmo/internal/ui/drumview_cache_rows_layer.go:58.6,59.36 2 0
github.com/ingyamilmolinar/beatmo/internal/ui/drumview_cache_rows_layer.go:66.2,72.71 6 1
github.com/ingyamilmolinar/beatmo/internal/ui/drumview_cache_rows_layer.go:72.71,73.28 1 1
github.com/ingyamilmolinar/beatmo/internal/ui/drumview_cache_rows_layer.go:73.28,75.28 2 1
github.com/ingyamilmolinar/beatmo/internal/ui/drumview_cache_rows_layer.go:75.28,77.5 1 1
github.com/ingyamilmolinar/beatmo/internal/ui/drumview_cache_rows_layer.go:78.4,78.32 1 1
github.com/ingyamilmolinar/beatmo/internal/ui/drumview_cache_rows_layer.go:78.32,80.5 1 1
github.com/ingyamilmolinar/beatmo/internal/ui/drumview_cache_rows_layer.go:81.4,82.31 2 1
github.com/ingyamilmolinar/beatmo/internal/ui/drumview_cache_rows_layer.go:82.31,84.5 1 1
github.com/ingyamilmolinar/beatmo/internal/ui/drumview_cache_rows_layer.go:90.2,90.81 1 1
github.com/ingyamilmolinar/beatmo/internal/ui/drumview_cache_rows_layer.go:90.81,91.72 1 0
github.com/ingyamilmolinar/beatmo/internal/ui/drumview_cache_rows_layer.go:91.72,92.63 1 0
github.com/ingyamilmolinar/beatmo/internal/ui/drumview_cache_rows_layer.go:92.63,93.13 1 0
github.com/ingyamilmolinar/beatmo/internal/ui/drumview_cache_rows_layer.go:95.4,98.47 4 0
github.com/ingyamilmolinar/beatmo/internal/ui/drumview_cache_rows_layer.go:100.3,104.9 5 0
github.com/ingyamilmolinar/beatmo/internal/ui/drumview_cache_rows_layer.go:106.2,106.31 1 1
github.com/ingyamilmolinar/beatmo/internal/ui/drumview_cache_rows_layer.go:106.31,108.3 1 1
github.com/ingyamilmolinar/beatmo/internal/ui/drumview_cache_rows_layer.go:109.2,109.30 1 1
github.com/ingyamilmolinar/beatmo/internal/ui/drumview_cache_rows_layer.go:109.30,110.23 1 1
github.com/ingyamilmolinar/beatmo/internal/ui/drumview_cache_rows_layer.go:110.23,113.4 2 0
github.com/ingyamilmolinar/beatmo/internal/ui/drumview_cache_rows_layer.go:114.3,114.9 1 1
github.com/ingyamilmolinar/beatmo/internal/ui/drumview_cache_rows_layer.go:116.2,116.16 1 1
github.com/ingyamilmolinar/beatmo/internal/ui/drumview_cache_rows_layer.go:116.16,117.117 1 1
github.com/ingyamilmolinar/beatmo/internal/ui/drumview_cache_rows_layer.go:117.117,119.4 1 1
github.com/ingyamilmolinar/beatmo/internal/ui/drumview_cache_rows_layer.go:119.9,121.4 1 0
github.com/ingyamilmolinar/beatmo/internal/ui/drumview_cache_rows_layer.go:122.3,128.15 7 1
github.com/ingyamilmolinar/beatmo/internal/ui/drumview_cache_rows_layer.go:128.15,130.4 1 1
github.com/ingyamilmolinar/beatmo/internal/ui/drumview_cache_rows_layer.go:130.9,132.4 1 0
github.com/ingyamilmolinar/beatmo/internal/ui/drumview_cache_rows_layer.go:133.3,133.24 1 1
github.com/ingyamilmolinar/beatmo/internal/ui/drumview_cache_rows_layer.go:133.24,135.4 1 0
github.com/ingyamilmolinar/beatmo/internal/ui/drumview_cache_rows_layer.go:136.3,136.31 1 1
github.com/ingyamilmolinar/beatmo/internal/ui/drumview_cache_rows_layer.go:136.31,138.4 1 0
github.com/ingyamilmolinar/beatmo/internal/ui/drumview_cache_rows_layer.go:139.3,139.26 1 1
github.com/ingyamilmolinar/beatmo/internal/ui/drumview_cache_rows_layer.go:139.26,142.73 3 1
github.com/ingyamilmolinar/beatmo/internal/ui/drumview_cache_rows_layer.go:142.73,143.64 1 1
github.com/ingyamilmolinar/beatmo/internal/ui/drumview_cache_rows_layer.go:143.64,144.14 1 0
github.com/ingyamilmolinar/beatmo/internal/ui/drumview_cache_rows_layer.go:146.5,148.19 3 1
github.com/ingyamilmolinar/beatmo/internal/ui/drumview_cache_rows_layer.go:148.19,150.6 1 0
github.com/ingyamilmolinar/beatmo/internal/ui/drumview_cache_rows_layer.go:151.5,153.23 3 1
github.com/ingyamilmolinar/beatmo/internal/ui/drumview_cache_rows_layer.go:153.23,155.6 1 0
github.com/ingyamilmolinar/beatmo/internal/ui/drumview_cache_rows_layer.go:156.5,156.25 1 1
github.com/ingyamilmolinar/beatmo/internal/ui/drumview_cache_rows_layer.go:156.25,158.6 1 0
github.com/ingyamilmolinar/beatmo/internal/ui/drumview_cache_rows_layer.go:159.5,159.31 1 1
github.com/ingyamilmolinar/beatmo/internal/ui/drumview_cache_rows_layer.go:159.31,160.14 1 0
github.com/ingyamilmolinar/beatmo/internal/ui/drumview_cache_rows_layer.go:162.5,169.38 8 1
github.com/ingyamilmolinar/beatmo/internal/ui/drumview_cache_rows_layer.go:169.38,171.18 2 0
github.com/ingyamilmolinar/beatmo/internal/ui/drumview_cache_rows_layer.go:171.18,173.7 1 0
github.com/ingyamilmolinar/beatmo/internal/ui/drumview_cache_rows_layer.go:174.6,176.40 3 0
github.com/ingyamilmolinar/beatmo/internal/ui/drumview_cache_rows_layer.go:176.40,178.40 2 0
github.com/ingyamilmolinar/beatmo/internal/ui/drumview_cache_rows_layer.go:178.40,179.16 1 0
github.com/ingyamilmolinar/beatmo/internal/ui/drumview_cache_rows_layer.go:181.7,181.21 1 0
github.com/ingyamilmolinar/beatmo/internal/ui/drumview_cache_rows_layer.go:181.21,184.8 2 0
github.com/ingyamilmolinar/beatmo/internal/ui/drumview_cache_rows_layer.go:189.3,197.9 9 1
github.com/ingyamilmolinar/beatmo/internal/ui/drumview_cache_rows_layer.go:199.2,200.69 2 1
github.com/ingyamilmolinar/beatmo/internal/ui/drumview_cache_rows_layer.go:200.69,203.3 2 1
github.com/ingyamilmolinar/beatmo/internal/ui/drumview_cache_rows_layer.go:203.8,205.3 1 1
github.com/ingyamilmolinar/beatmo/internal/ui/drumview_cache_rows_layer.go:207.2,207.71 1 1
github.com/ingyamilmolinar/beatmo/internal/ui/drumview_cache_rows_layer.go:207.71,208.62 1 1
github.com/ingyamilmolinar/beatmo/internal/ui/drumview_cache_rows_layer.go:208.62,209.12 1 0
github.com/ingyamilmolinar/beatmo/internal/ui/drumview_cache_rows_layer.go:211.3,218.36 8 1
github.com/ingyamilmolinar/beatmo/internal/ui/drumview_cache_rows_layer.go:218.36,220.16 2 1
github.com/ingyamilmolinar/beatmo/internal/ui/drumview_cache_rows_layer.go:220.16,222.5 1 0
github.com/ingyamilmolinar/beatmo/internal/ui/drumview_cache_rows_layer.go:223.4,225.38 3 1
github.com/ingyamilmolinar/beatmo/internal/ui/drumview_cache_rows_layer.go:225.38,227.19 2 1
github.com/ingyamilmolinar/beatmo/internal/ui/drumview_cache_rows_layer.go:227.19,230.6 2 1
github.com/ingyamilmolinar/beatmo/internal/ui/drumview_cache_rows_layer.go:234.2,241.30 8 1
github.com/ingyamilmolinar/beatmo/internal/ui/drumview_cache_rows_stripes.go:14.52,15.29 1 1
github.com/ingyamilmolinar/beatmo/internal/ui/drumview_cache_rows_stripes.go:15.29,17.3 1 0
github.com/ingyamilmolinar/beatmo/internal/ui/drumview_cache_rows_stripes.go:18.2,18.30 1 1
github.com/ingyamilmolinar/beatmo/internal/ui/drumview_cache_rows_stripes.go:18.30,20.3 1 1
github.com/ingyamilmolinar/beatmo/internal/ui/drumview_cache_rows_stripes.go:21.2,23.22 3 0
github.com/ingyamilmolinar/beatmo/internal/ui/drumview_cache_rows_stripes.go:23.22,25.3 1 0
github.com/ingyamilmolinar/beatmo/internal/ui/drumview_cache_rows_stripes.go:28.2,31.71 2 0
github.com/ingyamilmolinar/beatmo/internal/ui/drumview_cache_rows_stripes.go:31.71,34.29 2 0
github.com/ingyamilmolinar/beatmo/internal/ui/drumview_cache_rows_stripes.go:34.29,35.121 1 0
github.com/ingyamilmolinar/beatmo/internal/ui/drumview_cache_rows_stripes.go:35.121,37.10 2 0
github.com/ingyamilmolinar/beatmo/internal/ui/drumview_cache_rows_stripes.go:40.3,40.12 1 0
github.com/ingyamilmolinar/beatmo/internal/ui/drumview_cache_rows_stripes.go:40.12,43.4 2 0
github.com/ingyamilmolinar/beatmo/internal/ui/drumview_cache_rows_stripes.go:46.2,49.37 4 0
github.com/ingyamilmolinar/beatmo/internal/ui/drumview_cache_rows_stripes.go:49.37,51.3 1 0
github.com/ingyamilmolinar/beatmo/internal/ui/drumview_cache_rows_stripes.go:54.2,54.35 1 0
github.com/ingyamilmolinar/beatmo/internal/ui/drumview_cache_rows_stripes.go:54.35,56.3 1 0
github.com/ingyamilmolinar/beatmo/internal/ui/drumview_cache_rows_stripes.go:58.2,59.42 2 0
github.com/ingyamilmolinar/beatmo/internal/ui/drumview_cache_rows_stripes.go:59.42,61.22 2 0
github.com/ingyamilmolinar/beatmo/internal/ui/drumview_cache_rows_stripes.go:61.22,63.4 1 0
github.com/ingyamilmolinar/beatmo/internal/ui/drumview_cache_rows_stripes.go:64.3,64.39 1 0
github.com/ingyamilmolinar/beatmo/internal/ui/drumview_cache_rows_stripes.go:64.39,66.4 1 0
github.com/ingyamilmolinar/beatmo/internal/ui/drumview_cache_rows_stripes.go:68.2,68.38 1 0
github.com/ingyamilmolinar/beatmo/internal/ui/drumview_cache_rows_stripes.go:68.38,70.3 1 0
github.com/ingyamilmolinar/beatmo/internal/ui/drumview_cache_rows_stripes.go:71.2,71.21 1 0
github.com/ingyamilmolinar/beatmo/internal/ui/drumview_cache_rows_stripes.go:71.21,73.3 1 0
github.com/ingyamilmolinar/beatmo/internal/ui/drumview_cache_rows_stripes.go:74.2,74.39 1 0
github.com/ingyamilmolinar/beatmo/internal/ui/drumview_cache_rows_stripes.go:74.39,82.3 7 0
github.com/ingyamilmolinar/beatmo/internal/ui/drumview_cache_rows_stripes.go:84.2,86.71 3 0
github.com/ingyamilmolinar/beatmo/internal/ui/drumview_cache_rows_stripes.go:86.71,87.12 1 0
github.com/ingyamilmolinar/beatmo/internal/ui/drumview_cache_rows_stripes.go:87.12,88.12 1 0
github.com/ingyamilmolinar/beatmo/internal/ui/drumview_cache_rows_stripes.go:90.3,90.28 1 0
github.com/ingyamilmolinar/beatmo/internal/ui/drumview_cache_rows_stripes.go:90.28,92.28 2 0
github.com/ingyamilmolinar/beatmo/internal/ui/drumview_cache_rows_stripes.go:92.28,94.5 1 0
github.com/ingyamilmolinar/beatmo/internal/ui/drumview_cache_rows_stripes.go:95.4,95.32 1 0
github.com/ingyamilmolinar/beatmo/internal/ui/drumview_cache_rows_stripes.go:95.32,97.5 1 0
github.com/ingyamilmolinar/beatmo/internal/ui/drumview_cache_rows_stripes.go:101.2,102.30 2 0
github.com/ingyamilmolinar/beatmo/internal/ui/drumview_cache_rows_stripes.go:102.30,108.3 5 0
github.com/ingyamilmolinar/beatmo/internal/ui/drumview_cache_rows_stripes.go:109.2,109.36 1 0
github.com/ingyamilmolinar/beatmo/internal/ui/drumview_cache_rows_stripes.go:109.36,111.3 1 0
github.com/ingyamilmolinar/beatmo/internal/ui/drumview_cache_rows_stripes.go:113.2,116.25 4 0
github.com/ingyamilmolinar/beatmo/internal/ui/drumview_cache_rows_stripes.go:116.25,118.14 2 0
github.com/ingyamilmolinar/beatmo/internal/ui/drumview_cache_rows_stripes.go:118.14,120.4 1 0
github.com/ingyamilmolinar/beatmo/internal/ui/drumview_cache_rows_stripes.go:121.3,123.17 3 0
github.com/ingyamilmolinar/beatmo/internal/ui/drumview_cache_rows_stripes.go:127.2,129.18 3 0
github.com/ingyamilmolinar/beatmo/internal/ui/drumview_cache_rows_stripes.go:129.18,131.3 1 0
github.com/ingyamilmolinar/beatmo/internal/ui/drumview_cache_rows_stripes.go:134.2,136.34 3 0
github.com/ingyamilmolinar/beatmo/internal/ui/drumview_cache_rows_stripes.go:136.34,138.41 2 0
github.com/ingyamilmolinar/beatmo/internal/ui/drumview_cache_rows_stripes.go:138.41,139.18 1 0
github.com/ingyamilmolinar/beatmo/internal/ui/drumview_cache_rows_stripes.go:139.18,141.5 1 0
github.com/ingyamilmolinar/beatmo/internal/ui/drumview_cache_rows_stripes.go:143.3,143.21 1 0
github.com/ingyamilmolinar/beatmo/internal/ui/drumview_cache_rows_stripes.go:143.21,145.4 1 0
github.com/ingyamilmolinar/beatmo/internal/ui/drumview_cache_rows_stripes.go:150.2,150.85 1 0
github.com/ingyamilmolinar/beatmo/internal/ui/drumview_cache_rows_stripes.go:150.85,152.38 2 0
github.com/ingyamilmolinar/beatmo/internal/ui/drumview_cache_rows_stripes.go:152.38,155.35 1 0
github.com/ingyamilmolinar/beatmo/internal/ui/drumview_cache_rows_stripes.go:155.35,157.5 1 0
github.com/ingyamilmolinar/beatmo/internal/ui/drumview_cache_rows_stripes.go:159.3,159.12 1 0
github.com/ingyamilmolinar/beatmo/internal/ui/drumview_cache_rows_stripes.go:159.12,164.4 4 0
github.com/ingyamilmolinar/beatmo/internal/ui/drumview_cache_rows_stripes.go:167.2,171.76 3 0
github.com/ingyamilmolinar/beatmo/internal/ui/drumview_cache_rows_stripes.go:171.76,172.17 1 0
github.com/ingyamilmolinar/beatmo/internal/ui/drumview_cache_rows_stripes.go:172.17,175.82 1 0
github.com/ingyamilmolinar/beatmo/internal/ui/drumview_cache_rows_stripes.go:175.82,177.5 1 0
github.com/ingyamilmolinar/beatmo/internal/ui/drumview_cache_rows_stripes.go:179.4,180.44 2 0
github.com/ingyamilmolinar/beatmo/internal/ui/drumview_cache_rows_stripes.go:180.44,182.5 1 0
github.com/ingyamilmolinar/beatmo/internal/ui/drumview_cache_rows_stripes.go:184.3,184.17 1 0
github.com/ingyamilmolinar/beatmo/internal/ui/drumview_cache_rows_stripes.go:184.17,186.4 1 0
github.com/ingyamilmolinar/beatmo/internal/ui/drumview_cache_rows_stripes.go:188.3,188.62 1 0
github.com/ingyamilmolinar/beatmo/internal/ui/drumview_cache_rows_stripes.go:188.62,191.4 2 0
github.com/ingyamilmolinar/beatmo/internal/ui/drumview_cache_rows_stripes.go:192.3,192.13 1 0
github.com/ingyamilmolinar/beatmo/internal/ui/drumview_cache_rows_stripes.go:194.2,194.28 1 0
github.com/ingyamilmolinar/beatmo/internal/ui/drumview_cache_rows_stripes.go:194.28,196.14 2 0
github.com/ingyamilmolinar/beatmo/internal/ui/drumview_cache_rows_stripes.go:196.14,197.12 1 0
github.com/ingyamilmolinar/beatmo/internal/ui/drumview_cache_rows_stripes.go:199.3,203.15 5 0
github.com/ingyamilmolinar/beatmo/internal/ui/drumview_cache_rows_stripes.go:203.15,205.4 1 0
github.com/ingyamilmolinar/beatmo/internal/ui/drumview_cache_rows_stripes.go:207.3,209.17 2 0
github.com/ingyamilmolinar/beatmo/internal/ui/drumview_cache_rows_stripes.go:209.17,212.19 3 0
github.com/ingyamilmolinar/beatmo/internal/ui/drumview_cache_rows_stripes.go:212.19,217.5 4 0
github.com/ingyamilmolinar/beatmo/internal/ui/drumview_cache_rows_stripes.go:218.4,220.16 3 0
github.com/ingyamilmolinar/beatmo/internal/ui/drumview_cache_rows_stripes.go:220.16,222.5 1 0
github.com/ingyamilmolinar/beatmo/internal/ui/drumview_cache_rows_stripes.go:222.10,224.5 1 0
github.com/ingyamilmolinar/beatmo/internal/ui/drumview_cache_rows_stripes.go:225.4,225.25 1 0
github.com/ingyamilmolinar/beatmo/internal/ui/drumview_cache_rows_stripes.go:225.25,227.5 1 0
github.com/ingyamilmolinar/beatmo/internal/ui/drumview_cache_rows_stripes.go:228.4,228.32 1 0
github.com/ingyamilmolinar/beatmo/internal/ui/drumview_cache_rows_stripes.go:228.32,230.5 1 0
github.com/ingyamilmolinar/beatmo/internal/ui/drumview_cache_rows_stripes.go:231.4,231.27 1 0
github.com/ingyamilmolinar/beatmo/internal/ui/drumview_cache_rows_stripes.go:231.27,235.23 4 0
github.com/ingyamilmolinar/beatmo/internal/ui/drumview_cache_rows_stripes.go:235.23,237.6 1 0
github.com/ingyamilmolinar/beatmo/internal/ui/drumview_cache_rows_stripes.go:238.5,238.22 1 0
github.com/ingyamilmolinar/beatmo/internal/ui/drumview_cache_rows_stripes.go:238.22,240.6 1 0
github.com/ingyamilmolinar/beatmo/internal/ui/drumview_cache_rows_stripes.go:241.5,241.30 1 0
github.com/ingyamilmolinar/beatmo/internal/ui/drumview_cache_rows_stripes.go:241.30,242.79 1 0
github.com/ingyamilmolinar/beatmo/internal/ui/drumview_cache_rows_stripes.go:242.79,243.41 1 0
github.com/ingyamilmolinar/beatmo/internal/ui/drumview_cache_rows_stripes.go:243.41,244.16 1 0
github.com/ingyamilmolinar/beatmo/internal/ui/drumview_cache_rows_stripes.go:246.7,255.40 10 0
github.com/ingyamilmolinar/beatmo/internal/ui/drumview_cache_rows_stripes.go:255.40,258.30 2 0
github.com/ingyamilmolinar/beatmo/internal/ui/drumview_cache_rows_stripes.go:258.30,260.9 1 0
github.com/ingyamilmolinar/beatmo/internal/ui/drumview_cache_rows_stripes.go:260.14,262.9 1 0
github.com/ingyamilmolinar/beatmo/internal/ui/drumview_cache_rows_stripes.go:263.8,263.20 1 0
github.com/ingyamilmolinar/beatmo/internal/ui/drumview_cache_rows_stripes.go:263.20,265.9 1 0
github.com/ingyamilmolinar/beatmo/internal/ui/drumview_cache_rows_stripes.go:266.8,268.42 3 0
github.com/ingyamilmolinar/beatmo/internal/ui/drumview_cache_rows_stripes.go:268.42,270.44 2 0
github.com/ingyamilmolinar/beatmo/internal/ui/drumview_cache_rows_stripes.go:270.44,271.18 1 0
github.com/ingyamilmolinar/beatmo/internal/ui/drumview_cache_rows_stripes.go:273.9,273.23 1 0
github.com/ingyamilmolinar/beatmo/internal/ui/drumview_cache_rows_stripes.go:273.23,277.10 3 0
github.com/ingyamilmolinar/beatmo/internal/ui/drumview_cache_rows_stripes.go:283.4,283.35 1 0
github.com/ingyamilmolinar/beatmo/internal/ui/drumview_cache_rows_stripes.go:284.9,288.77 4 0
github.com/ingyamilmolinar/beatmo/internal/ui/drumview_cache_rows_stripes.go:288.77,289.39 1 0
github.com/ingyamilmolinar/beatmo/internal/ui/drumview_cache_rows_stripes.go:289.39,290.14 1 0
github.com/ingyamilmolinar/beatmo/internal/ui/drumview_cache_rows_stripes.go:292.5,299.38 8 0
github.com/ingyamilmolinar/beatmo/internal/ui/drumview_cache_rows_stripes.go:299.38,302.28 2 0
github.com/ingyamilmolinar/beatmo/internal/ui/drumview_cache_rows_stripes.go:302.28,304.7 1 0
github.com/ingyamilmolinar/beatmo/internal/ui/drumview_cache_rows_stripes.go:304.12,306.7 1 0
github.com/ingyamilmolinar/beatmo/internal/ui/drumview_cache_rows_stripes.go:307.6,307.18 1 0
github.com/ingyamilmolinar/beatmo/internal/ui/drumview_cache_rows_stripes.go:307.18,309.7 1 0
github.com/ingyamilmolinar/beatmo/internal/ui/drumview_cache_rows_stripes.go:310.6,312.40 3 0
github.com/ingyamilmolinar/beatmo/internal/ui/drumview_cache_rows_stripes.go:312.40,314.27 2 0
github.com/ingyamilmolinar/beatmo/internal/ui/drumview_cache_rows_stripes.go:314.27,315.16 1 0
github.com/ingyamilmolinar/beatmo/internal/ui/drumview_cache_rows_stripes.go:317.7,317.21 1 0
github.com/ingyamilmolinar/beatmo/internal/ui/drumview_cache_rows_stripes.go:317.21,321.8 3 0
github.com/ingyamilmolinar/beatmo/internal/ui/drumview_cache_rows_stripes.go:325.4,325.38 1 0
github.com/ingyamilmolinar/beatmo/internal/ui/drumview_cache_rows_stripes.go:328.3,329.18 2 0
github.com/ingyamilmolinar/beatmo/internal/ui/drumview_cache_rows_stripes.go:332.2,341.31 8 0
github.com/ingyamilmolinar/beatmo/internal/ui/drumview_cached_state.go:5.76,6.49 1 1
github.com/ingyamilmolinar/beatmo/internal/ui/drumview_cached_state.go:6.49,8.3 1 0
github.com/ingyamilmolinar/beatmo/internal/ui/drumview_cached_state.go:9.2,9.48 1 1
github.com/ingyamilmolinar/beatmo/internal/ui/drumview_cached_state.go:9.48,11.3 1 1
github.com/ingyamilmolinar/beatmo/internal/ui/drumview_cached_state.go:12.2,12.56 1 1
github.com/ingyamilmolinar/beatmo/internal/ui/drumview_cached_state.go:12.56,14.3 1 0
github.com/ingyamilmolinar/beatmo/internal/ui/drumview_cached_state.go:15.2,15.56 1 1
github.com/ingyamilmolinar/beatmo/internal/ui/drumview_cached_state.go:15.56,17.3 1 0
github.com/ingyamilmolinar/beatmo/internal/ui/drumview_cached_state.go:18.2,18.67 1 1
github.com/ingyamilmolinar/beatmo/internal/ui/drumview_cached_state.go:18.67,20.3 1 0
github.com/ingyamilmolinar/beatmo/internal/ui/drumview_cached_state.go:23.2,23.35 1 1
github.com/ingyamilmolinar/beatmo/internal/ui/drumview_cached_state.go:23.35,25.3 1 0
github.com/ingyamilmolinar/beatmo/internal/ui/drumview_cached_state.go:26.2,27.31 2 1
github.com/ingyamilmolinar/beatmo/internal/ui/drumview_cached_state.go:27.31,29.3 1 1
github.com/ingyamilmolinar/beatmo/internal/ui/drumview_cached_state.go:30.2,31.29 2 1
github.com/ingyamilmolinar/beatmo/internal/ui/drumview_cached_state.go:36.70,38.9 2 1
github.com/ingyamilmolinar/beatmo/internal/ui/drumview_cached_state.go:38.9,40.3 1 0
github.com/ingyamilmolinar/beatmo/internal/ui/drumview_cached_state.go:41.2,41.42 1 1
github.com/ingyamilmolinar/beatmo/internal/ui/drumview_cached_state.go:41.42,43.3 1 0
github.com/ingyamilmolinar/beatmo/internal/ui/drumview_cached_state.go:44.2,44.77 1 1
github.com/ingyamilmolinar/beatmo/internal/ui/drumview_cached_state.go:44.77,46.3 1 0
github.com/ingyamilmolinar/beatmo/internal/ui/drumview_cached_state.go:47.2,48.50 2 1
github.com/ingyamilmolinar/beatmo/internal/ui/drumview_cached_state.go:48.50,50.3 1 0
github.com/ingyamilmolinar/beatmo/internal/ui/drumview_cached_state.go:51.2,51.41 1 1
github.com/ingyamilmolinar/beatmo/internal/ui/drumview_close_popups.go:6.45,11.33 5 1
github.com/ingyamilmolinar/beatmo/internal/ui/drumview_close_popups.go:11.33,13.3 1 1
github.com/ingyamilmolinar/beatmo/internal/ui/drumview_close_popups.go:17.35,19.52 2 1
github.com/ingyamilmolinar/beatmo/internal/ui/drumview_close_popups.go:19.52,21.3 1 1
github.com/ingyamilmolinar/beatmo/internal/ui/drumview_close_popups.go:22.2,22.24 1 1
github.com/ingyamilmolinar/beatmo/internal/ui/drumview_close_popups.go:26.35,31.2 4 1
github.com/ingyamilmolinar/beatmo/internal/ui/drumview_close_popups.go:36.38,37.20 1 1
github.com/ingyamilmolinar/beatmo/internal/ui/drumview_close_popups.go:37.20,38.33 1 1
github.com/ingyamilmolinar/beatmo/internal/ui/drumview_close_popups.go:38.33,40.4 1 1
github.com/ingyamilmolinar/beatmo/internal/ui/drumview_close_popups.go:42.2,42.48 1 1
github.com/ingyamilmolinar/beatmo/internal/ui/drumview_close_popups.go:42.48,44.3 1 0
github.com/ingyamilmolinar/beatmo/internal/ui/drumview_close_popups.go:45.2,45.60 1 1
github.com/ingyamilmolinar/beatmo/internal/ui/drumview_close_popups.go:45.60,47.3 1 0
github.com/ingyamilmolinar/beatmo/internal/ui/drumview_close_popups.go:48.2,50.28 3 1
github.com/ingyamilmolinar/beatmo/internal/ui/drumview_color_menu.go:10.38,12.70 2 1
github.com/ingyamilmolinar/beatmo/internal/ui/drumview_color_menu.go:12.70,14.3 1 0
github.com/ingyamilmolinar/beatmo/internal/ui/drumview_color_menu.go:18.2,18.60 1 1
github.com/ingyamilmolinar/beatmo/internal/ui/drumview_color_menu.go:18.60,20.3 1 1
github.com/ingyamilmolinar/beatmo/internal/ui/drumview_color_menu.go:22.2,23.29 2 1
github.com/ingyamilmolinar/beatmo/internal/ui/drumview_colors.go:14.62,16.15 2 1
github.com/ingyamilmolinar/beatmo/internal/ui/drumview_colors.go:16.15,18.3 1 0
github.com/ingyamilmolinar/beatmo/internal/ui/drumview_colors.go:20.2,25.17 6 1
github.com/ingyamilmolinar/beatmo/internal/ui/drumview_colors.go:25.17,27.3 1 0
github.com/ingyamilmolinar/beatmo/internal/ui/drumview_colors.go:29.2,30.15 2 1
github.com/ingyamilmolinar/beatmo/internal/ui/drumview_colors.go:30.15,32.3 1 1
github.com/ingyamilmolinar/beatmo/internal/ui/drumview_colors.go:34.2,35.11 2 1
github.com/ingyamilmolinar/beatmo/internal/ui/drumview_colors.go:35.11,37.3 1 1
github.com/ingyamilmolinar/beatmo/internal/ui/drumview_colors.go:38.2,43.17 3 1
github.com/ingyamilmolinar/beatmo/internal/ui/drumview_colors.go:43.17,46.3 2 1
github.com/ingyamilmolinar/beatmo/internal/ui/drumview_colors.go:46.8,49.3 2 1
github.com/ingyamilmolinar/beatmo/internal/ui/drumview_colors.go:50.2,50.27 1 1
github.com/ingyamilmolinar/beatmo/internal/ui/drumview_colors.go:53.45,54.12 1 1
github.com/ingyamilmolinar/beatmo/internal/ui/drumview_colors.go:54.12,57.3 2 1
github.com/ingyamilmolinar/beatmo/internal/ui/drumview_colors.go:58.2,65.15 8 1
github.com/ingyamilmolinar/beatmo/internal/ui/drumview_colors.go:66.9,67.20 1 1
github.com/ingyamilmolinar/beatmo/internal/ui/drumview_colors.go:68.9,69.20 1 1
github.com/ingyamilmolinar/beatmo/internal/ui/drumview_colors.go:70.9,71.20 1 1
github.com/ingyamilmolinar/beatmo/internal/ui/drumview_colors.go:72.9,73.20 1 1
github.com/ingyamilmolinar/beatmo/internal/ui/drumview_colors.go:74.9,75.20 1 1
github.com/ingyamilmolinar/beatmo/internal/ui/drumview_colors.go:76.10,77.20 1 1
github.com/ingyamilmolinar/beatmo/internal/ui/drumview_colors.go:79.2,79.126 1 1
github.com/ingyamilmolinar/beatmo/internal/ui/drumview_colors.go:83.46,86.22 3 1
github.com/ingyamilmolinar/beatmo/internal/ui/drumview_colors.go:86.22,90.3 3 0
github.com/ingyamilmolinar/beatmo/internal/ui/drumview_colors.go:91.2,94.25 3 1
github.com/ingyamilmolinar/beatmo/internal/ui/drumview_colors.go:94.25,95.26 1 1
github.com/ingyamilmolinar/beatmo/internal/ui/drumview_colors.go:95.26,99.4 3 1
github.com/ingyamilmolinar/beatmo/internal/ui/drumview_colors.go:101.2,102.39 2 1
github.com/ingyamilmolinar/beatmo/internal/ui/drumview_colors.go:106.52,109.2 2 1
github.com/ingyamilmolinar/beatmo/internal/ui/drumview_colors.go:112.69,114.28 2 1
github.com/ingyamilmolinar/beatmo/internal/ui/drumview_colors.go:114.28,115.22 1 1
github.com/ingyamilmolinar/beatmo/internal/ui/drumview_colors.go:115.22,116.12 1 1
github.com/ingyamilmolinar/beatmo/internal/ui/drumview_colors.go:118.3,118.34 1 1
github.com/ingyamilmolinar/beatmo/internal/ui/drumview_colors.go:118.34,120.4 1 1
github.com/ingyamilmolinar/beatmo/internal/ui/drumview_colors.go:122.2,122.14 1 1
github.com/ingyamilmolinar/beatmo/internal/ui/drumview_colors.go:126.58,132.32 5 1
github.com/ingyamilmolinar/beatmo/internal/ui/drumview_colors.go:132.32,136.3 3 1
github.com/ingyamilmolinar/beatmo/internal/ui/drumview_colors.go:137.2,137.33 1 1
github.com/ingyamilmolinar/beatmo/internal/ui/drumview_colors.go:141.78,142.32 1 1
github.com/ingyamilmolinar/beatmo/internal/ui/drumview_colors.go:142.32,144.3 1 1
github.com/ingyamilmolinar/beatmo/internal/ui/drumview_colors.go:146.2,146.33 1 1
github.com/ingyamilmolinar/beatmo/internal/ui/drumview_colors.go:146.33,147.35 1 1
github.com/ingyamilmolinar/beatmo/internal/ui/drumview_colors.go:147.35,149.31 2 1
github.com/ingyamilmolinar/beatmo/internal/ui/drumview_colors.go:149.31,151.5 1 1
github.com/ingyamilmolinar/beatmo/internal/ui/drumview_colors.go:155.2,155.31 1 1
github.com/ingyamilmolinar/beatmo/internal/ui/drumview_colors.go:155.31,156.30 1 1
github.com/ingyamilmolinar/beatmo/internal/ui/drumview_colors.go:156.30,158.4 1 1
github.com/ingyamilmolinar/beatmo/internal/ui/drumview_colors.go:160.2,160.34 1 1
github.com/ingyamilmolinar/beatmo/internal/ui/drumview_colors.go:160.34,161.30 1 1
github.com/ingyamilmolinar/beatmo/internal/ui/drumview_colors.go:161.30,163.4 1 1
github.com/ingyamilmolinar/beatmo/internal/ui/drumview_colors.go:166.2,166.27 1 1
github.com/ingyamilmolinar/beatmo/internal/ui/drumview_colors.go:166.27,168.30 2 1
github.com/ingyamilmolinar/beatmo/internal/ui/drumview_colors.go:168.30,170.4 1 1
github.com/ingyamilmolinar/beatmo/internal/ui/drumview_colors.go:173.2,173.39 1 0
github.com/ingyamilmolinar/beatmo/internal/ui/drumview_colors.go:177.57,178.36 1 1
github.com/ingyamilmolinar/beatmo/internal/ui/drumview_colors.go:178.36,180.3 1 0
github.com/ingyamilmolinar/beatmo/internal/ui/drumview_colors.go:181.2,183.40 2 1
github.com/ingyamilmolinar/beatmo/internal/ui/drumview_colors.go:183.40,185.33 2 1
github.com/ingyamilmolinar/beatmo/internal/ui/drumview_colors.go:185.33,187.4 1 1
github.com/ingyamilmolinar/beatmo/internal/ui/drumview_colors.go:192.45,193.25 1 1
github.com/ingyamilmolinar/beatmo/internal/ui/drumview_colors.go:193.25,195.3 1 1
github.com/ingyamilmolinar/beatmo/internal/ui/drumview_colors.go:196.2,196.23 1 1
github.com/ingyamilmolinar/beatmo/internal/ui/drumview_context_menu.go:13.49,14.42 1 1
github.com/ingyamilmolinar/beatmo/internal/ui/drumview_context_menu.go:14.42,16.3 1 0
github.com/ingyamilmolinar/beatmo/internal/ui/drumview_context_menu.go:18.2,29.29 8 1
github.com/ingyamilmolinar/beatmo/internal/ui/drumview_context_menu.go:29.29,30.20 1 1
github.com/ingyamilmolinar/beatmo/internal/ui/drumview_context_menu.go:30.20,32.4 1 1
github.com/ingyamilmolinar/beatmo/internal/ui/drumview_context_menu.go:35.2,35.30 1 1
github.com/ingyamilmolinar/beatmo/internal/ui/drumview_context_menu.go:35.30,39.18 3 1
github.com/ingyamilmolinar/beatmo/internal/ui/drumview_context_menu.go:39.18,42.4 2 0
github.com/ingyamilmolinar/beatmo/internal/ui/drumview_context_menu.go:44.3,46.30 3 1
github.com/ingyamilmolinar/beatmo/internal/ui/drumview_context_menu.go:46.30,47.20 1 1
github.com/ingyamilmolinar/beatmo/internal/ui/drumview_context_menu.go:47.20,49.5 1 1
github.com/ingyamilmolinar/beatmo/internal/ui/drumview_context_menu.go:49.10,51.5 1 1
github.com/ingyamilmolinar/beatmo/internal/ui/drumview_context_menu.go:53.3,54.29 2 1
github.com/ingyamilmolinar/beatmo/internal/ui/drumview_context_menu.go:54.29,56.4 1 1
github.com/ingyamilmolinar/beatmo/internal/ui/drumview_context_menu.go:57.3,67.30 6 1
github.com/ingyamilmolinar/beatmo/internal/ui/drumview_context_menu.go:67.30,68.20 1 1
github.com/ingyamilmolinar/beatmo/internal/ui/drumview_context_menu.go:68.20,70.13 2 1
github.com/ingyamilmolinar/beatmo/internal/ui/drumview_context_menu.go:72.4,76.16 5 1
github.com/ingyamilmolinar/beatmo/internal/ui/drumview_context_menu.go:78.8,81.35 2 1
github.com/ingyamilmolinar/beatmo/internal/ui/drumview_context_menu.go:81.35,83.4 1 1
github.com/ingyamilmolinar/beatmo/internal/ui/drumview_context_menu.go:83.9,85.4 1 0
github.com/ingyamilmolinar/beatmo/internal/ui/drumview_context_menu.go:86.3,89.43 4 1
github.com/ingyamilmolinar/beatmo/internal/ui/drumview_context_menu.go:89.43,91.4 1 1
github.com/ingyamilmolinar/beatmo/internal/ui/drumview_context_menu.go:92.3,94.33 3 1
github.com/ingyamilmolinar/beatmo/internal/ui/drumview_context_menu.go:94.33,96.4 1 0
github.com/ingyamilmolinar/beatmo/internal/ui/drumview_context_menu.go:97.3,97.27 1 1
github.com/ingyamilmolinar/beatmo/internal/ui/drumview_context_menu.go:97.27,99.4 1 0
github.com/ingyamilmolinar/beatmo/internal/ui/drumview_context_menu.go:100.3,100.33 1 1
github.com/ingyamilmolinar/beatmo/internal/ui/drumview_context_menu.go:100.33,102.4 1 1
github.com/ingyamilmolinar/beatmo/internal/ui/drumview_context_menu.go:103.3,103.27 1 1
github.com/ingyamilmolinar/beatmo/internal/ui/drumview_context_menu.go:103.27,105.4 1 0
github.com/ingyamilmolinar/beatmo/internal/ui/drumview_context_menu.go:106.3,109.30 3 1
github.com/ingyamilmolinar/beatmo/internal/ui/drumview_context_menu.go:109.30,110.20 1 1
github.com/ingyamilmolinar/beatmo/internal/ui/drumview_context_menu.go:110.20,111.13 1 1
github.com/ingyamilmolinar/beatmo/internal/ui/drumview_context_menu.go:113.4,117.16 5 1
github.com/ingyamilmolinar/beatmo/internal/ui/drumview_context_menu.go:124.2,126.30 3 1
github.com/ingyamilmolinar/beatmo/internal/ui/drumview_context_menu.go:126.30,133.28 5 1
github.com/ingyamilmolinar/beatmo/internal/ui/drumview_context_menu.go:133.28,135.4 1 0
github.com/ingyamilmolinar/beatmo/internal/ui/drumview_context_menu.go:136.3,136.23 1 1
github.com/ingyamilmolinar/beatmo/internal/ui/drumview_context_menu.go:136.23,138.4 1 0
github.com/ingyamilmolinar/beatmo/internal/ui/drumview_context_menu.go:139.3,139.49 1 1
github.com/ingyamilmolinar/beatmo/internal/ui/drumview_context_menu.go:140.8,143.28 3 1
github.com/ingyamilmolinar/beatmo/internal/ui/drumview_context_menu.go:143.28,145.4 1 0
github.com/ingyamilmolinar/beatmo/internal/ui/drumview_context_menu.go:146.3,146.23 1 1
github.com/ingyamilmolinar/beatmo/internal/ui/drumview_context_menu.go:146.23,148.4 1 0
github.com/ingyamilmolinar/beatmo/internal/ui/drumview_context_menu.go:149.3,149.49 1 1
github.com/ingyamilmolinar/beatmo/internal/ui/drumview_context_menu.go:153.2,154.51 2 1
github.com/ingyamilmolinar/beatmo/internal/ui/drumview_context_menu.go:154.51,154.82 1 1
github.com/ingyamilmolinar/beatmo/internal/ui/drumview_context_menu.go:155.2,160.28 6 1
github.com/ingyamilmolinar/beatmo/internal/ui/drumview_context_menu.go:165.49,166.60 1 1
github.com/ingyamilmolinar/beatmo/internal/ui/drumview_context_menu.go:166.60,168.3 1 0
github.com/ingyamilmolinar/beatmo/internal/ui/drumview_context_menu.go:169.2,175.30 5 1
github.com/ingyamilmolinar/beatmo/internal/ui/drumview_context_menu.go:175.30,177.30 2 1
github.com/ingyamilmolinar/beatmo/internal/ui/drumview_context_menu.go:177.30,178.20 1 1
github.com/ingyamilmolinar/beatmo/internal/ui/drumview_context_menu.go:178.20,180.13 2 1
github.com/ingyamilmolinar/beatmo/internal/ui/drumview_context_menu.go:182.4,182.42 1 1
github.com/ingyamilmolinar/beatmo/internal/ui/drumview_context_menu.go:182.42,185.5 2 1
github.com/ingyamilmolinar/beatmo/internal/ui/drumview_context_menu.go:186.4,187.16 2 1
github.com/ingyamilmolinar/beatmo/internal/ui/drumview_context_menu.go:189.8,191.30 2 1
github.com/ingyamilmolinar/beatmo/internal/ui/drumview_context_menu.go:191.30,192.20 1 1
github.com/ingyamilmolinar/beatmo/internal/ui/drumview_context_menu.go:192.20,193.13 1 1
github.com/ingyamilmolinar/beatmo/internal/ui/drumview_context_menu.go:195.4,195.42 1 1
github.com/ingyamilmolinar/beatmo/internal/ui/drumview_context_menu.go:195.42,198.5 2 0
github.com/ingyamilmolinar/beatmo/internal/ui/drumview_context_menu.go:199.4,200.16 2 1
github.com/ingyamilmolinar/beatmo/internal/ui/drumview_context_menu.go:214.68,219.67 3 1
github.com/ingyamilmolinar/beatmo/internal/ui/drumview_context_menu.go:219.67,222.3 2 1
github.com/ingyamilmolinar/beatmo/internal/ui/drumview_context_menu.go:223.2,224.66 2 1
github.com/ingyamilmolinar/beatmo/internal/ui/drumview_context_menu.go:224.66,227.3 2 1
github.com/ingyamilmolinar/beatmo/internal/ui/drumview_context_menu.go:229.2,231.59 1 1
github.com/ingyamilmolinar/beatmo/internal/ui/drumview_context_menu.go:231.59,235.4 3 1
github.com/ingyamilmolinar/beatmo/internal/ui/drumview_context_menu.go:236.55,238.38 2 1
github.com/ingyamilmolinar/beatmo/internal/ui/drumview_context_menu.go:238.38,240.5 1 1
github.com/ingyamilmolinar/beatmo/internal/ui/drumview_context_menu.go:242.54,245.4 2 1
github.com/ingyamilmolinar/beatmo/internal/ui/drumview_context_menu.go:249.56,252.4 2 1
github.com/ingyamilmolinar/beatmo/internal/ui/drumview_context_menu.go:253.56,256.4 2 0
github.com/ingyamilmolinar/beatmo/internal/ui/drumview_context_menu.go:260.56,263.4 2 1
github.com/ingyamilmolinar/beatmo/internal/ui/drumview_context_menu.go:264.55,267.4 2 0
github.com/ingyamilmolinar/beatmo/internal/ui/drumview_context_menu.go:272.2,273.23 2 1
github.com/ingyamilmolinar/beatmo/internal/ui/drumview_context_menu.go:273.23,275.3 1 1
github.com/ingyamilmolinar/beatmo/internal/ui/drumview_context_menu.go:276.2,276.93 1 1
github.com/ingyamilmolinar/beatmo/internal/ui/drumview_context_menu.go:276.93,278.23 2 0
github.com/ingyamilmolinar/beatmo/internal/ui/drumview_context_menu.go:278.23,280.4 1 0
github.com/ingyamilmolinar/beatmo/internal/ui/drumview_context_menu.go:282.2,282.14 1 1
github.com/ingyamilmolinar/beatmo/internal/ui/drumview_context_menu.go:290.72,291.29 1 1
github.com/ingyamilmolinar/beatmo/internal/ui/drumview_context_menu.go:291.29,293.3 1 1
github.com/ingyamilmolinar/beatmo/internal/ui/drumview_context_menu.go:294.2,297.43 3 1
github.com/ingyamilmolinar/beatmo/internal/ui/drumview_context_menu.go:297.43,299.24 1 1
github.com/ingyamilmolinar/beatmo/internal/ui/drumview_context_menu.go:299.24,300.12 1 0
github.com/ingyamilmolinar/beatmo/internal/ui/drumview_context_menu.go:300.12,303.5 2 0
github.com/ingyamilmolinar/beatmo/internal/ui/drumview_context_menu.go:303.10,305.5 1 0
github.com/ingyamilmolinar/beatmo/internal/ui/drumview_context_menu.go:306.4,306.15 1 0
github.com/ingyamilmolinar/beatmo/internal/ui/drumview_context_menu.go:310.3,310.34 1 1
github.com/ingyamilmolinar/beatmo/internal/ui/drumview_context_menu.go:310.34,311.12 1 1
github.com/ingyamilmolinar/beatmo/internal/ui/drumview_context_menu.go:311.12,312.39 1 0
github.com/ingyamilmolinar/beatmo/internal/ui/drumview_context_menu.go:312.39,314.6 1 0
github.com/ingyamilmolinar/beatmo/internal/ui/drumview_context_menu.go:315.10,318.5 2 1
github.com/ingyamilmolinar/beatmo/internal/ui/drumview_context_menu.go:319.4,319.15 1 1
github.com/ingyamilmolinar/beatmo/internal/ui/drumview_context_menu.go:323.3,323.27 1 1
github.com/ingyamilmolinar/beatmo/internal/ui/drumview_context_menu.go:323.27,324.12 1 1
github.com/ingyamilmolinar/beatmo/internal/ui/drumview_context_menu.go:324.12,325.39 1 1
github.com/ingyamilmolinar/beatmo/internal/ui/drumview_context_menu.go:325.39,327.6 1 0
github.com/ingyamilmolinar/beatmo/internal/ui/drumview_context_menu.go:328.10,331.15 3 1
github.com/ingyamilmolinar/beatmo/internal/ui/drumview_context_menu.go:331.15,333.6 1 1
github.com/ingyamilmolinar/beatmo/internal/ui/drumview_context_menu.go:333.11,335.6 1 0
github.com/ingyamilmolinar/beatmo/internal/ui/drumview_context_menu.go:337.4,337.15 1 1
github.com/ingyamilmolinar/beatmo/internal/ui/drumview_context_menu.go:341.3,341.25 1 1
github.com/ingyamilmolinar/beatmo/internal/ui/drumview_context_menu.go:341.25,343.32 2 1
github.com/ingyamilmolinar/beatmo/internal/ui/drumview_context_menu.go:343.32,346.5 2 0
github.com/ingyamilmolinar/beatmo/internal/ui/drumview_context_menu.go:350.3,351.56 2 1
github.com/ingyamilmolinar/beatmo/internal/ui/drumview_context_menu.go:351.56,354.4 2 0
github.com/ingyamilmolinar/beatmo/internal/ui/drumview_context_menu.go:357.3,358.77 2 1
github.com/ingyamilmolinar/beatmo/internal/ui/drumview_context_menu.go:358.77,359.47 1 1
github.com/ingyamilmolinar/beatmo/internal/ui/drumview_context_menu.go:359.47,362.5 2 1
github.com/ingyamilmolinar/beatmo/internal/ui/drumview_context_menu.go:366.3,366.55 1 0
github.com/ingyamilmolinar/beatmo/internal/ui/drumview_context_menu.go:366.55,368.4 1 0
github.com/ingyamilmolinar/beatmo/internal/ui/drumview_context_menu.go:369.8,371.41 1 1
github.com/ingyamilmolinar/beatmo/internal/ui/drumview_context_menu.go:371.41,372.12 1 0
github.com/ingyamilmolinar/beatmo/internal/ui/drumview_context_menu.go:372.12,375.5 2 0
github.com/ingyamilmolinar/beatmo/internal/ui/drumview_context_menu.go:375.10,377.5 1 0
github.com/ingyamilmolinar/beatmo/internal/ui/drumview_context_menu.go:378.4,378.15 1 0
github.com/ingyamilmolinar/beatmo/internal/ui/drumview_context_menu.go:380.3,380.42 1 1
github.com/ingyamilmolinar/beatmo/internal/ui/drumview_context_menu.go:380.42,382.32 2 0
github.com/ingyamilmolinar/beatmo/internal/ui/drumview_context_menu.go:382.32,385.5 2 0
github.com/ingyamilmolinar/beatmo/internal/ui/drumview_context_menu.go:388.3,388.42 1 1
github.com/ingyamilmolinar/beatmo/internal/ui/drumview_context_menu.go:388.42,389.32 1 1
github.com/ingyamilmolinar/beatmo/internal/ui/drumview_context_menu.go:389.32,391.5 1 0
github.com/ingyamilmolinar/beatmo/internal/ui/drumview_context_menu.go:397.2,397.31 1 1
github.com/ingyamilmolinar/beatmo/internal/ui/drumview_context_menu.go:397.31,399.3 1 1
github.com/ingyamilmolinar/beatmo/internal/ui/drumview_context_menu.go:400.2,400.14 1 1
github.com/ingyamilmolinar/beatmo/internal/ui/drumview_context_menu.go:404.51,405.34 1 1
github.com/ingyamilmolinar/beatmo/internal/ui/drumview_context_menu.go:405.34,407.3 1 0
github.com/ingyamilmolinar/beatmo/internal/ui/drumview_context_menu.go:408.2,408.54 1 1
github.com/ingyamilmolinar/beatmo/internal/ui/drumview_context_menu.go:414.52,416.52 2 1
github.com/ingyamilmolinar/beatmo/internal/ui/drumview_context_menu.go:416.52,418.46 2 1
github.com/ingyamilmolinar/beatmo/internal/ui/drumview_context_menu.go:418.46,421.4 2 1
github.com/ingyamilmolinar/beatmo/internal/ui/drumview_context_menu.go:427.56,428.29 1 1
github.com/ingyamilmolinar/beatmo/internal/ui/drumview_context_menu.go:428.29,430.3 1 0
github.com/ingyamilmolinar/beatmo/internal/ui/drumview_context_menu.go:431.2,435.26 3 1
github.com/ingyamilmolinar/beatmo/internal/ui/drumview_context_menu.go:435.26,442.3 5 0
github.com/ingyamilmolinar/beatmo/internal/ui/drumview_context_menu.go:445.2,446.62 1 1
github.com/ingyamilmolinar/beatmo/internal/ui/drumview_context_menu.go:446.62,450.3 1 0
github.com/ingyamilmolinar/beatmo/internal/ui/drumview_context_menu.go:454.2,454.88 1 1
github.com/ingyamilmolinar/beatmo/internal/ui/drumview_context_menu.go:454.88,458.34 4 0
github.com/ingyamilmolinar/beatmo/internal/ui/drumview_context_menu.go:458.34,460.4 1 0
github.com/ingyamilmolinar/beatmo/internal/ui/drumview_context_menu.go:461.3,463.30 3 0
github.com/ingyamilmolinar/beatmo/internal/ui/drumview_context_menu.go:463.30,464.20 1 0
github.com/ingyamilmolinar/beatmo/internal/ui/drumview_context_menu.go:464.20,466.65 2 0
github.com/ingyamilmolinar/beatmo/internal/ui/drumview_context_menu.go:466.65,473.6 1 0
github.com/ingyamilmolinar/beatmo/internal/ui/drumview_context_menu.go:474.5,474.24 1 0
github.com/ingyamilmolinar/beatmo/internal/ui/drumview_context_menu.go:475.10,477.5 1 0
github.com/ingyamilmolinar/beatmo/internal/ui/drumview_context_menu.go:483.2,483.57 1 1
github.com/ingyamilmolinar/beatmo/internal/ui/drumview_context_menu.go:483.57,485.42 2 0
github.com/ingyamilmolinar/beatmo/internal/ui/drumview_context_menu.go:485.42,487.38 1 0
github.com/ingyamilmolinar/beatmo/internal/ui/drumview_context_menu.go:487.38,489.13 2 0
github.com/ingyamilmolinar/beatmo/internal/ui/drumview_context_menu.go:491.4,492.60 2 0
github.com/ingyamilmolinar/beatmo/internal/ui/drumview_context_menu.go:492.60,494.5 1 0
github.com/ingyamilmolinar/beatmo/internal/ui/drumview_context_menu.go:496.8,497.42 1 1
github.com/ingyamilmolinar/beatmo/internal/ui/drumview_context_menu.go:497.42,499.4 1 0
github.com/ingyamilmolinar/beatmo/internal/ui/drumview_context_menu.go:503.2,503.33 1 1
github.com/ingyamilmolinar/beatmo/internal/ui/drumview_context_menu.go:503.33,505.3 1 0
github.com/ingyamilmolinar/beatmo/internal/ui/drumview_context_menu.go:510.73,511.30 1 1
github.com/ingyamilmolinar/beatmo/internal/ui/drumview_context_menu.go:511.30,513.3 1 1
github.com/ingyamilmolinar/beatmo/internal/ui/drumview_context_menu.go:515.2,519.26 3 1
github.com/ingyamilmolinar/beatmo/internal/ui/drumview_context_menu.go:519.26,520.38 1 1
github.com/ingyamilmolinar/beatmo/internal/ui/drumview_context_menu.go:520.38,521.13 1 1
github.com/ingyamilmolinar/beatmo/internal/ui/drumview_context_menu.go:521.13,523.5 1 1
github.com/ingyamilmolinar/beatmo/internal/ui/drumview_context_menu.go:524.4,524.15 1 1
github.com/ingyamilmolinar/beatmo/internal/ui/drumview_context_menu.go:526.3,526.31 1 1
github.com/ingyamilmolinar/beatmo/internal/ui/drumview_context_menu.go:526.31,527.44 1 1
github.com/ingyamilmolinar/beatmo/internal/ui/drumview_context_menu.go:527.44,529.5 1 1
github.com/ingyamilmolinar/beatmo/internal/ui/drumview_context_menu.go:531.8,534.33 2 1
github.com/ingyamilmolinar/beatmo/internal/ui/drumview_context_menu.go:534.33,535.32 1 1
github.com/ingyamilmolinar/beatmo/internal/ui/drumview_context_menu.go:535.32,537.5 1 1
github.com/ingyamilmolinar/beatmo/internal/ui/drumview_context_menu.go:543.2,543.22 1 1
github.com/ingyamilmolinar/beatmo/internal/ui/drumview_context_menu.go:543.22,545.3 1 0
github.com/ingyamilmolinar/beatmo/internal/ui/drumview_context_menu.go:546.2,546.14 1 1
github.com/ingyamilmolinar/beatmo/internal/ui/drumview_context_menu.go:551.53,555.43 4 1
github.com/ingyamilmolinar/beatmo/internal/ui/drumview_context_menu.go:555.43,557.46 2 1
github.com/ingyamilmolinar/beatmo/internal/ui/drumview_context_menu.go:557.46,560.4 2 1
github.com/ingyamilmolinar/beatmo/internal/ui/drumview_context_menu.go:566.55,570.89 2 1
github.com/ingyamilmolinar/beatmo/internal/ui/drumview_context_menu.go:570.89,573.3 2 0
github.com/ingyamilmolinar/beatmo/internal/ui/drumview_context_menu.go:576.2,583.37 4 1
github.com/ingyamilmolinar/beatmo/internal/ui/drumview_context_menu.go:583.37,585.3 1 1
github.com/ingyamilmolinar/beatmo/internal/ui/drumview_context_menu.go:586.2,586.52 1 1
github.com/ingyamilmolinar/beatmo/internal/ui/drumview_context_menu.go:586.52,588.3 1 1
github.com/ingyamilmolinar/beatmo/internal/ui/drumview_context_menu.go:590.2,590.30 1 1
github.com/ingyamilmolinar/beatmo/internal/ui/drumview_context_menu.go:590.30,592.25 2 1
github.com/ingyamilmolinar/beatmo/internal/ui/drumview_context_menu.go:592.25,594.4 1 0
github.com/ingyamilmolinar/beatmo/internal/ui/drumview_context_menu.go:595.3,599.37 1 1
github.com/ingyamilmolinar/beatmo/internal/ui/drumview_context_menu.go:599.37,601.5 1 0
github.com/ingyamilmolinar/beatmo/internal/ui/drumview_context_menu.go:602.21,602.22 0 1
github.com/ingyamilmolinar/beatmo/internal/ui/drumview_context_menu.go:604.3,605.32 2 1
github.com/ingyamilmolinar/beatmo/internal/ui/drumview_context_menu.go:608.2,609.27 2 1
github.com/ingyamilmolinar/beatmo/internal/ui/drumview_context_menu.go:613.57,614.29 1 1
github.com/ingyamilmolinar/beatmo/internal/ui/drumview_context_menu.go:614.29,616.3 1 0
github.com/ingyamilmolinar/beatmo/internal/ui/drumview_context_menu.go:617.2,623.25 7 1
github.com/ingyamilmolinar/beatmo/internal/ui/drumview_context_menu.go:623.25,625.3 1 1
github.com/ingyamilmolinar/beatmo/internal/ui/drumview_context_menu.go:626.2,626.27 1 1
github.com/ingyamilmolinar/beatmo/internal/ui/drumview_context_menu.go:626.27,628.3 1 0
github.com/ingyamilmolinar/beatmo/internal/ui/drumview_context_menu.go:629.2,629.27 1 1
github.com/ingyamilmolinar/beatmo/internal/ui/drumview_context_menu.go:629.27,631.3 1 1
github.com/ingyamilmolinar/beatmo/internal/ui/drumview_context_menu.go:637.2,637.25 1 1
github.com/ingyamilmolinar/beatmo/internal/ui/drumview_context_menu.go:637.25,639.3 1 1
github.com/ingyamilmolinar/beatmo/internal/ui/drumview_context_menu.go:641.2,641.43 1 1
github.com/ingyamilmolinar/beatmo/internal/ui/drumview_context_menu.go:641.43,643.27 2 0
github.com/ingyamilmolinar/beatmo/internal/ui/drumview_context_menu.go:643.27,645.4 1 0
github.com/ingyamilmolinar/beatmo/internal/ui/drumview_context_menu.go:647.2,647.35 1 1
github.com/ingyamilmolinar/beatmo/internal/ui/drumview_context_menu.go:657.52,661.33 2 1
github.com/ingyamilmolinar/beatmo/internal/ui/drumview_context_menu.go:661.33,663.37 2 1
github.com/ingyamilmolinar/beatmo/internal/ui/drumview_context_menu.go:663.37,665.5 1 1
github.com/ingyamilmolinar/beatmo/internal/ui/drumview_context_menu.go:667.33,669.37 2 1
github.com/ingyamilmolinar/beatmo/internal/ui/drumview_context_menu.go:669.37,671.5 1 1
github.com/ingyamilmolinar/beatmo/internal/ui/drumview_context_menu.go:673.33,675.37 2 1
github.com/ingyamilmolinar/beatmo/internal/ui/drumview_context_menu.go:675.37,677.5 1 1
github.com/ingyamilmolinar/beatmo/internal/ui/drumview_context_menu.go:680.2,680.14 1 1
github.com/ingyamilmolinar/beatmo/internal/ui/drumview_context_menu.go:684.76,689.29 5 1
github.com/ingyamilmolinar/beatmo/internal/ui/drumview_context_menu.go:689.29,695.3 5 1
github.com/ingyamilmolinar/beatmo/internal/ui/drumview_context_menu.go:697.2,698.51 2 1
github.com/ingyamilmolinar/beatmo/internal/ui/drumview_context_menu.go:698.51,698.77 1 1
github.com/ingyamilmolinar/beatmo/internal/ui/drumview_context_menu.go:699.2,704.13 6 1
github.com/ingyamilmolinar/beatmo/internal/ui/drumview_context_menu.go:708.57,709.30 1 1
github.com/ingyamilmolinar/beatmo/internal/ui/drumview_context_menu.go:709.30,711.3 1 0
github.com/ingyamilmolinar/beatmo/internal/ui/drumview_context_menu.go:712.2,715.54 4 1
github.com/ingyamilmolinar/beatmo/internal/ui/drumview_context_menu.go:715.54,717.3 1 1
github.com/ingyamilmolinar/beatmo/internal/ui/drumview_context_menu.go:718.2,718.30 1 1
github.com/ingyamilmolinar/beatmo/internal/ui/drumview_context_menu.go:718.30,720.3 1 0
github.com/ingyamilmolinar/beatmo/internal/ui/drumview_context_menu.go:724.42,729.31 5 1
github.com/ingyamilmolinar/beatmo/internal/ui/drumview_context_menu.go:729.31,731.3 1 0
github.com/ingyamilmolinar/beatmo/internal/ui/drumview_context_menu.go:732.2,735.39 4 1
github.com/ingyamilmolinar/beatmo/internal/ui/drumview_context_menu.go:740.41,744.2 3 1
github.com/ingyamilmolinar/beatmo/internal/ui/drumview_context_menu.go:750.47,752.23 2 1
github.com/ingyamilmolinar/beatmo/internal/ui/drumview_context_menu.go:752.23,754.3 1 0
github.com/ingyamilmolinar/beatmo/internal/ui/drumview_context_menu.go:755.2,769.42 5 1
github.com/ingyamilmolinar/beatmo/internal/ui/drumview_context_menu.go:769.42,771.10 2 1
github.com/ingyamilmolinar/beatmo/internal/ui/drumview_context_menu.go:771.10,772.12 1 1
github.com/ingyamilmolinar/beatmo/internal/ui/drumview_context_menu.go:774.3,778.55 3 1
github.com/ingyamilmolinar/beatmo/internal/ui/drumview_context_menu.go:778.55,779.30 1 1
github.com/ingyamilmolinar/beatmo/internal/ui/drumview_context_menu.go:779.30,781.5 1 1
github.com/ingyamilmolinar/beatmo/internal/ui/drumview_context_menu.go:783.3,783.87 1 1
github.com/ingyamilmolinar/beatmo/internal/ui/drumview_context_menu.go:788.37,789.40 1 1
github.com/ingyamilmolinar/beatmo/internal/ui/drumview_context_menu.go:789.40,792.3 2 1
github.com/ingyamilmolinar/beatmo/internal/ui/drumview_context_menu.go:792.8,795.3 2 0
github.com/ingyamilmolinar/beatmo/internal/ui/drumview_context_menu.go:796.2,797.21 2 1
github.com/ingyamilmolinar/beatmo/internal/ui/drumview_context_menu.go:797.21,800.3 2 1
github.com/ingyamilmolinar/beatmo/internal/ui/drumview_context_menu.go:801.2,805.26 5 1
github.com/ingyamilmolinar/beatmo/internal/ui/drumview_context_menu.go:811.42,812.31 1 1
github.com/ingyamilmolinar/beatmo/internal/ui/drumview_context_menu.go:812.31,814.3 1 0
github.com/ingyamilmolinar/beatmo/internal/ui/drumview_context_menu.go:815.2,815.40 1 1
github.com/ingyamilmolinar/beatmo/internal/ui/drumview_context_menu.go:815.40,817.3 1 0
github.com/ingyamilmolinar/beatmo/internal/ui/drumview_context_menu.go:817.8,819.3 1 1
github.com/ingyamilmolinar/beatmo/internal/ui/drumview_context_menu.go:821.2,821.32 1 1
github.com/ingyamilmolinar/beatmo/internal/ui/drumview_context_menu.go:821.32,822.22 1 1
github.com/ingyamilmolinar/beatmo/internal/ui/drumview_context_menu.go:822.22,824.4 1 1
github.com/ingyamilmolinar/beatmo/internal/ui/drumview_context_menu.go:824.9,826.4 1 0
github.com/ingyamilmolinar/beatmo/internal/ui/drumview_context_menu.go:831.43,831.70 1 1
github.com/ingyamilmolinar/beatmo/internal/ui/drumview_context_menu.go:834.49,834.79 1 0
github.com/ingyamilmolinar/beatmo/internal/ui/drumview_context_menu.go:837.46,837.77 1 1
github.com/ingyamilmolinar/beatmo/internal/ui/drumview_context_menu.go:840.50,840.78 1 1
github.com/ingyamilmolinar/beatmo/internal/ui/drumview_context_menu.go:843.41,843.67 1 0
github.com/ingyamilmolinar/beatmo/internal/ui/drumview_context_menu.go:846.45,846.68 1 0
github.com/ingyamilmolinar/beatmo/internal/ui/drumview_context_menu.go:849.44,849.77 1 1
github.com/ingyamilmolinar/beatmo/internal/ui/drumview_context_menu.go:852.49,852.78 1 1
github.com/ingyamilmolinar/beatmo/internal/ui/drumview_context_menu.go:855.58,855.87 1 1
github.com/ingyamilmolinar/beatmo/internal/ui/drumview_context_menu.go:858.45,858.79 1 1
github.com/ingyamilmolinar/beatmo/internal/ui/drumview_context_menu.go:862.49,863.7 1 1
github.com/ingyamilmolinar/beatmo/internal/ui/drumview_context_menu.go:863.7,865.3 1 1
github.com/ingyamilmolinar/beatmo/internal/ui/drumview_context_menu.go:865.8,867.3 1 0
github.com/ingyamilmolinar/beatmo/internal/ui/drumview_context_menu.go:871.45,871.72 1 0
github.com/ingyamilmolinar/beatmo/internal/ui/drumview_context_menu.go:874.56,874.86 1 1
github.com/ingyamilmolinar/beatmo/internal/ui/drumview_context_menu.go:877.75,879.2 1 1
github.com/ingyamilmolinar/beatmo/internal/ui/drumview_context_menu.go:882.59,884.2 1 1
github.com/ingyamilmolinar/beatmo/internal/ui/drumview_context_menu.go:887.47,887.71 1 1
github.com/ingyamilmolinar/beatmo/internal/ui/drumview_context_menu.go:890.59,890.85 1 0
github.com/ingyamilmolinar/beatmo/internal/ui/drumview_context_menu.go:893.64,893.95 1 1
github.com/ingyamilmolinar/beatmo/internal/ui/drumview_ctor.go:18.88,22.19 4 1
github.com/ingyamilmolinar/beatmo/internal/ui/drumview_ctor.go:22.19,25.3 2 1
github.com/ingyamilmolinar/beatmo/internal/ui/drumview_ctor.go:26.2,54.28 2 1
github.com/ingyamilmolinar/beatmo/internal/ui/drumview_ctor.go:54.28,56.38 2 0
github.com/ingyamilmolinar/beatmo/internal/ui/drumview_ctor.go:56.38,58.5 1 0
github.com/ingyamilmolinar/beatmo/internal/ui/drumview_ctor.go:59.4,59.12 1 0
github.com/ingyamilmolinar/beatmo/internal/ui/drumview_ctor.go:61.29,63.38 2 1
github.com/ingyamilmolinar/beatmo/internal/ui/drumview_ctor.go:63.38,65.38 2 1
github.com/ingyamilmolinar/beatmo/internal/ui/drumview_ctor.go:65.38,67.6 1 1
github.com/ingyamilmolinar/beatmo/internal/ui/drumview_ctor.go:68.5,68.30 1 1
github.com/ingyamilmolinar/beatmo/internal/ui/drumview_ctor.go:72.2,75.28 1 1
github.com/ingyamilmolinar/beatmo/internal/ui/drumview_ctor.go:75.28,76.33 1 0
github.com/ingyamilmolinar/beatmo/internal/ui/drumview_ctor.go:76.33,78.5 1 0
github.com/ingyamilmolinar/beatmo/internal/ui/drumview_ctor.go:79.4,79.12 1 0
github.com/ingyamilmolinar/beatmo/internal/ui/drumview_ctor.go:81.29,82.33 1 1
github.com/ingyamilmolinar/beatmo/internal/ui/drumview_ctor.go:82.33,84.5 1 1
github.com/ingyamilmolinar/beatmo/internal/ui/drumview_ctor.go:85.4,85.26 1 1
github.com/ingyamilmolinar/beatmo/internal/ui/drumview_ctor.go:89.2,108.51 14 1
github.com/ingyamilmolinar/beatmo/internal/ui/drumview_ctor.go:108.51,112.3 3 1
github.com/ingyamilmolinar/beatmo/internal/ui/drumview_ctor.go:113.2,116.26 4 1
github.com/ingyamilmolinar/beatmo/internal/ui/drumview_ctor.go:116.26,119.3 2 1
github.com/ingyamilmolinar/beatmo/internal/ui/drumview_ctor.go:120.2,120.51 1 1
github.com/ingyamilmolinar/beatmo/internal/ui/drumview_ctor.go:120.51,124.3 3 1
github.com/ingyamilmolinar/beatmo/internal/ui/drumview_ctor.go:125.2,128.26 4 1
github.com/ingyamilmolinar/beatmo/internal/ui/drumview_ctor.go:128.26,131.3 2 1
github.com/ingyamilmolinar/beatmo/internal/ui/drumview_ctor.go:132.2,137.26 2 1
github.com/ingyamilmolinar/beatmo/internal/ui/drumview_ctor.go:137.26,140.3 2 1
github.com/ingyamilmolinar/beatmo/internal/ui/drumview_ctor.go:144.2,162.26 12 1
github.com/ingyamilmolinar/beatmo/internal/ui/drumview_ctor.go:162.26,164.3 1 1
github.com/ingyamilmolinar/beatmo/internal/ui/drumview_ctor.go:165.2,172.30 5 1
github.com/ingyamilmolinar/beatmo/internal/ui/drumview_ctor.go:172.30,176.3 3 0
github.com/ingyamilmolinar/beatmo/internal/ui/drumview_ctor.go:176.8,180.3 3 1
github.com/ingyamilmolinar/beatmo/internal/ui/drumview_ctor.go:181.2,188.36 7 1
github.com/ingyamilmolinar/beatmo/internal/ui/drumview_ctor.go:188.36,188.65 1 1
github.com/ingyamilmolinar/beatmo/internal/ui/drumview_ctor.go:191.2,192.44 1 1
github.com/ingyamilmolinar/beatmo/internal/ui/drumview_ctor.go:192.44,194.20 2 0
github.com/ingyamilmolinar/beatmo/internal/ui/drumview_ctor.go:194.20,196.5 1 0
github.com/ingyamilmolinar/beatmo/internal/ui/drumview_ctor.go:196.10,197.31 1 0
github.com/ingyamilmolinar/beatmo/internal/ui/drumview_ctor.go:197.31,198.28 1 0
github.com/ingyamilmolinar/beatmo/internal/ui/drumview_ctor.go:198.28,200.34 2 0
github.com/ingyamilmolinar/beatmo/internal/ui/drumview_ctor.go:200.34,202.8 1 0
github.com/ingyamilmolinar/beatmo/internal/ui/drumview_ctor.go:203.7,204.12 2 0
github.com/ingyamilmolinar/beatmo/internal/ui/drumview_ctor.go:209.32,211.4 1 1
github.com/ingyamilmolinar/beatmo/internal/ui/drumview_ctor.go:212.36,214.4 1 1
github.com/ingyamilmolinar/beatmo/internal/ui/drumview_ctor.go:215.23,217.4 1 0
github.com/ingyamilmolinar/beatmo/internal/ui/drumview_ctor.go:218.23,220.4 1 0
github.com/ingyamilmolinar/beatmo/internal/ui/drumview_ctor.go:221.21,223.4 1 0
github.com/ingyamilmolinar/beatmo/internal/ui/drumview_ctor.go:224.60,226.4 1 1
github.com/ingyamilmolinar/beatmo/internal/ui/drumview_ctor.go:227.33,229.4 1 1
github.com/ingyamilmolinar/beatmo/internal/ui/drumview_ctor.go:230.28,230.60 1 1
github.com/ingyamilmolinar/beatmo/internal/ui/drumview_ctor.go:231.31,231.64 1 0
github.com/ingyamilmolinar/beatmo/internal/ui/drumview_ctor.go:232.28,232.60 1 1
github.com/ingyamilmolinar/beatmo/internal/ui/drumview_ctor.go:233.31,233.64 1 0
github.com/ingyamilmolinar/beatmo/internal/ui/drumview_ctor.go:234.39,237.4 2 0
github.com/ingyamilmolinar/beatmo/internal/ui/drumview_ctor.go:238.39,241.4 2 0
github.com/ingyamilmolinar/beatmo/internal/ui/drumview_ctor.go:242.34,244.4 1 1
github.com/ingyamilmolinar/beatmo/internal/ui/drumview_ctor.go:245.41,248.4 2 0
github.com/ingyamilmolinar/beatmo/internal/ui/drumview_ctor.go:250.2,263.24 3 1
github.com/ingyamilmolinar/beatmo/internal/ui/drumview_ctor.go:263.24,265.4 1 1
github.com/ingyamilmolinar/beatmo/internal/ui/drumview_ctor.go:266.18,268.4 1 1
github.com/ingyamilmolinar/beatmo/internal/ui/drumview_ctor.go:269.30,273.4 3 1
github.com/ingyamilmolinar/beatmo/internal/ui/drumview_ctor.go:274.35,276.4 1 1
github.com/ingyamilmolinar/beatmo/internal/ui/drumview_ctor.go:277.37,278.14 1 1
github.com/ingyamilmolinar/beatmo/internal/ui/drumview_ctor.go:278.14,280.5 1 1
github.com/ingyamilmolinar/beatmo/internal/ui/drumview_ctor.go:280.10,282.5 1 1
github.com/ingyamilmolinar/beatmo/internal/ui/drumview_ctor.go:284.25,287.20 3 1
github.com/ingyamilmolinar/beatmo/internal/ui/drumview_ctor.go:287.20,289.5 1 1
github.com/ingyamilmolinar/beatmo/internal/ui/drumview_ctor.go:290.4,290.43 1 1
github.com/ingyamilmolinar/beatmo/internal/ui/drumview_ctor.go:290.43,293.15 3 1
github.com/ingyamilmolinar/beatmo/internal/ui/drumview_ctor.go:293.15,296.6 2 1
github.com/ingyamilmolinar/beatmo/internal/ui/drumview_ctor.go:299.25,303.57 4 1
github.com/ingyamilmolinar/beatmo/internal/ui/drumview_ctor.go:303.57,305.5 1 1
github.com/ingyamilmolinar/beatmo/internal/ui/drumview_ctor.go:306.4,306.37 1 1
github.com/ingyamilmolinar/beatmo/internal/ui/drumview_ctor.go:306.37,308.5 1 1
github.com/ingyamilmolinar/beatmo/internal/ui/drumview_ctor.go:309.4,312.51 4 1
github.com/ingyamilmolinar/beatmo/internal/ui/drumview_ctor.go:312.51,315.5 2 1
github.com/ingyamilmolinar/beatmo/internal/ui/drumview_ctor.go:317.25,319.38 2 1
github.com/ingyamilmolinar/beatmo/internal/ui/drumview_ctor.go:319.38,321.5 1 1
github.com/ingyamilmolinar/beatmo/internal/ui/drumview_ctor.go:323.23,325.4 1 1
github.com/ingyamilmolinar/beatmo/internal/ui/drumview_ctor.go:326.26,328.4 1 0
github.com/ingyamilmolinar/beatmo/internal/ui/drumview_ctor.go:330.34,332.4 1 1
github.com/ingyamilmolinar/beatmo/internal/ui/drumview_ctor.go:333.25,335.62 1 1
github.com/ingyamilmolinar/beatmo/internal/ui/drumview_ctor.go:335.62,339.5 3 0
github.com/ingyamilmolinar/beatmo/internal/ui/drumview_ctor.go:340.4,341.32 2 1
github.com/ingyamilmolinar/beatmo/internal/ui/drumview_ctor.go:341.32,347.32 1 1
github.com/ingyamilmolinar/beatmo/internal/ui/drumview_ctor.go:347.32,348.35 1 1
github.com/ingyamilmolinar/beatmo/internal/ui/drumview_ctor.go:348.35,349.55 1 1
github.com/ingyamilmolinar/beatmo/internal/ui/drumview_ctor.go:349.55,351.9 1 0
github.com/ingyamilmolinar/beatmo/internal/ui/drumview_ctor.go:353.7,354.38 2 1
github.com/ingyamilmolinar/beatmo/internal/ui/drumview_ctor.go:356.23,356.24 0 1
github.com/ingyamilmolinar/beatmo/internal/ui/drumview_ctor.go:358.5,359.30 2 1
github.com/ingyamilmolinar/beatmo/internal/ui/drumview_ctor.go:361.4,361.29 1 1
github.com/ingyamilmolinar/beatmo/internal/ui/drumview_ctor.go:361.29,363.5 1 1
github.com/ingyamilmolinar/beatmo/internal/ui/drumview_ctor.go:365.26,366.31 1 1
github.com/ingyamilmolinar/beatmo/internal/ui/drumview_ctor.go:366.31,368.5 1 1
github.com/ingyamilmolinar/beatmo/internal/ui/drumview_ctor.go:368.10,371.29 3 1
github.com/ingyamilmolinar/beatmo/internal/ui/drumview_ctor.go:371.29,373.6 1 1
github.com/ingyamilmolinar/beatmo/internal/ui/drumview_ctor.go:374.5,374.32 1 1
github.com/ingyamilmolinar/beatmo/internal/ui/drumview_ctor.go:377.28,380.4 2 0
github.com/ingyamilmolinar/beatmo/internal/ui/drumview_ctor.go:382.2,390.47 5 1
github.com/ingyamilmolinar/beatmo/internal/ui/drumview_ctor.go:390.47,393.3 2 1
github.com/ingyamilmolinar/beatmo/internal/ui/drumview_ctor.go:397.2,398.31 1 1
github.com/ingyamilmolinar/beatmo/internal/ui/drumview_ctor.go:398.31,398.53 1 1
github.com/ingyamilmolinar/beatmo/internal/ui/drumview_ctor.go:399.31,399.53 1 1
github.com/ingyamilmolinar/beatmo/internal/ui/drumview_ctor.go:400.30,401.76 1 1
github.com/ingyamilmolinar/beatmo/internal/ui/drumview_ctor.go:401.76,404.5 2 1
github.com/ingyamilmolinar/beatmo/internal/ui/drumview_ctor.go:404.10,407.5 2 1
github.com/ingyamilmolinar/beatmo/internal/ui/drumview_ctor.go:408.4,408.29 1 1
github.com/ingyamilmolinar/beatmo/internal/ui/drumview_ctor.go:410.30,410.74 1 1
github.com/ingyamilmolinar/beatmo/internal/ui/drumview_ctor.go:411.20,415.4 3 1
github.com/ingyamilmolinar/beatmo/internal/ui/drumview_ctor.go:416.30,416.49 1 0
github.com/ingyamilmolinar/beatmo/internal/ui/drumview_ctor.go:417.46,418.38 1 0
github.com/ingyamilmolinar/beatmo/internal/ui/drumview_ctor.go:418.38,421.5 2 0
github.com/ingyamilmolinar/beatmo/internal/ui/drumview_ctor.go:423.36,425.4 1 1
github.com/ingyamilmolinar/beatmo/internal/ui/drumview_ctor.go:426.33,428.4 1 1
github.com/ingyamilmolinar/beatmo/internal/ui/drumview_ctor.go:429.35,431.88 2 1
github.com/ingyamilmolinar/beatmo/internal/ui/drumview_ctor.go:431.88,435.5 3 0
github.com/ingyamilmolinar/beatmo/internal/ui/drumview_ctor.go:436.4,436.58 1 1
github.com/ingyamilmolinar/beatmo/internal/ui/drumview_ctor.go:436.58,439.5 2 0
github.com/ingyamilmolinar/beatmo/internal/ui/drumview_ctor.go:440.4,441.32 2 1
github.com/ingyamilmolinar/beatmo/internal/ui/drumview_ctor.go:441.32,443.27 2 1
github.com/ingyamilmolinar/beatmo/internal/ui/drumview_ctor.go:443.27,445.6 1 0
github.com/ingyamilmolinar/beatmo/internal/ui/drumview_ctor.go:446.5,450.39 1 1
github.com/ingyamilmolinar/beatmo/internal/ui/drumview_ctor.go:450.39,452.7 1 1
github.com/ingyamilmolinar/beatmo/internal/ui/drumview_ctor.go:453.23,453.24 0 1
github.com/ingyamilmolinar/beatmo/internal/ui/drumview_ctor.go:455.5,456.34 2 1
github.com/ingyamilmolinar/beatmo/internal/ui/drumview_ctor.go:458.4,459.29 2 1
github.com/ingyamilmolinar/beatmo/internal/ui/drumview_ctor.go:461.31,465.28 4 1
github.com/ingyamilmolinar/beatmo/internal/ui/drumview_ctor.go:465.28,472.37 2 1
github.com/ingyamilmolinar/beatmo/internal/ui/drumview_ctor.go:472.37,474.73 2 1
github.com/ingyamilmolinar/beatmo/internal/ui/drumview_ctor.go:474.73,475.50 1 1
github.com/ingyamilmolinar/beatmo/internal/ui/drumview_ctor.go:475.50,480.9 4 1
github.com/ingyamilmolinar/beatmo/internal/ui/drumview_ctor.go:481.8,485.32 5 1
github.com/ingyamilmolinar/beatmo/internal/ui/drumview_ctor.go:485.32,486.46 1 1
github.com/ingyamilmolinar/beatmo/internal/ui/drumview_ctor.go:486.46,489.10 2 0
github.com/ingyamilmolinar/beatmo/internal/ui/drumview_ctor.go:491.8,499.55 9 1
github.com/ingyamilmolinar/beatmo/internal/ui/drumview_ctor.go:501.7,502.24 2 1
github.com/ingyamilmolinar/beatmo/internal/ui/drumview_ctor.go:504.23,507.7 2 1
github.com/ingyamilmolinar/beatmo/internal/ui/drumview_ctor.go:509.5,512.49 4 1
github.com/ingyamilmolinar/beatmo/internal/ui/drumview_ctor.go:512.49,514.6 1 1
github.com/ingyamilmolinar/beatmo/internal/ui/drumview_ctor.go:516.4,516.27 1 1
github.com/ingyamilmolinar/beatmo/internal/ui/drumview_ctor.go:516.27,522.5 5 0
github.com/ingyamilmolinar/beatmo/internal/ui/drumview_ctor.go:524.36,524.61 1 1
github.com/ingyamilmolinar/beatmo/internal/ui/drumview_ctor.go:525.36,525.63 1 1
github.com/ingyamilmolinar/beatmo/internal/ui/drumview_ctor.go:526.35,526.61 1 1
github.com/ingyamilmolinar/beatmo/internal/ui/drumview_ctor.go:527.27,529.4 1 0
github.com/ingyamilmolinar/beatmo/internal/ui/drumview_ctor.go:530.40,530.58 1 1
github.com/ingyamilmolinar/beatmo/internal/ui/drumview_ctor.go:531.43,531.82 1 1
github.com/ingyamilmolinar/beatmo/internal/ui/drumview_ctor.go:532.33,532.58 1 1
github.com/ingyamilmolinar/beatmo/internal/ui/drumview_ctor.go:533.42,533.95 1 1
github.com/ingyamilmolinar/beatmo/internal/ui/drumview_ctor.go:534.33,534.56 1 1
github.com/ingyamilmolinar/beatmo/internal/ui/drumview_ctor.go:535.34,535.60 1 1
github.com/ingyamilmolinar/beatmo/internal/ui/drumview_ctor.go:536.35,536.54 1 1
github.com/ingyamilmolinar/beatmo/internal/ui/drumview_ctor.go:538.2,547.43 3 1
github.com/ingyamilmolinar/beatmo/internal/ui/drumview_ctor.go:547.43,547.61 1 1
github.com/ingyamilmolinar/beatmo/internal/ui/drumview_ctor.go:548.37,548.60 1 1
github.com/ingyamilmolinar/beatmo/internal/ui/drumview_ctor.go:549.37,549.57 1 0
github.com/ingyamilmolinar/beatmo/internal/ui/drumview_ctor.go:550.36,550.53 1 0
github.com/ingyamilmolinar/beatmo/internal/ui/drumview_ctor.go:551.40,551.64 1 1
github.com/ingyamilmolinar/beatmo/internal/ui/drumview_ctor.go:552.36,552.70 1 1
github.com/ingyamilmolinar/beatmo/internal/ui/drumview_ctor.go:553.36,553.56 1 1
github.com/ingyamilmolinar/beatmo/internal/ui/drumview_ctor.go:554.36,554.56 1 1
github.com/ingyamilmolinar/beatmo/internal/ui/drumview_ctor.go:555.36,555.59 1 1
github.com/ingyamilmolinar/beatmo/internal/ui/drumview_ctor.go:556.36,556.63 1 1
github.com/ingyamilmolinar/beatmo/internal/ui/drumview_ctor.go:557.36,557.61 1 1
github.com/ingyamilmolinar/beatmo/internal/ui/drumview_ctor.go:558.36,558.54 1 1
github.com/ingyamilmolinar/beatmo/internal/ui/drumview_ctor.go:559.36,559.63 1 1
github.com/ingyamilmolinar/beatmo/internal/ui/drumview_ctor.go:560.38,560.57 1 0
github.com/ingyamilmolinar/beatmo/internal/ui/drumview_ctor.go:561.39,562.30 1 1
github.com/ingyamilmolinar/beatmo/internal/ui/drumview_ctor.go:562.30,566.5 3 1
github.com/ingyamilmolinar/beatmo/internal/ui/drumview_ctor.go:568.40,569.30 1 1
github.com/ingyamilmolinar/beatmo/internal/ui/drumview_ctor.go:569.30,573.5 3 1
github.com/ingyamilmolinar/beatmo/internal/ui/drumview_ctor.go:575.28,577.4 1 0
github.com/ingyamilmolinar/beatmo/internal/ui/drumview_ctor.go:578.26,579.23 1 1
github.com/ingyamilmolinar/beatmo/internal/ui/drumview_ctor.go:579.23,581.5 1 1
github.com/ingyamilmolinar/beatmo/internal/ui/drumview_ctor.go:582.4,582.12 1 1
github.com/ingyamilmolinar/beatmo/internal/ui/drumview_ctor.go:584.32,584.56 1 1
github.com/ingyamilmolinar/beatmo/internal/ui/drumview_ctor.go:585.32,585.58 1 1
github.com/ingyamilmolinar/beatmo/internal/ui/drumview_ctor.go:586.32,586.82 1 1
github.com/ingyamilmolinar/beatmo/internal/ui/drumview_ctor.go:587.43,587.72 1 1
github.com/ingyamilmolinar/beatmo/internal/ui/drumview_ctor.go:588.31,588.70 1 1
github.com/ingyamilmolinar/beatmo/internal/ui/drumview_ctor.go:589.37,591.4 1 1
github.com/ingyamilmolinar/beatmo/internal/ui/drumview_ctor.go:592.42,594.53 2 1
github.com/ingyamilmolinar/beatmo/internal/ui/drumview_ctor.go:594.53,598.5 3 1
github.com/ingyamilmolinar/beatmo/internal/ui/drumview_ctor.go:599.4,599.16 1 1
github.com/ingyamilmolinar/beatmo/internal/ui/drumview_ctor.go:601.46,604.27 3 1
github.com/ingyamilmolinar/beatmo/internal/ui/drumview_ctor.go:604.27,606.5 1 0
github.com/ingyamilmolinar/beatmo/internal/ui/drumview_ctor.go:607.4,608.15 2 1
github.com/ingyamilmolinar/beatmo/internal/ui/drumview_ctor.go:608.15,610.5 1 0
github.com/ingyamilmolinar/beatmo/internal/ui/drumview_ctor.go:611.4,611.29 1 1
github.com/ingyamilmolinar/beatmo/internal/ui/drumview_ctor.go:611.29,613.5 1 0
github.com/ingyamilmolinar/beatmo/internal/ui/drumview_ctor.go:614.4,614.35 1 1
github.com/ingyamilmolinar/beatmo/internal/ui/drumview_ctor.go:614.35,618.5 3 1
github.com/ingyamilmolinar/beatmo/internal/ui/drumview_ctor.go:620.45,622.4 1 1
github.com/ingyamilmolinar/beatmo/internal/ui/drumview_ctor.go:624.2,636.16 7 1
github.com/ingyamilmolinar/beatmo/internal/ui/drumview_ctor.go:636.16,639.3 2 1
github.com/ingyamilmolinar/beatmo/internal/ui/drumview_ctor.go:640.2,646.11 4 1
github.com/ingyamilmolinar/beatmo/internal/ui/drumview_draw.go:12.144,20.43 7 1
github.com/ingyamilmolinar/beatmo/internal/ui/drumview_draw.go:20.43,22.3 1 1
github.com/ingyamilmolinar/beatmo/internal/ui/drumview_draw.go:22.8,23.35 1 1
github.com/ingyamilmolinar/beatmo/internal/ui/drumview_draw.go:23.35,25.4 1 1
github.com/ingyamilmolinar/beatmo/internal/ui/drumview_draw.go:27.2,27.40 1 1
github.com/ingyamilmolinar/beatmo/internal/ui/drumview_draw.go:27.40,31.3 3 0
github.com/ingyamilmolinar/beatmo/internal/ui/drumview_draw.go:32.2,32.38 1 1
github.com/ingyamilmolinar/beatmo/internal/ui/drumview_draw.go:32.38,36.3 3 0
github.com/ingyamilmolinar/beatmo/internal/ui/drumview_draw.go:41.2,41.20 1 1
github.com/ingyamilmolinar/beatmo/internal/ui/drumview_draw.go:41.20,42.32 1 1
github.com/ingyamilmolinar/beatmo/internal/ui/drumview_draw.go:42.32,44.52 2 1
github.com/ingyamilmolinar/beatmo/internal/ui/drumview_draw.go:44.52,47.5 2 1
github.com/ingyamilmolinar/beatmo/internal/ui/drumview_draw.go:51.2,58.81 6 1
github.com/ingyamilmolinar/beatmo/internal/ui/drumview_draw.go:58.81,59.44 1 1
github.com/ingyamilmolinar/beatmo/internal/ui/drumview_draw.go:59.44,61.55 2 1
github.com/ingyamilmolinar/beatmo/internal/ui/drumview_draw.go:61.55,63.5 1 1
github.com/ingyamilmolinar/beatmo/internal/ui/drumview_draw.go:64.4,65.55 2 1
github.com/ingyamilmolinar/beatmo/internal/ui/drumview_draw.go:65.55,68.5 1 1
github.com/ingyamilmolinar/beatmo/internal/ui/drumview_draw.go:71.2,71.49 1 1
github.com/ingyamilmolinar/beatmo/internal/ui/drumview_draw.go:71.49,73.3 1 1
github.com/ingyamilmolinar/beatmo/internal/ui/drumview_draw.go:74.2,74.11 1 1
github.com/ingyamilmolinar/beatmo/internal/ui/drumview_draw.go:74.11,76.3 1 1
github.com/ingyamilmolinar/beatmo/internal/ui/drumview_draw.go:79.2,82.20 2 1
github.com/ingyamilmolinar/beatmo/internal/ui/drumview_draw.go:82.20,85.3 2 1
github.com/ingyamilmolinar/beatmo/internal/ui/drumview_draw.go:88.2,88.41 1 1
github.com/ingyamilmolinar/beatmo/internal/ui/drumview_draw.go:88.41,90.18 2 1
github.com/ingyamilmolinar/beatmo/internal/ui/drumview_draw.go:90.18,95.4 4 1
github.com/ingyamilmolinar/beatmo/internal/ui/drumview_draw.go:99.2,104.21 4 1
github.com/ingyamilmolinar/beatmo/internal/ui/drumview_draw.go:104.21,106.3 1 1
github.com/ingyamilmolinar/beatmo/internal/ui/drumview_draw.go:106.8,108.3 1 0
github.com/ingyamilmolinar/beatmo/internal/ui/drumview_draw.go:111.2,111.11 1 1
github.com/ingyamilmolinar/beatmo/internal/ui/drumview_draw.go:111.11,115.3 2 1
github.com/ingyamilmolinar/beatmo/internal/ui/drumview_draw.go:118.2,123.11 3 1
github.com/ingyamilmolinar/beatmo/internal/ui/drumview_draw.go:123.11,125.3 1 1
github.com/ingyamilmolinar/beatmo/internal/ui/drumview_draw.go:128.2,128.20 1 1
github.com/ingyamilmolinar/beatmo/internal/ui/drumview_draw.go:128.20,130.3 1 1
github.com/ingyamilmolinar/beatmo/internal/ui/drumview_draw.go:132.2,132.55 1 1
github.com/ingyamilmolinar/beatmo/internal/ui/drumview_draw.go:132.55,135.3 2 1
github.com/ingyamilmolinar/beatmo/internal/ui/drumview_draw.go:140.64,142.23 2 1
github.com/ingyamilmolinar/beatmo/internal/ui/drumview_draw.go:142.23,145.29 3 0
github.com/ingyamilmolinar/beatmo/internal/ui/drumview_draw.go:145.29,149.4 3 0
github.com/ingyamilmolinar/beatmo/internal/ui/drumview_draw.go:151.2,151.26 1 1
github.com/ingyamilmolinar/beatmo/internal/ui/drumview_draw.go:151.26,153.3 1 1
github.com/ingyamilmolinar/beatmo/internal/ui/drumview_draw.go:154.2,155.36 2 1
github.com/ingyamilmolinar/beatmo/internal/ui/drumview_draw.go:155.36,157.40 2 1
github.com/ingyamilmolinar/beatmo/internal/ui/drumview_draw.go:157.40,159.4 1 1
github.com/ingyamilmolinar/beatmo/internal/ui/drumview_draw.go:160.3,160.40 1 1
github.com/ingyamilmolinar/beatmo/internal/ui/drumview_draw.go:160.40,162.4 1 1
github.com/ingyamilmolinar/beatmo/internal/ui/drumview_draw.go:164.2,165.33 2 1
github.com/ingyamilmolinar/beatmo/internal/ui/drumview_draw.go:165.33,167.3 1 1
github.com/ingyamilmolinar/beatmo/internal/ui/drumview_draw.go:168.2,168.53 1 1
github.com/ingyamilmolinar/beatmo/internal/ui/drumview_draw.go:168.53,170.3 1 1
github.com/ingyamilmolinar/beatmo/internal/ui/drumview_draw.go:171.2,171.30 1 1
github.com/ingyamilmolinar/beatmo/internal/ui/drumview_draw.go:179.55,185.28 6 1
github.com/ingyamilmolinar/beatmo/internal/ui/drumview_draw.go:185.28,187.3 1 0
github.com/ingyamilmolinar/beatmo/internal/ui/drumview_draw.go:188.2,192.71 4 1
github.com/ingyamilmolinar/beatmo/internal/ui/drumview_draw.go:192.71,197.15 4 1
github.com/ingyamilmolinar/beatmo/internal/ui/drumview_draw.go:197.15,199.4 1 0
github.com/ingyamilmolinar/beatmo/internal/ui/drumview_draw.go:200.3,202.12 3 1
github.com/ingyamilmolinar/beatmo/internal/ui/drumview_draw.go:202.12,203.12 1 0
github.com/ingyamilmolinar/beatmo/internal/ui/drumview_draw.go:205.3,205.18 1 1
github.com/ingyamilmolinar/beatmo/internal/ui/drumview_draw.go:205.18,207.27 1 1
github.com/ingyamilmolinar/beatmo/internal/ui/drumview_draw.go:207.27,210.17 3 1
github.com/ingyamilmolinar/beatmo/internal/ui/drumview_draw.go:210.17,212.6 1 0
github.com/ingyamilmolinar/beatmo/internal/ui/drumview_draw.go:213.5,216.29 4 1
github.com/ingyamilmolinar/beatmo/internal/ui/drumview_draw.go:216.29,218.6 1 1
github.com/ingyamilmolinar/beatmo/internal/ui/drumview_draw.go:219.5,220.39 2 1
github.com/ingyamilmolinar/beatmo/internal/ui/drumview_draw.go:220.39,222.6 1 0
github.com/ingyamilmolinar/beatmo/internal/ui/drumview_draw.go:223.5,224.12 2 1
github.com/ingyamilmolinar/beatmo/internal/ui/drumview_draw.go:226.9,229.16 2 1
github.com/ingyamilmolinar/beatmo/internal/ui/drumview_draw.go:229.16,231.5 1 0
github.com/ingyamilmolinar/beatmo/internal/ui/drumview_draw.go:232.4,233.34 2 1
github.com/ingyamilmolinar/beatmo/internal/ui/drumview_draw.go:233.34,235.19 2 1
github.com/ingyamilmolinar/beatmo/internal/ui/drumview_draw.go:235.19,239.6 3 1
github.com/ingyamilmolinar/beatmo/internal/ui/drumview_draw.go:242.3,242.42 1 1
github.com/ingyamilmolinar/beatmo/internal/ui/drumview_draw.go:242.42,244.4 1 1
github.com/ingyamilmolinar/beatmo/internal/ui/drumview_draw.go:246.2,247.28 2 1
github.com/ingyamilmolinar/beatmo/internal/ui/drumview_draw.go:252.57,254.28 2 1
github.com/ingyamilmolinar/beatmo/internal/ui/drumview_draw.go:254.28,255.62 1 1
github.com/ingyamilmolinar/beatmo/internal/ui/drumview_draw.go:255.62,256.45 1 0
github.com/ingyamilmolinar/beatmo/internal/ui/drumview_draw.go:256.45,258.19 2 0
github.com/ingyamilmolinar/beatmo/internal/ui/drumview_draw.go:258.19,259.14 1 0
github.com/ingyamilmolinar/beatmo/internal/ui/drumview_draw.go:261.5,264.28 4 0
github.com/ingyamilmolinar/beatmo/internal/ui/drumview_draw.go:266.4,267.73 2 0
github.com/ingyamilmolinar/beatmo/internal/ui/drumview_draw.go:267.73,268.44 1 0
github.com/ingyamilmolinar/beatmo/internal/ui/drumview_draw.go:268.44,270.6 1 0
github.com/ingyamilmolinar/beatmo/internal/ui/drumview_draw.go:272.9,273.32 1 1
github.com/ingyamilmolinar/beatmo/internal/ui/drumview_draw.go:273.32,275.5 1 1
github.com/ingyamilmolinar/beatmo/internal/ui/drumview_draw.go:275.10,278.28 3 1
github.com/ingyamilmolinar/beatmo/internal/ui/drumview_draw.go:278.28,283.75 5 1
github.com/ingyamilmolinar/beatmo/internal/ui/drumview_draw.go:283.75,284.46 1 1
github.com/ingyamilmolinar/beatmo/internal/ui/drumview_draw.go:284.46,286.8 1 1
github.com/ingyamilmolinar/beatmo/internal/ui/drumview_draw.go:291.8,293.26 2 1
github.com/ingyamilmolinar/beatmo/internal/ui/drumview_draw.go:293.26,297.4 3 1
github.com/ingyamilmolinar/beatmo/internal/ui/drumview_draw_controls_eq.go:10.44,12.27 2 1
github.com/ingyamilmolinar/beatmo/internal/ui/drumview_draw_controls_eq.go:12.27,14.3 1 1
github.com/ingyamilmolinar/beatmo/internal/ui/drumview_draw_controls_eq.go:19.64,20.27 1 1
github.com/ingyamilmolinar/beatmo/internal/ui/drumview_draw_controls_eq.go:20.27,22.3 1 1
github.com/ingyamilmolinar/beatmo/internal/ui/drumview_draw_controls_eq.go:23.2,23.26 1 0
github.com/ingyamilmolinar/beatmo/internal/ui/drumview_draw_controls_eq.go:27.47,28.27 1 1
github.com/ingyamilmolinar/beatmo/internal/ui/drumview_draw_controls_eq.go:28.27,32.3 2 1
github.com/ingyamilmolinar/beatmo/internal/ui/drumview_draw_eq_curve.go:18.49,19.13 1 1
github.com/ingyamilmolinar/beatmo/internal/ui/drumview_draw_eq_curve.go:19.13,21.3 1 0
github.com/ingyamilmolinar/beatmo/internal/ui/drumview_draw_eq_curve.go:22.2,25.41 4 1
github.com/ingyamilmolinar/beatmo/internal/ui/drumview_draw_eq_curve.go:29.48,30.17 1 1
github.com/ingyamilmolinar/beatmo/internal/ui/drumview_draw_eq_curve.go:30.17,32.3 1 0
github.com/ingyamilmolinar/beatmo/internal/ui/drumview_draw_eq_curve.go:33.2,34.11 2 1
github.com/ingyamilmolinar/beatmo/internal/ui/drumview_draw_eq_curve.go:34.11,36.3 1 0
github.com/ingyamilmolinar/beatmo/internal/ui/drumview_draw_eq_curve.go:37.2,37.11 1 1
github.com/ingyamilmolinar/beatmo/internal/ui/drumview_draw_eq_curve.go:37.11,39.3 1 0
github.com/ingyamilmolinar/beatmo/internal/ui/drumview_draw_eq_curve.go:40.2,42.47 3 1
github.com/ingyamilmolinar/beatmo/internal/ui/drumview_draw_eq_curve.go:47.51,50.2 2 1
github.com/ingyamilmolinar/beatmo/internal/ui/drumview_draw_eq_curve.go:53.50,56.23 3 1
github.com/ingyamilmolinar/beatmo/internal/ui/drumview_draw_eq_curve.go:56.23,58.3 1 0
github.com/ingyamilmolinar/beatmo/internal/ui/drumview_draw_eq_curve.go:59.2,59.23 1 1
github.com/ingyamilmolinar/beatmo/internal/ui/drumview_draw_eq_curve.go:59.23,61.3 1 0
github.com/ingyamilmolinar/beatmo/internal/ui/drumview_draw_eq_curve.go:62.2,62.31 1 1
github.com/ingyamilmolinar/beatmo/internal/ui/drumview_draw_eq_curve.go:66.37,67.50 1 1
github.com/ingyamilmolinar/beatmo/internal/ui/drumview_draw_eq_curve.go:67.50,69.3 1 1
github.com/ingyamilmolinar/beatmo/internal/ui/drumview_draw_eq_curve.go:70.2,73.18 4 1
github.com/ingyamilmolinar/beatmo/internal/ui/drumview_draw_eq_curve.go:73.18,76.3 2 1
github.com/ingyamilmolinar/beatmo/internal/ui/drumview_draw_eq_curve.go:76.8,77.29 1 0
github.com/ingyamilmolinar/beatmo/internal/ui/drumview_draw_eq_curve.go:77.29,78.26 1 0
github.com/ingyamilmolinar/beatmo/internal/ui/drumview_draw_eq_curve.go:78.26,81.10 3 0
github.com/ingyamilmolinar/beatmo/internal/ui/drumview_draw_eq_curve.go:85.2,89.25 3 1
github.com/ingyamilmolinar/beatmo/internal/ui/drumview_draw_eq_curve.go:94.62,98.36 4 1
github.com/ingyamilmolinar/beatmo/internal/ui/drumview_draw_eq_curve.go:98.36,101.12 3 1
github.com/ingyamilmolinar/beatmo/internal/ui/drumview_draw_eq_curve.go:101.12,103.4 1 1
github.com/ingyamilmolinar/beatmo/internal/ui/drumview_draw_eq_curve.go:104.3,104.19 1 1
github.com/ingyamilmolinar/beatmo/internal/ui/drumview_draw_eq_curve.go:104.19,107.4 2 1
github.com/ingyamilmolinar/beatmo/internal/ui/drumview_draw_eq_curve.go:109.2,109.35 1 1
github.com/ingyamilmolinar/beatmo/internal/ui/drumview_draw_eq_curve.go:109.35,111.3 1 0
github.com/ingyamilmolinar/beatmo/internal/ui/drumview_draw_eq_curve.go:112.2,112.35 1 1
github.com/ingyamilmolinar/beatmo/internal/ui/drumview_draw_eq_curve.go:112.35,114.3 1 0
github.com/ingyamilmolinar/beatmo/internal/ui/drumview_draw_eq_curve.go:115.2,115.13 1 1
github.com/ingyamilmolinar/beatmo/internal/ui/drumview_draw_eq_curve.go:120.70,122.36 2 1
github.com/ingyamilmolinar/beatmo/internal/ui/drumview_draw_eq_curve.go:122.36,124.3 1 0
github.com/ingyamilmolinar/beatmo/internal/ui/drumview_draw_eq_curve.go:127.2,127.32 1 1
github.com/ingyamilmolinar/beatmo/internal/ui/drumview_draw_eq_curve.go:127.32,128.15 1 1
github.com/ingyamilmolinar/beatmo/internal/ui/drumview_draw_eq_curve.go:128.15,132.4 3 1
github.com/ingyamilmolinar/beatmo/internal/ui/drumview_draw_eq_curve.go:133.3,134.36 2 1
github.com/ingyamilmolinar/beatmo/internal/ui/drumview_draw_eq_curve.go:134.36,135.17 1 1
github.com/ingyamilmolinar/beatmo/internal/ui/drumview_draw_eq_curve.go:135.17,137.5 1 0
github.com/ingyamilmolinar/beatmo/internal/ui/drumview_draw_eq_curve.go:138.4,138.19 1 1
github.com/ingyamilmolinar/beatmo/internal/ui/drumview_draw_eq_curve.go:138.19,140.5 1 0
github.com/ingyamilmolinar/beatmo/internal/ui/drumview_draw_eq_curve.go:141.4,141.31 1 1
github.com/ingyamilmolinar/beatmo/internal/ui/drumview_draw_eq_curve.go:142.9,143.19 1 1
github.com/ingyamilmolinar/beatmo/internal/ui/drumview_draw_eq_curve.go:143.19,145.5 1 0
github.com/ingyamilmolinar/beatmo/internal/ui/drumview_draw_eq_curve.go:146.4,146.20 1 1
github.com/ingyamilmolinar/beatmo/internal/ui/drumview_draw_eq_curve.go:146.20,148.5 1 0
github.com/ingyamilmolinar/beatmo/internal/ui/drumview_draw_eq_curve.go:149.4,149.31 1 1
github.com/ingyamilmolinar/beatmo/internal/ui/drumview_draw_eq_curve.go:151.3,152.14 2 1
github.com/ingyamilmolinar/beatmo/internal/ui/drumview_draw_eq_curve.go:155.2,155.29 1 1
github.com/ingyamilmolinar/beatmo/internal/ui/drumview_draw_eq_curve.go:155.29,157.15 1 1
github.com/ingyamilmolinar/beatmo/internal/ui/drumview_draw_eq_curve.go:157.15,162.4 3 1
github.com/ingyamilmolinar/beatmo/internal/ui/drumview_draw_eq_curve.go:164.3,167.19 4 1
github.com/ingyamilmolinar/beatmo/internal/ui/drumview_draw_eq_curve.go:167.19,168.38 1 1
github.com/ingyamilmolinar/beatmo/internal/ui/drumview_draw_eq_curve.go:168.38,170.5 1 1
github.com/ingyamilmolinar/beatmo/internal/ui/drumview_draw_eq_curve.go:171.9,172.32 1 0
github.com/ingyamilmolinar/beatmo/internal/ui/drumview_draw_eq_curve.go:172.32,173.29 1 0
github.com/ingyamilmolinar/beatmo/internal/ui/drumview_draw_eq_curve.go:173.29,175.35 2 0
github.com/ingyamilmolinar/beatmo/internal/ui/drumview_draw_eq_curve.go:175.35,177.7 1 0
github.com/ingyamilmolinar/beatmo/internal/ui/drumview_draw_eq_curve.go:178.6,178.11 1 0
github.com/ingyamilmolinar/beatmo/internal/ui/drumview_draw_eq_curve.go:182.3,183.14 2 1
github.com/ingyamilmolinar/beatmo/internal/ui/drumview_draw_eq_curve.go:186.2,186.14 1 1
github.com/ingyamilmolinar/beatmo/internal/ui/drumview_draw_eq_curve.go:186.14,188.3 1 0
github.com/ingyamilmolinar/beatmo/internal/ui/drumview_draw_eq_curve.go:191.2,192.15 2 1
github.com/ingyamilmolinar/beatmo/internal/ui/drumview_draw_eq_curve.go:192.15,194.3 1 0
github.com/ingyamilmolinar/beatmo/internal/ui/drumview_draw_eq_curve.go:196.2,199.27 2 1
github.com/ingyamilmolinar/beatmo/internal/ui/drumview_draw_eq_curve.go:199.27,205.41 6 1
github.com/ingyamilmolinar/beatmo/internal/ui/drumview_draw_eq_curve.go:205.41,208.4 2 1
github.com/ingyamilmolinar/beatmo/internal/ui/drumview_draw_eq_curve.go:212.2,212.27 1 1
github.com/ingyamilmolinar/beatmo/internal/ui/drumview_draw_eq_curve.go:212.27,218.41 6 1
github.com/ingyamilmolinar/beatmo/internal/ui/drumview_draw_eq_curve.go:218.41,221.4 2 1
github.com/ingyamilmolinar/beatmo/internal/ui/drumview_draw_eq_curve.go:225.2,227.18 3 1
github.com/ingyamilmolinar/beatmo/internal/ui/drumview_draw_eq_curve.go:227.18,229.3 1 1
github.com/ingyamilmolinar/beatmo/internal/ui/drumview_draw_eq_curve.go:229.8,230.31 1 0
github.com/ingyamilmolinar/beatmo/internal/ui/drumview_draw_eq_curve.go:230.31,231.28 1 0
github.com/ingyamilmolinar/beatmo/internal/ui/drumview_draw_eq_curve.go:231.28,233.10 2 0
github.com/ingyamilmolinar/beatmo/internal/ui/drumview_draw_eq_curve.go:238.2,238.33 1 1
github.com/ingyamilmolinar/beatmo/internal/ui/drumview_draw_eq_curve.go:238.33,242.21 4 1
github.com/ingyamilmolinar/beatmo/internal/ui/drumview_draw_eq_curve.go:242.21,244.4 1 1
github.com/ingyamilmolinar/beatmo/internal/ui/drumview_draw_eq_curve.go:245.3,248.41 4 1
github.com/ingyamilmolinar/beatmo/internal/ui/drumview_draw_eq_curve.go:248.41,251.4 2 1
github.com/ingyamilmolinar/beatmo/internal/ui/drumview_draw_eq_curve.go:253.2,253.14 1 0
github.com/ingyamilmolinar/beatmo/internal/ui/drumview_draw_eq_curve.go:257.48,258.28 1 0
github.com/ingyamilmolinar/beatmo/internal/ui/drumview_draw_eq_curve.go:258.28,259.15 1 0
github.com/ingyamilmolinar/beatmo/internal/ui/drumview_draw_eq_curve.go:259.15,261.4 1 0
github.com/ingyamilmolinar/beatmo/internal/ui/drumview_draw_eq_curve.go:263.2,263.11 1 0
github.com/ingyamilmolinar/beatmo/internal/ui/drumview_draw_layout_guides.go:11.57,12.23 1 1
github.com/ingyamilmolinar/beatmo/internal/ui/drumview_draw_layout_guides.go:12.23,14.3 1 0
github.com/ingyamilmolinar/beatmo/internal/ui/drumview_draw_layout_guides.go:15.2,15.33 1 1
github.com/ingyamilmolinar/beatmo/internal/ui/drumview_draw_layout_guides.go:15.33,17.3 1 1
github.com/ingyamilmolinar/beatmo/internal/ui/drumview_draw_layout_guides.go:21.2,23.12 3 1
github.com/ingyamilmolinar/beatmo/internal/ui/drumview_draw_layout_guides.go:23.12,25.3 1 1
github.com/ingyamilmolinar/beatmo/internal/ui/drumview_draw_layout_guides.go:26.2,28.61 3 1
github.com/ingyamilmolinar/beatmo/internal/ui/drumview_draw_layout_guides.go:28.61,29.14 1 1
github.com/ingyamilmolinar/beatmo/internal/ui/drumview_draw_layout_guides.go:29.14,31.4 1 0
github.com/ingyamilmolinar/beatmo/internal/ui/drumview_draw_layout_guides.go:32.3,32.14 1 1
github.com/ingyamilmolinar/beatmo/internal/ui/drumview_draw_layout_guides.go:32.14,34.4 1 0
github.com/ingyamilmolinar/beatmo/internal/ui/drumview_draw_layout_guides.go:35.3,35.53 1 1
github.com/ingyamilmolinar/beatmo/internal/ui/drumview_draw_layout_guides.go:38.2,40.11 3 1
github.com/ingyamilmolinar/beatmo/internal/ui/drumview_draw_layout_guides.go:40.11,43.3 2 1
github.com/ingyamilmolinar/beatmo/internal/ui/drumview_draw_layout_guides.go:44.2,44.46 1 1
github.com/ingyamilmolinar/beatmo/internal/ui/drumview_draw_layout_guides.go:44.46,49.12 5 1
github.com/ingyamilmolinar/beatmo/internal/ui/drumview_draw_layout_guides.go:49.12,51.124 2 1
github.com/ingyamilmolinar/beatmo/internal/ui/drumview_draw_layout_guides.go:51.124,54.5 2 0
github.com/ingyamilmolinar/beatmo/internal/ui/drumview_draw_layout_guides.go:56.3,56.39 1 1
github.com/ingyamilmolinar/beatmo/internal/ui/drumview_draw_layout_guides.go:56.39,58.33 2 1
github.com/ingyamilmolinar/beatmo/internal/ui/drumview_draw_layout_guides.go:58.33,60.5 1 1
github.com/ingyamilmolinar/beatmo/internal/ui/drumview_draw_layout_guides.go:61.9,63.4 1 1
github.com/ingyamilmolinar/beatmo/internal/ui/drumview_draw_layout_guides.go:65.2,65.46 1 1
github.com/ingyamilmolinar/beatmo/internal/ui/drumview_draw_layout_guides.go:65.46,70.12 5 1
github.com/ingyamilmolinar/beatmo/internal/ui/drumview_draw_layout_guides.go:70.12,72.124 2 1
github.com/ingyamilmolinar/beatmo/internal/ui/drumview_draw_layout_guides.go:72.124,75.5 2 0
github.com/ingyamilmolinar/beatmo/internal/ui/drumview_draw_layout_guides.go:77.3,77.39 1 1
github.com/ingyamilmolinar/beatmo/internal/ui/drumview_draw_layout_guides.go:77.39,79.33 2 1
github.com/ingyamilmolinar/beatmo/internal/ui/drumview_draw_layout_guides.go:79.33,81.5 1 0
github.com/ingyamilmolinar/beatmo/internal/ui/drumview_draw_layout_guides.go:82.9,84.4 1 1
github.com/ingyamilmolinar/beatmo/internal/ui/drumview_draw_layout_guides.go:91.56,92.23 1 1
github.com/ingyamilmolinar/beatmo/internal/ui/drumview_draw_layout_guides.go:92.23,94.3 1 0
github.com/ingyamilmolinar/beatmo/internal/ui/drumview_draw_layout_guides.go:95.2,95.33 1 1
github.com/ingyamilmolinar/beatmo/internal/ui/drumview_draw_layout_guides.go:95.33,97.3 1 1
github.com/ingyamilmolinar/beatmo/internal/ui/drumview_draw_layout_guides.go:98.2,98.48 1 1
github.com/ingyamilmolinar/beatmo/internal/ui/drumview_draw_layout_guides.go:98.48,102.30 3 1
github.com/ingyamilmolinar/beatmo/internal/ui/drumview_draw_layout_guides.go:102.30,104.18 2 1
github.com/ingyamilmolinar/beatmo/internal/ui/drumview_draw_layout_guides.go:104.18,105.13 1 0
github.com/ingyamilmolinar/beatmo/internal/ui/drumview_draw_layout_guides.go:107.4,109.51 3 1
github.com/ingyamilmolinar/beatmo/internal/ui/drumview_draw_layout_guides.go:112.2,112.48 1 1
github.com/ingyamilmolinar/beatmo/internal/ui/drumview_draw_layout_guides.go:112.48,116.30 3 1
github.com/ingyamilmolinar/beatmo/internal/ui/drumview_draw_layout_guides.go:116.30,118.18 2 1
github.com/ingyamilmolinar/beatmo/internal/ui/drumview_draw_layout_guides.go:118.18,119.13 1 1
github.com/ingyamilmolinar/beatmo/internal/ui/drumview_draw_layout_guides.go:121.4,123.50 3 1
github.com/ingyamilmolinar/beatmo/internal/ui/drumview_draw_waveform.go:11.82,13.20 2 0
github.com/ingyamilmolinar/beatmo/internal/ui/drumview_draw_waveform.go:13.20,16.3 2 0
github.com/ingyamilmolinar/beatmo/internal/ui/drumview_draw_waveform.go:18.2,22.16 4 0
github.com/ingyamilmolinar/beatmo/internal/ui/drumview_draw_waveform.go:22.16,24.3 1 0
github.com/ingyamilmolinar/beatmo/internal/ui/drumview_draw_waveform.go:27.2,28.31 2 0
github.com/ingyamilmolinar/beatmo/internal/ui/drumview_draw_waveform.go:28.31,30.3 1 0
github.com/ingyamilmolinar/beatmo/internal/ui/drumview_draw_waveform.go:33.2,33.60 1 0
github.com/ingyamilmolinar/beatmo/internal/ui/drumview_draw_waveform.go:37.108,39.29 2 0
github.com/ingyamilmolinar/beatmo/internal/ui/drumview_draw_waveform.go:39.29,42.25 3 0
github.com/ingyamilmolinar/beatmo/internal/ui/drumview_draw_waveform.go:42.25,44.4 1 0
github.com/ingyamilmolinar/beatmo/internal/ui/drumview_draw_waveform.go:45.3,45.19 1 0
github.com/ingyamilmolinar/beatmo/internal/ui/drumview_draw_waveform.go:45.19,47.4 1 0
github.com/ingyamilmolinar/beatmo/internal/ui/drumview_draw_waveform.go:48.3,48.22 1 0
github.com/ingyamilmolinar/beatmo/internal/ui/drumview_draw_waveform.go:48.22,50.4 1 0
github.com/ingyamilmolinar/beatmo/internal/ui/drumview_draw_waveform.go:51.3,52.32 2 0
github.com/ingyamilmolinar/beatmo/internal/ui/drumview_draw_waveform.go:52.32,54.16 2 0
github.com/ingyamilmolinar/beatmo/internal/ui/drumview_draw_waveform.go:54.16,56.5 1 0
github.com/ingyamilmolinar/beatmo/internal/ui/drumview_draw_waveform.go:57.4,57.16 1 0
github.com/ingyamilmolinar/beatmo/internal/ui/drumview_draw_waveform.go:57.16,59.5 1 0
github.com/ingyamilmolinar/beatmo/internal/ui/drumview_draw_waveform.go:61.3,63.14 3 0
github.com/ingyamilmolinar/beatmo/internal/ui/drumview_draw_waveform.go:63.14,65.4 1 0
github.com/ingyamilmolinar/beatmo/internal/ui/drumview_draw_waveform.go:66.3,66.27 1 0
github.com/ingyamilmolinar/beatmo/internal/ui/drumview_draw_waveform.go:66.27,68.4 1 0
github.com/ingyamilmolinar/beatmo/internal/ui/drumview_draw_waveform.go:69.3,69.27 1 0
github.com/ingyamilmolinar/beatmo/internal/ui/drumview_draw_waveform.go:69.27,71.4 1 0
github.com/ingyamilmolinar/beatmo/internal/ui/drumview_draw_waveform.go:72.3,72.15 1 0
github.com/ingyamilmolinar/beatmo/internal/ui/drumview_draw_waveform.go:72.15,74.4 1 0
github.com/ingyamilmolinar/beatmo/internal/ui/drumview_draw_waveform.go:75.3,75.87 1 0
github.com/ingyamilmolinar/beatmo/internal/ui/drumview_eq_test_override.go:5.13,8.2 1 1
github.com/ingyamilmolinar/beatmo/internal/ui/drumview_fx_panel.go:14.44,15.48 1 1
github.com/ingyamilmolinar/beatmo/internal/ui/drumview_fx_panel.go:15.48,18.3 2 1
github.com/ingyamilmolinar/beatmo/internal/ui/drumview_fx_panel.go:20.2,21.21 2 1
github.com/ingyamilmolinar/beatmo/internal/ui/drumview_fx_panel.go:24.42,25.36 1 1
github.com/ingyamilmolinar/beatmo/internal/ui/drumview_fx_panel.go:25.36,27.3 1 1
github.com/ingyamilmolinar/beatmo/internal/ui/drumview_fx_panel.go:28.2,34.24 7 1
github.com/ingyamilmolinar/beatmo/internal/ui/drumview_fx_panel.go:37.36,48.2 10 1
github.com/ingyamilmolinar/beatmo/internal/ui/drumview_fx_panel.go:51.53,52.70 1 1
github.com/ingyamilmolinar/beatmo/internal/ui/drumview_fx_panel.go:52.70,54.3 1 1
github.com/ingyamilmolinar/beatmo/internal/ui/drumview_fx_panel.go:55.2,59.70 5 1
github.com/ingyamilmolinar/beatmo/internal/ui/drumview_fx_panel.go:91.66,92.14 1 1
github.com/ingyamilmolinar/beatmo/internal/ui/drumview_fx_panel.go:92.14,94.3 1 1
github.com/ingyamilmolinar/beatmo/internal/ui/drumview_fx_panel.go:95.2,95.31 1 1
github.com/ingyamilmolinar/beatmo/internal/ui/drumview_fx_panel.go:95.31,97.3 1 1
github.com/ingyamilmolinar/beatmo/internal/ui/drumview_fx_panel.go:98.2,98.36 1 1
github.com/ingyamilmolinar/beatmo/internal/ui/drumview_fx_panel.go:102.36,104.36 2 1
github.com/ingyamilmolinar/beatmo/internal/ui/drumview_fx_panel.go:104.36,107.3 2 1
github.com/ingyamilmolinar/beatmo/internal/ui/drumview_fx_panel.go:111.2,112.31 2 1
github.com/ingyamilmolinar/beatmo/internal/ui/drumview_fx_panel.go:112.31,114.3 1 1
github.com/ingyamilmolinar/beatmo/internal/ui/drumview_fx_panel.go:115.2,115.49 1 1
github.com/ingyamilmolinar/beatmo/internal/ui/drumview_fx_panel.go:115.49,117.3 1 1
github.com/ingyamilmolinar/beatmo/internal/ui/drumview_fx_panel.go:119.2,126.12 6 1
github.com/ingyamilmolinar/beatmo/internal/ui/drumview_fx_panel.go:126.12,128.19 2 1
github.com/ingyamilmolinar/beatmo/internal/ui/drumview_fx_panel.go:128.19,130.4 1 0
github.com/ingyamilmolinar/beatmo/internal/ui/drumview_fx_panel.go:131.3,134.29 4 1
github.com/ingyamilmolinar/beatmo/internal/ui/drumview_fx_panel.go:135.8,141.3 5 1
github.com/ingyamilmolinar/beatmo/internal/ui/drumview_fx_panel.go:144.2,144.13 1 1
github.com/ingyamilmolinar/beatmo/internal/ui/drumview_fx_panel.go:144.13,146.29 2 1
github.com/ingyamilmolinar/beatmo/internal/ui/drumview_fx_panel.go:146.29,147.17 1 1
github.com/ingyamilmolinar/beatmo/internal/ui/drumview_fx_panel.go:147.17,149.36 2 1
github.com/ingyamilmolinar/beatmo/internal/ui/drumview_fx_panel.go:149.36,150.31 1 1
github.com/ingyamilmolinar/beatmo/internal/ui/drumview_fx_panel.go:150.31,153.47 3 1
github.com/ingyamilmolinar/beatmo/internal/ui/drumview_fx_panel.go:153.47,155.8 1 1
github.com/ingyamilmolinar/beatmo/internal/ui/drumview_fx_panel.go:160.3,161.27 2 1
github.com/ingyamilmolinar/beatmo/internal/ui/drumview_fx_panel.go:161.27,163.4 1 1
github.com/ingyamilmolinar/beatmo/internal/ui/drumview_fx_panel.go:166.3,167.25 2 1
github.com/ingyamilmolinar/beatmo/internal/ui/drumview_fx_panel.go:167.25,169.4 1 0
github.com/ingyamilmolinar/beatmo/internal/ui/drumview_fx_panel.go:170.3,170.33 1 1
github.com/ingyamilmolinar/beatmo/internal/ui/drumview_fx_panel.go:170.33,172.4 1 0
github.com/ingyamilmolinar/beatmo/internal/ui/drumview_fx_panel.go:176.2,177.34 2 1
github.com/ingyamilmolinar/beatmo/internal/ui/drumview_fx_panel.go:177.34,179.42 2 1
github.com/ingyamilmolinar/beatmo/internal/ui/drumview_fx_panel.go:179.42,181.35 2 1
github.com/ingyamilmolinar/beatmo/internal/ui/drumview_fx_panel.go:181.35,183.5 1 1
github.com/ingyamilmolinar/beatmo/internal/ui/drumview_fx_panel.go:186.2,186.22 1 1
github.com/ingyamilmolinar/beatmo/internal/ui/drumview_fx_panel.go:186.22,188.3 1 1
github.com/ingyamilmolinar/beatmo/internal/ui/drumview_fx_panel.go:188.8,190.3 1 1
github.com/ingyamilmolinar/beatmo/internal/ui/drumview_fx_panel.go:191.2,191.19 1 1
github.com/ingyamilmolinar/beatmo/internal/ui/drumview_fx_panel.go:191.19,193.3 1 1
github.com/ingyamilmolinar/beatmo/internal/ui/drumview_fx_panel.go:196.2,198.19 3 1
github.com/ingyamilmolinar/beatmo/internal/ui/drumview_fx_panel.go:198.19,200.3 1 1
github.com/ingyamilmolinar/beatmo/internal/ui/drumview_fx_panel.go:204.2,207.26 4 1
github.com/ingyamilmolinar/beatmo/internal/ui/drumview_fx_panel.go:207.26,209.3 1 0
github.com/ingyamilmolinar/beatmo/internal/ui/drumview_fx_panel.go:210.2,210.44 1 1
github.com/ingyamilmolinar/beatmo/internal/ui/drumview_fx_panel.go:210.44,212.3 1 1
github.com/ingyamilmolinar/beatmo/internal/ui/drumview_fx_panel.go:213.2,213.29 1 1
github.com/ingyamilmolinar/beatmo/internal/ui/drumview_fx_panel.go:213.29,215.3 1 1
github.com/ingyamilmolinar/beatmo/internal/ui/drumview_fx_panel.go:218.2,219.29 2 1
github.com/ingyamilmolinar/beatmo/internal/ui/drumview_fx_panel.go:219.29,221.3 1 1
github.com/ingyamilmolinar/beatmo/internal/ui/drumview_fx_panel.go:222.2,222.36 1 1
github.com/ingyamilmolinar/beatmo/internal/ui/drumview_fx_panel.go:222.36,224.3 1 1
github.com/ingyamilmolinar/beatmo/internal/ui/drumview_fx_panel.go:225.2,225.29 1 1
github.com/ingyamilmolinar/beatmo/internal/ui/drumview_fx_panel.go:225.29,227.3 1 0
github.com/ingyamilmolinar/beatmo/internal/ui/drumview_fx_panel.go:229.2,230.12 2 1
github.com/ingyamilmolinar/beatmo/internal/ui/drumview_fx_panel.go:230.12,232.3 1 1
github.com/ingyamilmolinar/beatmo/internal/ui/drumview_fx_panel.go:232.8,234.3 1 1
github.com/ingyamilmolinar/beatmo/internal/ui/drumview_fx_panel.go:235.2,235.29 1 1
github.com/ingyamilmolinar/beatmo/internal/ui/drumview_fx_panel.go:235.29,237.3 1 1
github.com/ingyamilmolinar/beatmo/internal/ui/drumview_fx_panel.go:238.2,238.36 1 1
github.com/ingyamilmolinar/beatmo/internal/ui/drumview_fx_panel.go:238.36,240.3 1 0
github.com/ingyamilmolinar/beatmo/internal/ui/drumview_fx_panel.go:242.2,255.34 9 1
github.com/ingyamilmolinar/beatmo/internal/ui/drumview_fx_panel.go:255.34,262.13 5 1
github.com/ingyamilmolinar/beatmo/internal/ui/drumview_fx_panel.go:262.13,265.4 2 1
github.com/ingyamilmolinar/beatmo/internal/ui/drumview_fx_panel.go:268.3,272.13 4 1
github.com/ingyamilmolinar/beatmo/internal/ui/drumview_fx_panel.go:272.13,276.16 3 1
github.com/ingyamilmolinar/beatmo/internal/ui/drumview_fx_panel.go:276.16,279.5 2 1
github.com/ingyamilmolinar/beatmo/internal/ui/drumview_fx_panel.go:280.4,282.28 3 1
github.com/ingyamilmolinar/beatmo/internal/ui/drumview_fx_panel.go:282.28,287.5 4 1
github.com/ingyamilmolinar/beatmo/internal/ui/drumview_fx_panel.go:288.4,291.25 2 1
github.com/ingyamilmolinar/beatmo/internal/ui/drumview_fx_panel.go:291.25,293.31 2 1
github.com/ingyamilmolinar/beatmo/internal/ui/drumview_fx_panel.go:293.31,295.6 1 1
github.com/ingyamilmolinar/beatmo/internal/ui/drumview_fx_panel.go:296.5,299.29 4 1
github.com/ingyamilmolinar/beatmo/internal/ui/drumview_fx_panel.go:299.29,300.35 1 0
github.com/ingyamilmolinar/beatmo/internal/ui/drumview_fx_panel.go:300.35,302.7 1 0
github.com/ingyamilmolinar/beatmo/internal/ui/drumview_fx_panel.go:303.6,305.34 3 0
github.com/ingyamilmolinar/beatmo/internal/ui/drumview_fx_panel.go:307.5,307.52 1 1
github.com/ingyamilmolinar/beatmo/internal/ui/drumview_fx_panel.go:311.4,311.19 1 1
github.com/ingyamilmolinar/beatmo/internal/ui/drumview_fx_panel.go:311.19,315.25 4 1
github.com/ingyamilmolinar/beatmo/internal/ui/drumview_fx_panel.go:315.25,320.6 4 0
github.com/ingyamilmolinar/beatmo/internal/ui/drumview_fx_panel.go:321.5,321.48 1 1
github.com/ingyamilmolinar/beatmo/internal/ui/drumview_fx_panel.go:325.4,325.32 1 1
github.com/ingyamilmolinar/beatmo/internal/ui/drumview_fx_panel.go:325.32,329.27 4 1
github.com/ingyamilmolinar/beatmo/internal/ui/drumview_fx_panel.go:329.27,334.6 4 1
github.com/ingyamilmolinar/beatmo/internal/ui/drumview_fx_panel.go:335.5,335.50 1 1
github.com/ingyamilmolinar/beatmo/internal/ui/drumview_fx_panel.go:339.4,342.28 4 1
github.com/ingyamilmolinar/beatmo/internal/ui/drumview_fx_panel.go:342.28,347.5 4 1
github.com/ingyamilmolinar/beatmo/internal/ui/drumview_fx_panel.go:348.4,348.51 1 1
github.com/ingyamilmolinar/beatmo/internal/ui/drumview_fx_panel.go:351.3,354.37 2 1
github.com/ingyamilmolinar/beatmo/internal/ui/drumview_fx_panel.go:354.37,356.35 2 1
github.com/ingyamilmolinar/beatmo/internal/ui/drumview_fx_panel.go:356.35,357.30 1 1
github.com/ingyamilmolinar/beatmo/internal/ui/drumview_fx_panel.go:357.30,362.18 4 1
github.com/ingyamilmolinar/beatmo/internal/ui/drumview_fx_panel.go:362.18,365.19 3 1
github.com/ingyamilmolinar/beatmo/internal/ui/drumview_fx_panel.go:365.19,367.8 1 0
github.com/ingyamilmolinar/beatmo/internal/ui/drumview_fx_panel.go:368.7,368.19 1 1
github.com/ingyamilmolinar/beatmo/internal/ui/drumview_fx_panel.go:368.19,370.8 1 0
github.com/ingyamilmolinar/beatmo/internal/ui/drumview_fx_panel.go:371.7,373.17 3 1
github.com/ingyamilmolinar/beatmo/internal/ui/drumview_fx_panel.go:373.17,375.8 1 1
github.com/ingyamilmolinar/beatmo/internal/ui/drumview_fx_panel.go:376.7,382.9 3 1
github.com/ingyamilmolinar/beatmo/internal/ui/drumview_fx_panel.go:384.6,384.17 1 1
github.com/ingyamilmolinar/beatmo/internal/ui/drumview_fx_panel.go:391.2,391.22 1 1
github.com/ingyamilmolinar/beatmo/internal/ui/drumview_fx_panel.go:391.22,392.38 1 1
github.com/ingyamilmolinar/beatmo/internal/ui/drumview_fx_panel.go:392.38,398.15 6 1
github.com/ingyamilmolinar/beatmo/internal/ui/drumview_fx_panel.go:398.15,401.26 3 1
github.com/ingyamilmolinar/beatmo/internal/ui/drumview_fx_panel.go:401.26,407.6 5 1
github.com/ingyamilmolinar/beatmo/internal/ui/drumview_fx_panel.go:408.5,408.49 1 1
github.com/ingyamilmolinar/beatmo/internal/ui/drumview_fx_panel.go:410.4,410.14 1 1
github.com/ingyamilmolinar/beatmo/internal/ui/drumview_fx_panel.go:412.3,415.14 4 1
github.com/ingyamilmolinar/beatmo/internal/ui/drumview_fx_panel.go:415.14,418.31 3 1
github.com/ingyamilmolinar/beatmo/internal/ui/drumview_fx_panel.go:418.31,422.5 3 1
github.com/ingyamilmolinar/beatmo/internal/ui/drumview_fx_panel.go:423.4,423.54 1 1
github.com/ingyamilmolinar/beatmo/internal/ui/drumview_fx_panel.go:425.8,429.14 4 1
github.com/ingyamilmolinar/beatmo/internal/ui/drumview_fx_panel.go:429.14,432.28 3 1
github.com/ingyamilmolinar/beatmo/internal/ui/drumview_fx_panel.go:432.28,437.5 4 1
github.com/ingyamilmolinar/beatmo/internal/ui/drumview_fx_panel.go:438.4,438.51 1 1
github.com/ingyamilmolinar/beatmo/internal/ui/drumview_fx_panel.go:443.2,444.51 2 1
github.com/ingyamilmolinar/beatmo/internal/ui/drumview_fx_panel.go:444.51,444.72 1 1
github.com/ingyamilmolinar/beatmo/internal/ui/drumview_fx_panel.go:445.2,449.49 5 1
github.com/ingyamilmolinar/beatmo/internal/ui/drumview_fx_panel.go:454.47,455.56 1 1
github.com/ingyamilmolinar/beatmo/internal/ui/drumview_fx_panel.go:455.56,457.3 1 1
github.com/ingyamilmolinar/beatmo/internal/ui/drumview_fx_panel.go:461.42,462.36 1 1
github.com/ingyamilmolinar/beatmo/internal/ui/drumview_fx_panel.go:462.36,464.3 1 1
github.com/ingyamilmolinar/beatmo/internal/ui/drumview_fx_panel.go:465.2,465.72 1 1
github.com/ingyamilmolinar/beatmo/internal/ui/drumview_fx_panel.go:469.52,470.25 1 1
github.com/ingyamilmolinar/beatmo/internal/ui/drumview_fx_panel.go:470.25,472.3 1 0
github.com/ingyamilmolinar/beatmo/internal/ui/drumview_fx_panel.go:473.2,474.15 2 1
github.com/ingyamilmolinar/beatmo/internal/ui/drumview_fx_panel.go:474.15,476.3 1 1
github.com/ingyamilmolinar/beatmo/internal/ui/drumview_fx_panel.go:477.2,478.36 2 0
github.com/ingyamilmolinar/beatmo/internal/ui/drumview_fx_panel.go:478.36,480.3 1 0
github.com/ingyamilmolinar/beatmo/internal/ui/drumview_fx_panel.go:483.2,489.12 5 0
github.com/ingyamilmolinar/beatmo/internal/ui/drumview_fx_panel.go:489.12,493.3 3 0
github.com/ingyamilmolinar/beatmo/internal/ui/drumview_fx_panel.go:493.8,497.3 3 0
github.com/ingyamilmolinar/beatmo/internal/ui/drumview_fx_panel.go:500.2,503.21 4 0
github.com/ingyamilmolinar/beatmo/internal/ui/drumview_fx_panel.go:503.21,505.3 1 0
github.com/ingyamilmolinar/beatmo/internal/ui/drumview_fx_panel.go:506.2,513.34 5 0
github.com/ingyamilmolinar/beatmo/internal/ui/drumview_fx_panel.go:513.34,518.13 4 0
github.com/ingyamilmolinar/beatmo/internal/ui/drumview_fx_panel.go:518.13,520.18 2 0
github.com/ingyamilmolinar/beatmo/internal/ui/drumview_fx_panel.go:520.18,522.5 1 0
github.com/ingyamilmolinar/beatmo/internal/ui/drumview_fx_panel.go:523.4,523.18 1 0
github.com/ingyamilmolinar/beatmo/internal/ui/drumview_fx_panel.go:523.18,525.5 1 0
github.com/ingyamilmolinar/beatmo/internal/ui/drumview_fx_panel.go:526.4,527.14 2 0
github.com/ingyamilmolinar/beatmo/internal/ui/drumview_fx_panel.go:527.14,529.18 2 0
github.com/ingyamilmolinar/beatmo/internal/ui/drumview_fx_panel.go:529.18,531.6 1 0
github.com/ingyamilmolinar/beatmo/internal/ui/drumview_fx_panel.go:533.4,533.48 1 0
github.com/ingyamilmolinar/beatmo/internal/ui/drumview_fx_panel.go:535.3,537.42 2 0
github.com/ingyamilmolinar/beatmo/internal/ui/drumview_fx_panel.go:537.42,539.35 2 0
github.com/ingyamilmolinar/beatmo/internal/ui/drumview_fx_panel.go:539.35,540.30 1 0
github.com/ingyamilmolinar/beatmo/internal/ui/drumview_fx_panel.go:540.30,545.18 4 0
github.com/ingyamilmolinar/beatmo/internal/ui/drumview_fx_panel.go:545.18,549.17 4 0
github.com/ingyamilmolinar/beatmo/internal/ui/drumview_fx_panel.go:549.17,551.8 1 0
github.com/ingyamilmolinar/beatmo/internal/ui/drumview_fx_panel.go:552.7,553.57 2 0
github.com/ingyamilmolinar/beatmo/internal/ui/drumview_fx_panel.go:555.6,555.17 1 0
github.com/ingyamilmolinar/beatmo/internal/ui/drumview_fx_panel.go:562.2,562.37 1 0
github.com/ingyamilmolinar/beatmo/internal/ui/drumview_fx_panel.go:562.37,563.17 1 0
github.com/ingyamilmolinar/beatmo/internal/ui/drumview_fx_panel.go:563.17,564.12 1 0
github.com/ingyamilmolinar/beatmo/internal/ui/drumview_fx_panel.go:567.3,567.33 1 0
github.com/ingyamilmolinar/beatmo/internal/ui/drumview_fx_panel.go:567.33,569.12 2 0
github.com/ingyamilmolinar/beatmo/internal/ui/drumview_fx_panel.go:571.3,572.79 2 0
github.com/ingyamilmolinar/beatmo/internal/ui/drumview_fx_panel.go:572.79,574.4 1 0
github.com/ingyamilmolinar/beatmo/internal/ui/drumview_fx_panel.go:578.2,578.39 1 0
github.com/ingyamilmolinar/beatmo/internal/ui/drumview_fx_panel.go:578.39,579.16 1 0
github.com/ingyamilmolinar/beatmo/internal/ui/drumview_fx_panel.go:579.16,580.12 1 0
github.com/ingyamilmolinar/beatmo/internal/ui/drumview_fx_panel.go:582.3,583.79 2 0
github.com/ingyamilmolinar/beatmo/internal/ui/drumview_fx_panel.go:583.79,585.4 1 0
github.com/ingyamilmolinar/beatmo/internal/ui/drumview_fx_panel.go:589.2,592.29 3 0
github.com/ingyamilmolinar/beatmo/internal/ui/drumview_fx_panel.go:592.29,594.22 2 0
github.com/ingyamilmolinar/beatmo/internal/ui/drumview_fx_panel.go:594.22,596.4 1 0
github.com/ingyamilmolinar/beatmo/internal/ui/drumview_fx_panel.go:600.2,600.26 1 0
github.com/ingyamilmolinar/beatmo/internal/ui/drumview_fx_panel.go:600.26,612.31 7 0
github.com/ingyamilmolinar/beatmo/internal/ui/drumview_fx_panel.go:612.31,614.4 1 0
github.com/ingyamilmolinar/beatmo/internal/ui/drumview_fx_panel.go:615.3,616.27 2 0
github.com/ingyamilmolinar/beatmo/internal/ui/drumview_fx_panel.go:616.27,618.4 1 0
github.com/ingyamilmolinar/beatmo/internal/ui/drumview_fx_panel.go:619.3,620.40 2 0
github.com/ingyamilmolinar/beatmo/internal/ui/drumview_fx_panel.go:626.68,627.25 1 1
github.com/ingyamilmolinar/beatmo/internal/ui/drumview_fx_panel.go:627.25,629.3 1 1
github.com/ingyamilmolinar/beatmo/internal/ui/drumview_fx_panel.go:631.2,636.25 2 1
github.com/ingyamilmolinar/beatmo/internal/ui/drumview_fx_panel.go:636.25,638.35 2 1
github.com/ingyamilmolinar/beatmo/internal/ui/drumview_fx_panel.go:638.35,642.4 3 1
github.com/ingyamilmolinar/beatmo/internal/ui/drumview_fx_panel.go:643.3,643.12 1 1
github.com/ingyamilmolinar/beatmo/internal/ui/drumview_fx_panel.go:643.12,645.4 1 1
github.com/ingyamilmolinar/beatmo/internal/ui/drumview_fx_panel.go:646.3,646.14 1 1
github.com/ingyamilmolinar/beatmo/internal/ui/drumview_fx_panel.go:650.2,650.26 1 1
github.com/ingyamilmolinar/beatmo/internal/ui/drumview_fx_panel.go:650.26,652.41 1 1
github.com/ingyamilmolinar/beatmo/internal/ui/drumview_fx_panel.go:652.41,653.12 1 0
github.com/ingyamilmolinar/beatmo/internal/ui/drumview_fx_panel.go:653.12,655.19 2 0
github.com/ingyamilmolinar/beatmo/internal/ui/drumview_fx_panel.go:655.19,657.33 2 0
github.com/ingyamilmolinar/beatmo/internal/ui/drumview_fx_panel.go:657.33,659.7 1 0
github.com/ingyamilmolinar/beatmo/internal/ui/drumview_fx_panel.go:660.6,660.48 1 0
github.com/ingyamilmolinar/beatmo/internal/ui/drumview_fx_panel.go:660.48,662.7 1 0
github.com/ingyamilmolinar/beatmo/internal/ui/drumview_fx_panel.go:663.6,664.34 2 0
github.com/ingyamilmolinar/beatmo/internal/ui/drumview_fx_panel.go:666.10,669.5 1 0
github.com/ingyamilmolinar/beatmo/internal/ui/drumview_fx_panel.go:670.4,670.15 1 0
github.com/ingyamilmolinar/beatmo/internal/ui/drumview_fx_panel.go:674.3,674.29 1 1
github.com/ingyamilmolinar/beatmo/internal/ui/drumview_fx_panel.go:674.29,675.12 1 0
github.com/ingyamilmolinar/beatmo/internal/ui/drumview_fx_panel.go:675.12,677.43 2 0
github.com/ingyamilmolinar/beatmo/internal/ui/drumview_fx_panel.go:677.43,680.20 2 0
github.com/ingyamilmolinar/beatmo/internal/ui/drumview_fx_panel.go:680.20,682.34 2 0
github.com/ingyamilmolinar/beatmo/internal/ui/drumview_fx_panel.go:682.34,684.8 1 0
github.com/ingyamilmolinar/beatmo/internal/ui/drumview_fx_panel.go:685.7,685.49 1 0
github.com/ingyamilmolinar/beatmo/internal/ui/drumview_fx_panel.go:685.49,687.8 1 0
github.com/ingyamilmolinar/beatmo/internal/ui/drumview_fx_panel.go:688.7,689.35 2 0
github.com/ingyamilmolinar/beatmo/internal/ui/drumview_fx_panel.go:691.6,691.17 1 0
github.com/ingyamilmolinar/beatmo/internal/ui/drumview_fx_panel.go:694.5,694.16 1 0
github.com/ingyamilmolinar/beatmo/internal/ui/drumview_fx_panel.go:697.4,698.38 2 0
github.com/ingyamilmolinar/beatmo/internal/ui/drumview_fx_panel.go:698.38,700.5 1 0
github.com/ingyamilmolinar/beatmo/internal/ui/drumview_fx_panel.go:701.4,701.15 1 0
github.com/ingyamilmolinar/beatmo/internal/ui/drumview_fx_panel.go:705.3,705.46 1 1
github.com/ingyamilmolinar/beatmo/internal/ui/drumview_fx_panel.go:705.46,706.41 1 1
github.com/ingyamilmolinar/beatmo/internal/ui/drumview_fx_panel.go:706.41,707.37 1 1
github.com/ingyamilmolinar/beatmo/internal/ui/drumview_fx_panel.go:707.37,713.6 5 1
github.com/ingyamilmolinar/beatmo/internal/ui/drumview_fx_panel.go:718.3,718.70 1 0
github.com/ingyamilmolinar/beatmo/internal/ui/drumview_fx_panel.go:718.70,719.55 1 0
github.com/ingyamilmolinar/beatmo/internal/ui/drumview_fx_panel.go:719.55,722.5 1 0
github.com/ingyamilmolinar/beatmo/internal/ui/drumview_fx_panel.go:723.4,723.43 1 0
github.com/ingyamilmolinar/beatmo/internal/ui/drumview_fx_panel.go:723.43,725.5 1 0
github.com/ingyamilmolinar/beatmo/internal/ui/drumview_fx_panel.go:729.3,729.37 1 0
github.com/ingyamilmolinar/beatmo/internal/ui/drumview_fx_panel.go:729.37,730.13 1 0
github.com/ingyamilmolinar/beatmo/internal/ui/drumview_fx_panel.go:730.13,733.5 2 0
github.com/ingyamilmolinar/beatmo/internal/ui/drumview_fx_panel.go:734.4,734.15 1 0
github.com/ingyamilmolinar/beatmo/internal/ui/drumview_fx_panel.go:739.2,739.37 1 1
github.com/ingyamilmolinar/beatmo/internal/ui/drumview_fx_panel.go:739.37,740.45 1 1
github.com/ingyamilmolinar/beatmo/internal/ui/drumview_fx_panel.go:740.45,742.4 1 1
github.com/ingyamilmolinar/beatmo/internal/ui/drumview_fx_panel.go:746.2,746.39 1 1
github.com/ingyamilmolinar/beatmo/internal/ui/drumview_fx_panel.go:746.39,747.43 1 1
github.com/ingyamilmolinar/beatmo/internal/ui/drumview_fx_panel.go:747.43,748.19 1 1
github.com/ingyamilmolinar/beatmo/internal/ui/drumview_fx_panel.go:748.19,751.5 2 1
github.com/ingyamilmolinar/beatmo/internal/ui/drumview_fx_panel.go:752.4,753.15 2 1
github.com/ingyamilmolinar/beatmo/internal/ui/drumview_fx_panel.go:758.2,758.26 1 1
github.com/ingyamilmolinar/beatmo/internal/ui/drumview_fx_panel.go:758.26,760.3 1 1
github.com/ingyamilmolinar/beatmo/internal/ui/drumview_fx_panel.go:762.2,762.14 1 1
github.com/ingyamilmolinar/beatmo/internal/ui/drumview_fx_panel.go:768.48,770.48 2 0
github.com/ingyamilmolinar/beatmo/internal/ui/drumview_fx_panel.go:770.48,772.60 2 0
github.com/ingyamilmolinar/beatmo/internal/ui/drumview_fx_panel.go:772.60,775.4 2 0
github.com/ingyamilmolinar/beatmo/internal/ui/drumview_fx_panel.go:778.2,778.39 1 0
github.com/ingyamilmolinar/beatmo/internal/ui/drumview_fx_panel.go:778.39,779.36 1 0
github.com/ingyamilmolinar/beatmo/internal/ui/drumview_fx_panel.go:779.36,782.16 3 0
github.com/ingyamilmolinar/beatmo/internal/ui/drumview_fx_panel.go:782.16,784.5 1 0
github.com/ingyamilmolinar/beatmo/internal/ui/drumview_fx_panel.go:785.4,785.16 1 0
github.com/ingyamilmolinar/beatmo/internal/ui/drumview_fx_panel.go:785.16,787.5 1 0
github.com/ingyamilmolinar/beatmo/internal/ui/drumview_fx_panel.go:788.4,789.36 2 0
github.com/ingyamilmolinar/beatmo/internal/ui/drumview_fx_panel.go:789.36,794.5 4 0
github.com/ingyamilmolinar/beatmo/internal/ui/drumview_fx_panel.go:795.4,795.10 1 0
github.com/ingyamilmolinar/beatmo/internal/ui/drumview_fx_panel.go:801.65,803.9 2 1
github.com/ingyamilmolinar/beatmo/internal/ui/drumview_fx_panel.go:804.19,805.36 1 1
github.com/ingyamilmolinar/beatmo/internal/ui/drumview_fx_panel.go:806.17,807.36 1 1
github.com/ingyamilmolinar/beatmo/internal/ui/drumview_fx_panel.go:808.32,809.36 1 1
github.com/ingyamilmolinar/beatmo/internal/ui/drumview_fx_panel.go:810.10,811.36 1 1
github.com/ingyamilmolinar/beatmo/internal/ui/drumview_fx_panel.go:813.2,813.64 1 1
github.com/ingyamilmolinar/beatmo/internal/ui/drumview_fx_panel.go:816.34,817.13 1 1
github.com/ingyamilmolinar/beatmo/internal/ui/drumview_fx_panel.go:817.13,819.3 1 1
github.com/ingyamilmolinar/beatmo/internal/ui/drumview_fx_panel.go:820.2,820.39 1 1
github.com/ingyamilmolinar/beatmo/internal/ui/drumview_geometry.go:16.37,16.64 1 1
github.com/ingyamilmolinar/beatmo/internal/ui/drumview_geometry.go:20.32,20.63 1 1
github.com/ingyamilmolinar/beatmo/internal/ui/drumview_geometry.go:22.42,24.11 2 1
github.com/ingyamilmolinar/beatmo/internal/ui/drumview_geometry.go:24.11,26.3 1 1
github.com/ingyamilmolinar/beatmo/internal/ui/drumview_geometry.go:27.2,27.10 1 1
github.com/ingyamilmolinar/beatmo/internal/ui/drumview_geometry.go:32.43,33.23 1 1
github.com/ingyamilmolinar/beatmo/internal/ui/drumview_geometry.go:33.23,37.3 3 0
github.com/ingyamilmolinar/beatmo/internal/ui/drumview_geometry.go:38.2,38.27 1 1
github.com/ingyamilmolinar/beatmo/internal/ui/drumview_geometry.go:38.27,40.3 1 0
github.com/ingyamilmolinar/beatmo/internal/ui/drumview_geometry.go:41.2,50.88 5 1
github.com/ingyamilmolinar/beatmo/internal/ui/drumview_geometry.go:50.88,51.50 1 1
github.com/ingyamilmolinar/beatmo/internal/ui/drumview_geometry.go:51.50,54.4 2 1
github.com/ingyamilmolinar/beatmo/internal/ui/drumview_geometry.go:55.3,55.54 1 1
github.com/ingyamilmolinar/beatmo/internal/ui/drumview_geometry.go:55.54,58.4 2 1
github.com/ingyamilmolinar/beatmo/internal/ui/drumview_geometry.go:62.2,62.41 1 1
github.com/ingyamilmolinar/beatmo/internal/ui/drumview_geometry.go:62.41,64.3 1 1
github.com/ingyamilmolinar/beatmo/internal/ui/drumview_geometry.go:64.8,66.3 1 1
github.com/ingyamilmolinar/beatmo/internal/ui/drumview_geometry.go:67.2,69.25 3 1
github.com/ingyamilmolinar/beatmo/internal/ui/drumview_geometry.go:69.25,71.3 1 1
github.com/ingyamilmolinar/beatmo/internal/ui/drumview_geometry.go:72.2,72.23 1 1
github.com/ingyamilmolinar/beatmo/internal/ui/drumview_geometry.go:72.23,74.3 1 1
github.com/ingyamilmolinar/beatmo/internal/ui/drumview_geometry.go:76.2,77.23 2 1
github.com/ingyamilmolinar/beatmo/internal/ui/drumview_geometry.go:77.23,82.54 3 1
github.com/ingyamilmolinar/beatmo/internal/ui/drumview_geometry.go:82.54,84.4 1 1
github.com/ingyamilmolinar/beatmo/internal/ui/drumview_geometry.go:85.3,85.58 1 1
github.com/ingyamilmolinar/beatmo/internal/ui/drumview_geometry.go:85.58,87.4 1 0
github.com/ingyamilmolinar/beatmo/internal/ui/drumview_geometry.go:89.2,89.41 1 1
github.com/ingyamilmolinar/beatmo/internal/ui/drumview_geometry.go:89.41,91.3 1 1
github.com/ingyamilmolinar/beatmo/internal/ui/drumview_geometry.go:91.8,93.3 1 1
github.com/ingyamilmolinar/beatmo/internal/ui/drumview_geometry.go:94.2,94.48 1 1
github.com/ingyamilmolinar/beatmo/internal/ui/drumview_geometry.go:94.48,96.3 1 1
github.com/ingyamilmolinar/beatmo/internal/ui/drumview_geometry.go:98.2,98.42 1 1
github.com/ingyamilmolinar/beatmo/internal/ui/drumview_geometry.go:98.42,100.3 1 1
github.com/ingyamilmolinar/beatmo/internal/ui/drumview_geometry.go:102.2,102.43 1 1
github.com/ingyamilmolinar/beatmo/internal/ui/drumview_geometry.go:102.43,104.16 2 1
github.com/ingyamilmolinar/beatmo/internal/ui/drumview_geometry.go:104.16,106.4 1 0
github.com/ingyamilmolinar/beatmo/internal/ui/drumview_geometry.go:107.3,107.21 1 1
github.com/ingyamilmolinar/beatmo/internal/ui/drumview_geometry.go:107.21,109.4 1 0
github.com/ingyamilmolinar/beatmo/internal/ui/drumview_geometry.go:112.2,112.76 1 1
github.com/ingyamilmolinar/beatmo/internal/ui/drumview_geometry.go:112.76,115.17 3 1
github.com/ingyamilmolinar/beatmo/internal/ui/drumview_geometry.go:115.17,117.4 1 0
github.com/ingyamilmolinar/beatmo/internal/ui/drumview_geometry.go:119.2,120.16 2 1
github.com/ingyamilmolinar/beatmo/internal/ui/drumview_geometry.go:120.16,122.3 1 1
github.com/ingyamilmolinar/beatmo/internal/ui/drumview_geometry.go:123.2,124.24 2 1
github.com/ingyamilmolinar/beatmo/internal/ui/drumview_geometry.go:124.24,126.3 1 1
github.com/ingyamilmolinar/beatmo/internal/ui/drumview_geometry.go:127.2,127.24 1 1
github.com/ingyamilmolinar/beatmo/internal/ui/drumview_geometry.go:127.24,129.3 1 1
github.com/ingyamilmolinar/beatmo/internal/ui/drumview_geometry.go:131.2,131.49 1 1
github.com/ingyamilmolinar/beatmo/internal/ui/drumview_geometry.go:131.49,133.23 2 1
github.com/ingyamilmolinar/beatmo/internal/ui/drumview_geometry.go:133.23,135.4 1 1
github.com/ingyamilmolinar/beatmo/internal/ui/drumview_geometry.go:142.2,143.52 2 1
github.com/ingyamilmolinar/beatmo/internal/ui/drumview_geometry.go:143.52,145.28 2 1
github.com/ingyamilmolinar/beatmo/internal/ui/drumview_geometry.go:145.28,148.33 3 1
github.com/ingyamilmolinar/beatmo/internal/ui/drumview_geometry.go:148.33,150.5 1 0
github.com/ingyamilmolinar/beatmo/internal/ui/drumview_geometry.go:151.4,160.82 8 1
github.com/ingyamilmolinar/beatmo/internal/ui/drumview_geometry.go:160.82,161.52 1 1
github.com/ingyamilmolinar/beatmo/internal/ui/drumview_geometry.go:161.52,164.6 2 1
github.com/ingyamilmolinar/beatmo/internal/ui/drumview_geometry.go:165.5,165.56 1 1
github.com/ingyamilmolinar/beatmo/internal/ui/drumview_geometry.go:165.56,168.6 2 1
github.com/ingyamilmolinar/beatmo/internal/ui/drumview_geometry.go:174.2,175.16 2 1
github.com/ingyamilmolinar/beatmo/internal/ui/drumview_geometry.go:175.16,177.3 1 1
github.com/ingyamilmolinar/beatmo/internal/ui/drumview_geometry.go:178.2,178.27 1 1
github.com/ingyamilmolinar/beatmo/internal/ui/drumview_geometry.go:178.27,180.3 1 0
github.com/ingyamilmolinar/beatmo/internal/ui/drumview_geometry.go:186.42,187.23 1 1
github.com/ingyamilmolinar/beatmo/internal/ui/drumview_geometry.go:187.23,189.3 1 0
github.com/ingyamilmolinar/beatmo/internal/ui/drumview_geometry.go:190.2,193.45 3 1
github.com/ingyamilmolinar/beatmo/internal/ui/drumview_geometry.go:193.45,196.12 3 0
github.com/ingyamilmolinar/beatmo/internal/ui/drumview_geometry.go:196.12,198.4 1 0
github.com/ingyamilmolinar/beatmo/internal/ui/drumview_geometry.go:199.3,199.9 1 0
github.com/ingyamilmolinar/beatmo/internal/ui/drumview_geometry.go:201.2,201.27 1 1
github.com/ingyamilmolinar/beatmo/internal/ui/drumview_geometry.go:201.27,203.33 2 1
github.com/ingyamilmolinar/beatmo/internal/ui/drumview_geometry.go:203.33,205.4 1 1
github.com/ingyamilmolinar/beatmo/internal/ui/drumview_geometry.go:206.3,207.17 2 1
github.com/ingyamilmolinar/beatmo/internal/ui/drumview_geometry.go:207.17,214.4 6 1
github.com/ingyamilmolinar/beatmo/internal/ui/drumview_geometry.go:215.3,216.12 2 1
github.com/ingyamilmolinar/beatmo/internal/ui/drumview_geometry.go:216.12,218.4 1 1
github.com/ingyamilmolinar/beatmo/internal/ui/drumview_geometry.go:219.3,219.9 1 1
github.com/ingyamilmolinar/beatmo/internal/ui/drumview_geometry.go:221.2,225.48 5 1
github.com/ingyamilmolinar/beatmo/internal/ui/drumview_geometry.go:225.48,227.80 2 1
github.com/ingyamilmolinar/beatmo/internal/ui/drumview_geometry.go:227.80,230.12 3 1
github.com/ingyamilmolinar/beatmo/internal/ui/drumview_geometry.go:230.12,234.5 3 1
github.com/ingyamilmolinar/beatmo/internal/ui/drumview_geometry.go:235.4,235.10 1 1
github.com/ingyamilmolinar/beatmo/internal/ui/drumview_geometry.go:238.2,238.48 1 1
github.com/ingyamilmolinar/beatmo/internal/ui/drumview_geometry.go:238.48,239.73 1 1
github.com/ingyamilmolinar/beatmo/internal/ui/drumview_geometry.go:239.73,240.12 1 1
github.com/ingyamilmolinar/beatmo/internal/ui/drumview_geometry.go:242.3,243.80 2 1
github.com/ingyamilmolinar/beatmo/internal/ui/drumview_geometry.go:243.80,246.12 3 1
github.com/ingyamilmolinar/beatmo/internal/ui/drumview_geometry.go:246.12,250.5 3 1
github.com/ingyamilmolinar/beatmo/internal/ui/drumview_geometry.go:251.4,251.10 1 1
github.com/ingyamilmolinar/beatmo/internal/ui/drumview_geometry.go:266.63,271.23 2 1
github.com/ingyamilmolinar/beatmo/internal/ui/drumview_geometry.go:271.23,273.3 1 1
github.com/ingyamilmolinar/beatmo/internal/ui/drumview_geometry.go:274.2,274.45 1 1
github.com/ingyamilmolinar/beatmo/internal/ui/drumview_geometry.go:274.45,276.3 1 1
github.com/ingyamilmolinar/beatmo/internal/ui/drumview_geometry.go:277.2,277.45 1 1
github.com/ingyamilmolinar/beatmo/internal/ui/drumview_geometry.go:277.45,279.3 1 1
github.com/ingyamilmolinar/beatmo/internal/ui/drumview_geometry.go:280.2,280.50 1 1
github.com/ingyamilmolinar/beatmo/internal/ui/drumview_geometry.go:280.50,282.3 1 1
github.com/ingyamilmolinar/beatmo/internal/ui/drumview_geometry.go:283.2,283.13 1 1
github.com/ingyamilmolinar/beatmo/internal/ui/drumview_geometry.go:286.39,288.13 2 1
github.com/ingyamilmolinar/beatmo/internal/ui/drumview_geometry.go:288.13,290.3 1 0
github.com/ingyamilmolinar/beatmo/internal/ui/drumview_geometry.go:291.2,292.34 2 1
github.com/ingyamilmolinar/beatmo/internal/ui/drumview_geometry.go:292.34,294.3 1 1
github.com/ingyamilmolinar/beatmo/internal/ui/drumview_geometry.go:295.2,295.11 1 1
github.com/ingyamilmolinar/beatmo/internal/ui/drumview_geometry.go:295.11,297.3 1 1
github.com/ingyamilmolinar/beatmo/internal/ui/drumview_geometry.go:298.2,301.41 2 1
github.com/ingyamilmolinar/beatmo/internal/ui/drumview_geometry.go:301.41,303.3 1 1
github.com/ingyamilmolinar/beatmo/internal/ui/drumview_geometry.go:304.2,304.10 1 1
github.com/ingyamilmolinar/beatmo/internal/ui/drumview_geometry.go:307.53,310.2 2 1
github.com/ingyamilmolinar/beatmo/internal/ui/drumview_geometry.go:312.55,315.2 2 1
github.com/ingyamilmolinar/beatmo/internal/ui/drumview_geometry.go:320.37,321.27 1 1
github.com/ingyamilmolinar/beatmo/internal/ui/drumview_geometry.go:321.27,323.3 1 0
github.com/ingyamilmolinar/beatmo/internal/ui/drumview_geometry.go:324.2,334.54 8 1
github.com/ingyamilmolinar/beatmo/internal/ui/drumview_geometry.go:334.54,336.3 1 0
github.com/ingyamilmolinar/beatmo/internal/ui/drumview_geometry.go:337.2,338.13 2 1
github.com/ingyamilmolinar/beatmo/internal/ui/drumview_geometry.go:338.13,340.3 1 1
github.com/ingyamilmolinar/beatmo/internal/ui/drumview_geometry.go:341.2,341.85 1 1
github.com/ingyamilmolinar/beatmo/internal/ui/drumview_geometry.go:346.38,347.27 1 1
github.com/ingyamilmolinar/beatmo/internal/ui/drumview_geometry.go:347.27,349.3 1 0
github.com/ingyamilmolinar/beatmo/internal/ui/drumview_geometry.go:350.2,350.45 1 1
github.com/ingyamilmolinar/beatmo/internal/ui/drumview_geometry.go:350.45,352.28 2 1
github.com/ingyamilmolinar/beatmo/internal/ui/drumview_geometry.go:352.28,354.4 1 1
github.com/ingyamilmolinar/beatmo/internal/ui/drumview_geometry.go:355.3,355.18 1 1
github.com/ingyamilmolinar/beatmo/internal/ui/drumview_input_handler.go:9.51,11.2 1 1
github.com/ingyamilmolinar/beatmo/internal/ui/drumview_input_handler.go:15.34,15.48 1 1
github.com/ingyamilmolinar/beatmo/internal/ui/drumview_input_handler.go:20.69,27.14 1 1
github.com/ingyamilmolinar/beatmo/internal/ui/drumview_input_handler.go:27.14,28.59 1 1
github.com/ingyamilmolinar/beatmo/internal/ui/drumview_input_handler.go:28.59,30.4 1 1
github.com/ingyamilmolinar/beatmo/internal/ui/drumview_input_handler.go:34.2,34.20 1 1
github.com/ingyamilmolinar/beatmo/internal/ui/drumview_input_handler.go:34.20,36.3 1 1
github.com/ingyamilmolinar/beatmo/internal/ui/drumview_input_handler.go:40.2,40.37 1 1
github.com/ingyamilmolinar/beatmo/internal/ui/drumview_input_handler.go:40.37,42.3 1 0
github.com/ingyamilmolinar/beatmo/internal/ui/drumview_input_handler.go:44.2,44.35 1 1
github.com/ingyamilmolinar/beatmo/internal/ui/drumview_input_handler.go:44.35,46.3 1 1
github.com/ingyamilmolinar/beatmo/internal/ui/drumview_input_handler.go:51.2,51.13 1 1
github.com/ingyamilmolinar/beatmo/internal/ui/drumview_input_handler.go:51.13,54.3 2 1
github.com/ingyamilmolinar/beatmo/internal/ui/drumview_input_handler.go:56.2,56.21 1 1
github.com/ingyamilmolinar/beatmo/internal/ui/drumview_input_handler.go:64.62,65.16 1 1
github.com/ingyamilmolinar/beatmo/internal/ui/drumview_input_handler.go:65.16,67.3 1 1
github.com/ingyamilmolinar/beatmo/internal/ui/drumview_input_handler.go:70.2,70.35 1 1
github.com/ingyamilmolinar/beatmo/internal/ui/drumview_input_handler.go:70.35,72.3 1 1
github.com/ingyamilmolinar/beatmo/internal/ui/drumview_input_handler.go:77.2,77.21 1 1
github.com/ingyamilmolinar/beatmo/internal/ui/drumview_instrument_menu.go:12.46,14.2 1 1
github.com/ingyamilmolinar/beatmo/internal/ui/drumview_instrument_menu.go:16.57,17.87 1 1
github.com/ingyamilmolinar/beatmo/internal/ui/drumview_instrument_menu.go:17.87,19.3 1 0
github.com/ingyamilmolinar/beatmo/internal/ui/drumview_instrument_menu.go:20.2,20.78 1 1
github.com/ingyamilmolinar/beatmo/internal/ui/drumview_instrument_menu.go:26.56,27.14 1 1
github.com/ingyamilmolinar/beatmo/internal/ui/drumview_instrument_menu.go:27.14,29.3 1 1
github.com/ingyamilmolinar/beatmo/internal/ui/drumview_instrument_menu.go:31.2,31.30 1 1
github.com/ingyamilmolinar/beatmo/internal/ui/drumview_instrument_menu.go:31.30,32.43 1 1
github.com/ingyamilmolinar/beatmo/internal/ui/drumview_instrument_menu.go:32.43,34.4 1 1
github.com/ingyamilmolinar/beatmo/internal/ui/drumview_instrument_menu.go:37.2,39.30 2 1
github.com/ingyamilmolinar/beatmo/internal/ui/drumview_instrument_menu.go:39.30,41.3 1 1
github.com/ingyamilmolinar/beatmo/internal/ui/drumview_instrument_menu.go:42.2,43.12 2 1
github.com/ingyamilmolinar/beatmo/internal/ui/drumview_instrument_menu.go:47.56,48.24 1 1
github.com/ingyamilmolinar/beatmo/internal/ui/drumview_instrument_menu.go:48.24,49.38 1 1
github.com/ingyamilmolinar/beatmo/internal/ui/drumview_instrument_menu.go:49.38,50.23 1 1
github.com/ingyamilmolinar/beatmo/internal/ui/drumview_instrument_menu.go:50.23,52.5 1 1
github.com/ingyamilmolinar/beatmo/internal/ui/drumview_instrument_menu.go:53.4,53.26 1 1
github.com/ingyamilmolinar/beatmo/internal/ui/drumview_instrument_menu.go:53.26,56.19 3 1
github.com/ingyamilmolinar/beatmo/internal/ui/drumview_instrument_menu.go:56.19,58.6 1 1
github.com/ingyamilmolinar/beatmo/internal/ui/drumview_instrument_menu.go:62.2,62.18 1 1
github.com/ingyamilmolinar/beatmo/internal/ui/drumview_instrument_menu.go:62.18,64.3 1 1
github.com/ingyamilmolinar/beatmo/internal/ui/drumview_instrument_menu.go:65.2,65.41 1 1
github.com/ingyamilmolinar/beatmo/internal/ui/drumview_instrument_menu.go:68.62,69.13 1 1
github.com/ingyamilmolinar/beatmo/internal/ui/drumview_instrument_menu.go:69.13,71.3 1 1
github.com/ingyamilmolinar/beatmo/internal/ui/drumview_instrument_menu.go:72.2,73.34 2 1
github.com/ingyamilmolinar/beatmo/internal/ui/drumview_instrument_menu.go:73.34,75.3 1 1
github.com/ingyamilmolinar/beatmo/internal/ui/drumview_instrument_menu.go:76.2,77.32 2 1
github.com/ingyamilmolinar/beatmo/internal/ui/drumview_instrument_menu.go:77.32,79.3 1 1
github.com/ingyamilmolinar/beatmo/internal/ui/drumview_instrument_menu.go:80.2,80.24 1 1
github.com/ingyamilmolinar/beatmo/internal/ui/drumview_instrument_menu.go:80.24,81.38 1 0
github.com/ingyamilmolinar/beatmo/internal/ui/drumview_instrument_menu.go:81.38,82.80 1 0
github.com/ingyamilmolinar/beatmo/internal/ui/drumview_instrument_menu.go:82.80,84.5 1 0
github.com/ingyamilmolinar/beatmo/internal/ui/drumview_instrument_menu.go:87.2,87.14 1 1
github.com/ingyamilmolinar/beatmo/internal/ui/drumview_instrument_menu.go:91.37,93.65 2 1
github.com/ingyamilmolinar/beatmo/internal/ui/drumview_instrument_menu.go:93.65,96.3 2 1
github.com/ingyamilmolinar/beatmo/internal/ui/drumview_instrument_menu.go:97.2,97.42 1 1
github.com/ingyamilmolinar/beatmo/internal/ui/drumview_instrument_menu.go:97.42,99.3 1 1
github.com/ingyamilmolinar/beatmo/internal/ui/drumview_instrument_menu.go:100.2,100.78 1 1
github.com/ingyamilmolinar/beatmo/internal/ui/drumview_instrument_menu.go:100.78,104.3 1 1
github.com/ingyamilmolinar/beatmo/internal/ui/drumview_instrument_menu.go:105.2,106.58 2 1
github.com/ingyamilmolinar/beatmo/internal/ui/drumview_instrument_menu.go:106.58,108.3 1 1
github.com/ingyamilmolinar/beatmo/internal/ui/drumview_instrument_menu.go:110.2,110.49 1 1
github.com/ingyamilmolinar/beatmo/internal/ui/drumview_instrument_menu.go:110.49,111.45 1 1
github.com/ingyamilmolinar/beatmo/internal/ui/drumview_instrument_menu.go:111.45,113.4 1 0
github.com/ingyamilmolinar/beatmo/internal/ui/drumview_instrument_menu.go:115.2,117.18 3 1
github.com/ingyamilmolinar/beatmo/internal/ui/drumview_instrument_menu.go:117.18,119.3 1 0
github.com/ingyamilmolinar/beatmo/internal/ui/drumview_instrument_menu.go:120.2,121.24 2 1
github.com/ingyamilmolinar/beatmo/internal/ui/drumview_instrument_menu.go:121.24,123.3 1 0
github.com/ingyamilmolinar/beatmo/internal/ui/drumview_instrument_menu.go:125.2,126.20 2 1
github.com/ingyamilmolinar/beatmo/internal/ui/drumview_instrument_menu.go:126.20,128.3 1 1
github.com/ingyamilmolinar/beatmo/internal/ui/drumview_instrument_menu.go:129.2,129.26 1 1
github.com/ingyamilmolinar/beatmo/internal/ui/drumview_instrument_menu.go:129.26,131.3 1 1
github.com/ingyamilmolinar/beatmo/internal/ui/drumview_instrument_menu.go:132.2,132.26 1 1
github.com/ingyamilmolinar/beatmo/internal/ui/drumview_instrument_menu.go:132.26,134.3 1 1
github.com/ingyamilmolinar/beatmo/internal/ui/drumview_instrument_menu.go:135.2,136.14 2 1
github.com/ingyamilmolinar/beatmo/internal/ui/drumview_instrument_menu.go:136.14,138.3 1 0
github.com/ingyamilmolinar/beatmo/internal/ui/drumview_instrument_menu.go:139.2,148.13 8 1
github.com/ingyamilmolinar/beatmo/internal/ui/drumview_instrument_menu.go:148.13,150.3 1 0
github.com/ingyamilmolinar/beatmo/internal/ui/drumview_instrument_menu.go:151.2,151.29 1 1
github.com/ingyamilmolinar/beatmo/internal/ui/drumview_instrument_menu.go:151.29,156.43 5 1
github.com/ingyamilmolinar/beatmo/internal/ui/drumview_instrument_menu.go:156.43,156.71 1 0
github.com/ingyamilmolinar/beatmo/internal/ui/drumview_instrument_menu.go:157.3,157.41 1 1
github.com/ingyamilmolinar/beatmo/internal/ui/drumview_instrument_menu.go:157.41,157.63 1 0
github.com/ingyamilmolinar/beatmo/internal/ui/drumview_instrument_menu.go:159.2,161.48 3 1
github.com/ingyamilmolinar/beatmo/internal/ui/drumview_instrument_menu.go:161.48,162.33 1 1
github.com/ingyamilmolinar/beatmo/internal/ui/drumview_instrument_menu.go:162.33,164.32 2 1
github.com/ingyamilmolinar/beatmo/internal/ui/drumview_instrument_menu.go:164.32,165.51 1 1
github.com/ingyamilmolinar/beatmo/internal/ui/drumview_instrument_menu.go:165.51,167.6 1 1
github.com/ingyamilmolinar/beatmo/internal/ui/drumview_instrument_menu.go:169.4,169.18 1 1
github.com/ingyamilmolinar/beatmo/internal/ui/drumview_instrument_menu.go:171.3,171.70 1 1
github.com/ingyamilmolinar/beatmo/internal/ui/drumview_instrument_menu.go:171.70,173.32 2 1
github.com/ingyamilmolinar/beatmo/internal/ui/drumview_instrument_menu.go:173.32,174.40 1 1
github.com/ingyamilmolinar/beatmo/internal/ui/drumview_instrument_menu.go:174.40,176.6 1 1
github.com/ingyamilmolinar/beatmo/internal/ui/drumview_instrument_menu.go:178.4,178.18 1 1
github.com/ingyamilmolinar/beatmo/internal/ui/drumview_instrument_menu.go:180.3,181.15 2 1
github.com/ingyamilmolinar/beatmo/internal/ui/drumview_instrument_menu.go:181.15,183.4 1 1
github.com/ingyamilmolinar/beatmo/internal/ui/drumview_instrument_menu.go:185.3,186.21 2 1
github.com/ingyamilmolinar/beatmo/internal/ui/drumview_instrument_menu.go:186.21,188.4 1 0
github.com/ingyamilmolinar/beatmo/internal/ui/drumview_instrument_menu.go:189.3,190.23 2 1
github.com/ingyamilmolinar/beatmo/internal/ui/drumview_instrument_menu.go:190.23,192.4 1 0
github.com/ingyamilmolinar/beatmo/internal/ui/drumview_instrument_menu.go:193.3,193.26 1 1
github.com/ingyamilmolinar/beatmo/internal/ui/drumview_instrument_menu.go:193.26,195.4 1 1
github.com/ingyamilmolinar/beatmo/internal/ui/drumview_instrument_menu.go:196.3,196.82 1 1
github.com/ingyamilmolinar/beatmo/internal/ui/drumview_instrument_menu.go:196.82,198.4 1 0
github.com/ingyamilmolinar/beatmo/internal/ui/drumview_instrument_menu.go:199.3,199.35 1 1
github.com/ingyamilmolinar/beatmo/internal/ui/drumview_instrument_menu.go:199.35,201.4 1 0
github.com/ingyamilmolinar/beatmo/internal/ui/drumview_instrument_menu.go:202.3,202.14 1 1
github.com/ingyamilmolinar/beatmo/internal/ui/drumview_instrument_menu.go:202.14,204.4 1 1
github.com/ingyamilmolinar/beatmo/internal/ui/drumview_instrument_menu.go:205.3,207.13 3 1
github.com/ingyamilmolinar/beatmo/internal/ui/drumview_instrument_menu.go:207.13,209.4 1 0
github.com/ingyamilmolinar/beatmo/internal/ui/drumview_instrument_menu.go:210.3,210.32 1 1
github.com/ingyamilmolinar/beatmo/internal/ui/drumview_instrument_menu.go:210.32,212.4 1 0
github.com/ingyamilmolinar/beatmo/internal/ui/drumview_instrument_menu.go:213.3,213.39 1 1
github.com/ingyamilmolinar/beatmo/internal/ui/drumview_instrument_menu.go:213.39,215.4 1 0
github.com/ingyamilmolinar/beatmo/internal/ui/drumview_instrument_menu.go:216.3,217.15 2 1
github.com/ingyamilmolinar/beatmo/internal/ui/drumview_instrument_menu.go:217.15,219.4 1 1
github.com/ingyamilmolinar/beatmo/internal/ui/drumview_instrument_menu.go:220.3,226.25 7 1
github.com/ingyamilmolinar/beatmo/internal/ui/drumview_instrument_menu.go:226.25,234.4 7 1
github.com/ingyamilmolinar/beatmo/internal/ui/drumview_instrument_menu.go:235.3,236.88 2 1
github.com/ingyamilmolinar/beatmo/internal/ui/drumview_instrument_menu.go:237.8,238.21 1 1
github.com/ingyamilmolinar/beatmo/internal/ui/drumview_instrument_menu.go:238.21,240.4 1 1
github.com/ingyamilmolinar/beatmo/internal/ui/drumview_instrument_menu.go:241.3,241.14 1 1
github.com/ingyamilmolinar/beatmo/internal/ui/drumview_instrument_menu.go:241.14,243.4 1 0
github.com/ingyamilmolinar/beatmo/internal/ui/drumview_instrument_menu.go:245.3,246.21 2 1
github.com/ingyamilmolinar/beatmo/internal/ui/drumview_instrument_menu.go:246.21,248.4 1 0
github.com/ingyamilmolinar/beatmo/internal/ui/drumview_instrument_menu.go:249.3,249.23 1 1
github.com/ingyamilmolinar/beatmo/internal/ui/drumview_instrument_menu.go:249.23,251.4 1 0
github.com/ingyamilmolinar/beatmo/internal/ui/drumview_instrument_menu.go:252.3,252.35 1 1
github.com/ingyamilmolinar/beatmo/internal/ui/drumview_instrument_menu.go:252.35,254.4 1 0
github.com/ingyamilmolinar/beatmo/internal/ui/drumview_instrument_menu.go:255.3,257.13 3 1
github.com/ingyamilmolinar/beatmo/internal/ui/drumview_instrument_menu.go:257.13,259.4 1 0
github.com/ingyamilmolinar/beatmo/internal/ui/drumview_instrument_menu.go:260.3,260.26 1 1
github.com/ingyamilmolinar/beatmo/internal/ui/drumview_instrument_menu.go:260.26,262.4 1 0
github.com/ingyamilmolinar/beatmo/internal/ui/drumview_instrument_menu.go:263.3,263.33 1 1
github.com/ingyamilmolinar/beatmo/internal/ui/drumview_instrument_menu.go:263.33,265.4 1 0
github.com/ingyamilmolinar/beatmo/internal/ui/drumview_instrument_menu.go:266.3,269.47 4 1
github.com/ingyamilmolinar/beatmo/internal/ui/drumview_instrument_menu.go:272.2,272.25 1 1
github.com/ingyamilmolinar/beatmo/internal/ui/drumview_instrument_menu.go:272.25,274.51 2 1
github.com/ingyamilmolinar/beatmo/internal/ui/drumview_instrument_menu.go:274.51,276.4 1 0
github.com/ingyamilmolinar/beatmo/internal/ui/drumview_instrument_menu.go:276.9,276.58 1 1
github.com/ingyamilmolinar/beatmo/internal/ui/drumview_instrument_menu.go:276.58,278.4 1 0
github.com/ingyamilmolinar/beatmo/internal/ui/drumview_instrument_menu.go:279.3,279.18 1 1
github.com/ingyamilmolinar/beatmo/internal/ui/drumview_instrument_menu.go:279.18,282.50 3 0
github.com/ingyamilmolinar/beatmo/internal/ui/drumview_instrument_menu.go:282.50,284.5 1 0
github.com/ingyamilmolinar/beatmo/internal/ui/drumview_instrument_menu.go:288.2,288.106 1 1
github.com/ingyamilmolinar/beatmo/internal/ui/drumview_instrument_menu.go:288.106,289.68 1 0
github.com/ingyamilmolinar/beatmo/internal/ui/drumview_instrument_menu.go:289.68,291.4 1 0
github.com/ingyamilmolinar/beatmo/internal/ui/drumview_instrument_menu.go:292.3,292.68 1 0
github.com/ingyamilmolinar/beatmo/internal/ui/drumview_instrument_menu.go:292.68,294.17 2 0
github.com/ingyamilmolinar/beatmo/internal/ui/drumview_instrument_menu.go:294.17,296.5 1 0
github.com/ingyamilmolinar/beatmo/internal/ui/drumview_instrument_menu.go:297.4,297.35 1 0
github.com/ingyamilmolinar/beatmo/internal/ui/drumview_instrument_menu.go:301.2,301.105 1 1
github.com/ingyamilmolinar/beatmo/internal/ui/drumview_instrument_menu.go:301.105,303.51 2 1
github.com/ingyamilmolinar/beatmo/internal/ui/drumview_instrument_menu.go:303.51,305.4 1 1
github.com/ingyamilmolinar/beatmo/internal/ui/drumview_instrument_menu.go:306.3,306.44 1 1
github.com/ingyamilmolinar/beatmo/internal/ui/drumview_instrument_menu.go:306.44,308.4 1 0
github.com/ingyamilmolinar/beatmo/internal/ui/drumview_instrument_menu.go:309.3,309.15 1 1
github.com/ingyamilmolinar/beatmo/internal/ui/drumview_instrument_menu.go:309.15,311.17 2 0
github.com/ingyamilmolinar/beatmo/internal/ui/drumview_instrument_menu.go:311.17,313.5 1 0
github.com/ingyamilmolinar/beatmo/internal/ui/drumview_instrument_menu.go:314.4,314.35 1 0
github.com/ingyamilmolinar/beatmo/internal/ui/drumview_instrument_menu.go:317.2,319.123 2 1
github.com/ingyamilmolinar/beatmo/internal/ui/drumview_instrument_menu.go:319.123,320.55 1 1
github.com/ingyamilmolinar/beatmo/internal/ui/drumview_instrument_menu.go:320.55,322.17 2 1
github.com/ingyamilmolinar/beatmo/internal/ui/drumview_instrument_menu.go:322.17,324.5 1 1
github.com/ingyamilmolinar/beatmo/internal/ui/drumview_instrument_menu.go:325.4,326.29 2 1
github.com/ingyamilmolinar/beatmo/internal/ui/drumview_instrument_menu.go:329.2,329.48 1 1
github.com/ingyamilmolinar/beatmo/internal/ui/drumview_instrument_menu.go:329.48,331.3 1 1
github.com/ingyamilmolinar/beatmo/internal/ui/drumview_instrument_menu.go:332.2,334.15 3 1
github.com/ingyamilmolinar/beatmo/internal/ui/drumview_instrument_menu.go:334.15,336.31 2 0
github.com/ingyamilmolinar/beatmo/internal/ui/drumview_instrument_menu.go:336.31,338.4 1 0
github.com/ingyamilmolinar/beatmo/internal/ui/drumview_instrument_menu.go:340.2,342.47 3 1
github.com/ingyamilmolinar/beatmo/internal/ui/drumview_instrument_menu.go:342.47,343.44 1 1
github.com/ingyamilmolinar/beatmo/internal/ui/drumview_instrument_menu.go:343.44,345.4 1 0
github.com/ingyamilmolinar/beatmo/internal/ui/drumview_instrument_menu.go:346.3,347.64 2 1
github.com/ingyamilmolinar/beatmo/internal/ui/drumview_instrument_menu.go:347.64,351.51 4 1
github.com/ingyamilmolinar/beatmo/internal/ui/drumview_instrument_menu.go:351.51,358.5 6 0
github.com/ingyamilmolinar/beatmo/internal/ui/drumview_instrument_menu.go:359.4,359.38 1 1
github.com/ingyamilmolinar/beatmo/internal/ui/drumview_instrument_menu.go:359.38,361.5 1 0
github.com/ingyamilmolinar/beatmo/internal/ui/drumview_instrument_menu.go:362.4,363.58 2 1
github.com/ingyamilmolinar/beatmo/internal/ui/drumview_instrument_menu.go:365.8,367.15 2 1
github.com/ingyamilmolinar/beatmo/internal/ui/drumview_instrument_menu.go:367.15,369.55 2 1
github.com/ingyamilmolinar/beatmo/internal/ui/drumview_instrument_menu.go:369.55,375.5 5 0
github.com/ingyamilmolinar/beatmo/internal/ui/drumview_instrument_menu.go:376.4,377.54 2 1
github.com/ingyamilmolinar/beatmo/internal/ui/drumview_instrument_menu.go:381.3,381.73 1 1
github.com/ingyamilmolinar/beatmo/internal/ui/drumview_instrument_menu.go:381.73,385.34 4 1
github.com/ingyamilmolinar/beatmo/internal/ui/drumview_instrument_menu.go:385.34,387.5 1 0
github.com/ingyamilmolinar/beatmo/internal/ui/drumview_instrument_menu.go:388.4,388.34 1 1
github.com/ingyamilmolinar/beatmo/internal/ui/drumview_instrument_menu.go:388.34,390.5 1 0
github.com/ingyamilmolinar/beatmo/internal/ui/drumview_instrument_menu.go:391.4,393.50 3 1
github.com/ingyamilmolinar/beatmo/internal/ui/drumview_instrument_menu.go:393.50,396.59 2 0
github.com/ingyamilmolinar/beatmo/internal/ui/drumview_instrument_menu.go:396.59,398.6 1 0
github.com/ingyamilmolinar/beatmo/internal/ui/drumview_instrument_menu.go:399.5,399.29 1 0
github.com/ingyamilmolinar/beatmo/internal/ui/drumview_instrument_menu.go:401.4,402.45 2 1
github.com/ingyamilmolinar/beatmo/internal/ui/drumview_instrument_menu.go:402.45,404.5 1 0
github.com/ingyamilmolinar/beatmo/internal/ui/drumview_instrument_menu.go:405.4,405.50 1 1
github.com/ingyamilmolinar/beatmo/internal/ui/drumview_instrument_menu.go:408.2,408.89 1 1
github.com/ingyamilmolinar/beatmo/internal/ui/drumview_instrument_menu.go:408.89,410.37 2 0
github.com/ingyamilmolinar/beatmo/internal/ui/drumview_instrument_menu.go:410.37,412.4 1 0
github.com/ingyamilmolinar/beatmo/internal/ui/drumview_instrument_menu.go:413.3,413.155 1 0
github.com/ingyamilmolinar/beatmo/internal/ui/drumview_instrument_menu.go:419.48,420.28 1 1
github.com/ingyamilmolinar/beatmo/internal/ui/drumview_instrument_menu.go:420.28,422.3 1 1
github.com/ingyamilmolinar/beatmo/internal/ui/drumview_instrument_menu.go:424.2,425.58 2 1
github.com/ingyamilmolinar/beatmo/internal/ui/drumview_instrument_menu.go:425.58,427.3 1 1
github.com/ingyamilmolinar/beatmo/internal/ui/drumview_instrument_menu.go:428.2,431.53 3 1
github.com/ingyamilmolinar/beatmo/internal/ui/drumview_instrument_menu.go:431.53,435.3 2 1
github.com/ingyamilmolinar/beatmo/internal/ui/drumview_instrument_menu.go:437.2,446.36 8 1
github.com/ingyamilmolinar/beatmo/internal/ui/drumview_instrument_menu.go:446.36,448.3 1 1
github.com/ingyamilmolinar/beatmo/internal/ui/drumview_instrument_menu.go:448.8,450.3 1 1
github.com/ingyamilmolinar/beatmo/internal/ui/drumview_instrument_menu.go:452.2,452.48 1 1
github.com/ingyamilmolinar/beatmo/internal/ui/drumview_instrument_menu.go:458.52,459.42 1 1
github.com/ingyamilmolinar/beatmo/internal/ui/drumview_instrument_menu.go:459.42,461.3 1 1
github.com/ingyamilmolinar/beatmo/internal/ui/drumview_instrument_menu.go:463.2,468.27 4 1
github.com/ingyamilmolinar/beatmo/internal/ui/drumview_instrument_menu.go:468.27,469.64 1 1
github.com/ingyamilmolinar/beatmo/internal/ui/drumview_instrument_menu.go:469.64,471.37 2 1
github.com/ingyamilmolinar/beatmo/internal/ui/drumview_instrument_menu.go:471.37,473.5 1 1
github.com/ingyamilmolinar/beatmo/internal/ui/drumview_instrument_menu.go:474.4,474.40 1 1
github.com/ingyamilmolinar/beatmo/internal/ui/drumview_instrument_menu.go:479.2,479.84 1 1
github.com/ingyamilmolinar/beatmo/internal/ui/drumview_instrument_menu.go:479.84,484.3 4 1
github.com/ingyamilmolinar/beatmo/internal/ui/drumview_instrument_menu.go:487.2,492.28 3 1
github.com/ingyamilmolinar/beatmo/internal/ui/drumview_instrument_menu.go:492.28,494.37 2 1
github.com/ingyamilmolinar/beatmo/internal/ui/drumview_instrument_menu.go:494.37,496.32 2 1
github.com/ingyamilmolinar/beatmo/internal/ui/drumview_instrument_menu.go:496.32,497.43 1 1
github.com/ingyamilmolinar/beatmo/internal/ui/drumview_instrument_menu.go:497.43,499.6 1 1
github.com/ingyamilmolinar/beatmo/internal/ui/drumview_instrument_menu.go:501.4,502.29 2 1
github.com/ingyamilmolinar/beatmo/internal/ui/drumview_instrument_menu.go:502.29,504.5 1 1
github.com/ingyamilmolinar/beatmo/internal/ui/drumview_instrument_menu.go:505.4,509.6 1 1
github.com/ingyamilmolinar/beatmo/internal/ui/drumview_instrument_menu.go:512.3,513.27 2 1
github.com/ingyamilmolinar/beatmo/internal/ui/drumview_instrument_menu.go:513.27,515.4 1 1
github.com/ingyamilmolinar/beatmo/internal/ui/drumview_instrument_menu.go:516.3,517.35 2 1
github.com/ingyamilmolinar/beatmo/internal/ui/drumview_instrument_menu.go:517.35,519.4 1 1
github.com/ingyamilmolinar/beatmo/internal/ui/drumview_instrument_menu.go:520.3,531.34 1 1
github.com/ingyamilmolinar/beatmo/internal/ui/drumview_instrument_menu.go:531.34,533.5 1 1
github.com/ingyamilmolinar/beatmo/internal/ui/drumview_instrument_menu.go:534.20,536.5 1 1
github.com/ingyamilmolinar/beatmo/internal/ui/drumview_instrument_menu.go:537.22,539.5 1 1
github.com/ingyamilmolinar/beatmo/internal/ui/drumview_instrument_menu.go:541.3,544.32 4 1
github.com/ingyamilmolinar/beatmo/internal/ui/drumview_instrument_menu.go:545.8,548.63 2 0
github.com/ingyamilmolinar/beatmo/internal/ui/drumview_instrument_menu.go:548.63,550.4 1 0
github.com/ingyamilmolinar/beatmo/internal/ui/drumview_instrument_menu.go:550.9,552.4 1 0
github.com/ingyamilmolinar/beatmo/internal/ui/drumview_instrument_menu.go:553.3,553.21 1 0
github.com/ingyamilmolinar/beatmo/internal/ui/drumview_instruments.go:11.42,13.27 1 1
github.com/ingyamilmolinar/beatmo/internal/ui/drumview_instruments.go:13.27,15.3 1 0
github.com/ingyamilmolinar/beatmo/internal/ui/drumview_instruments.go:16.2,18.98 3 1
github.com/ingyamilmolinar/beatmo/internal/ui/drumview_instruments.go:18.98,20.3 1 1
github.com/ingyamilmolinar/beatmo/internal/ui/drumview_instruments.go:21.2,27.25 7 1
github.com/ingyamilmolinar/beatmo/internal/ui/drumview_instruments.go:27.25,30.3 2 1
github.com/ingyamilmolinar/beatmo/internal/ui/drumview_instruments.go:31.2,37.41 5 1
github.com/ingyamilmolinar/beatmo/internal/ui/drumview_instruments.go:37.41,38.16 1 1
github.com/ingyamilmolinar/beatmo/internal/ui/drumview_instruments.go:38.16,41.4 2 1
github.com/ingyamilmolinar/beatmo/internal/ui/drumview_instruments.go:44.2,44.25 1 1
github.com/ingyamilmolinar/beatmo/internal/ui/drumview_instruments.go:44.25,45.18 1 1
github.com/ingyamilmolinar/beatmo/internal/ui/drumview_instruments.go:45.18,48.4 2 1
github.com/ingyamilmolinar/beatmo/internal/ui/drumview_instruments.go:53.2,54.26 2 1
github.com/ingyamilmolinar/beatmo/internal/ui/drumview_instruments.go:54.26,55.39 1 1
github.com/ingyamilmolinar/beatmo/internal/ui/drumview_instruments.go:55.39,58.4 2 1
github.com/ingyamilmolinar/beatmo/internal/ui/drumview_instruments.go:60.2,60.15 1 1
github.com/ingyamilmolinar/beatmo/internal/ui/drumview_instruments.go:60.15,62.26 2 1
github.com/ingyamilmolinar/beatmo/internal/ui/drumview_instruments.go:62.26,63.24 1 1
github.com/ingyamilmolinar/beatmo/internal/ui/drumview_instruments.go:63.24,65.10 2 0
github.com/ingyamilmolinar/beatmo/internal/ui/drumview_instruments.go:68.3,68.19 1 1
github.com/ingyamilmolinar/beatmo/internal/ui/drumview_instruments.go:68.19,70.4 1 1
github.com/ingyamilmolinar/beatmo/internal/ui/drumview_instruments.go:73.2,75.62 3 1
github.com/ingyamilmolinar/beatmo/internal/ui/drumview_instruments.go:75.62,77.3 1 1
github.com/ingyamilmolinar/beatmo/internal/ui/drumview_instruments.go:79.2,80.36 2 1
github.com/ingyamilmolinar/beatmo/internal/ui/drumview_instruments.go:80.36,82.3 1 1
github.com/ingyamilmolinar/beatmo/internal/ui/drumview_instruments.go:84.2,86.26 3 1
github.com/ingyamilmolinar/beatmo/internal/ui/drumview_instruments.go:86.26,88.3 1 1
github.com/ingyamilmolinar/beatmo/internal/ui/drumview_instruments.go:89.2,89.41 1 1
github.com/ingyamilmolinar/beatmo/internal/ui/drumview_instruments.go:89.41,91.3 1 1
github.com/ingyamilmolinar/beatmo/internal/ui/drumview_instruments.go:93.2,93.27 1 1
github.com/ingyamilmolinar/beatmo/internal/ui/drumview_instruments.go:93.27,95.3 1 1
github.com/ingyamilmolinar/beatmo/internal/ui/drumview_instruments.go:97.2,97.33 1 1
github.com/ingyamilmolinar/beatmo/internal/ui/drumview_instruments.go:97.33,98.23 1 1
github.com/ingyamilmolinar/beatmo/internal/ui/drumview_instruments.go:98.23,100.4 1 1
github.com/ingyamilmolinar/beatmo/internal/ui/drumview_instruments.go:103.2,105.29 3 1
github.com/ingyamilmolinar/beatmo/internal/ui/drumview_instruments.go:105.29,107.34 2 1
github.com/ingyamilmolinar/beatmo/internal/ui/drumview_instruments.go:107.34,108.25 1 1
github.com/ingyamilmolinar/beatmo/internal/ui/drumview_instruments.go:108.25,110.5 1 1
github.com/ingyamilmolinar/beatmo/internal/ui/drumview_instruments.go:112.3,113.42 2 1
github.com/ingyamilmolinar/beatmo/internal/ui/drumview_instruments.go:116.2,116.32 1 1
github.com/ingyamilmolinar/beatmo/internal/ui/drumview_instruments.go:116.32,117.57 1 0
github.com/ingyamilmolinar/beatmo/internal/ui/drumview_instruments.go:117.57,120.11 3 0
github.com/ingyamilmolinar/beatmo/internal/ui/drumview_instruments.go:121.20,122.19 1 0
github.com/ingyamilmolinar/beatmo/internal/ui/drumview_instruments.go:123.13,124.14 1 0
github.com/ingyamilmolinar/beatmo/internal/ui/drumview_instruments.go:125.13,126.13 1 0
github.com/ingyamilmolinar/beatmo/internal/ui/drumview_instruments.go:127.12,128.13 1 0
github.com/ingyamilmolinar/beatmo/internal/ui/drumview_instruments.go:133.2,134.13 2 1
github.com/ingyamilmolinar/beatmo/internal/ui/drumview_instruments.go:134.13,136.31 1 1
github.com/ingyamilmolinar/beatmo/internal/ui/drumview_instruments.go:136.31,137.20 1 1
github.com/ingyamilmolinar/beatmo/internal/ui/drumview_instruments.go:137.20,139.10 2 1
github.com/ingyamilmolinar/beatmo/internal/ui/drumview_instruments.go:142.3,142.44 1 1
github.com/ingyamilmolinar/beatmo/internal/ui/drumview_instruments.go:142.44,144.4 1 0
github.com/ingyamilmolinar/beatmo/internal/ui/drumview_instruments.go:146.3,146.29 1 1
github.com/ingyamilmolinar/beatmo/internal/ui/drumview_instruments.go:148.2,151.25 3 1
github.com/ingyamilmolinar/beatmo/internal/ui/drumview_instruments.go:151.25,152.30 1 1
github.com/ingyamilmolinar/beatmo/internal/ui/drumview_instruments.go:152.30,154.36 2 1
github.com/ingyamilmolinar/beatmo/internal/ui/drumview_instruments.go:154.36,156.5 1 1
github.com/ingyamilmolinar/beatmo/internal/ui/drumview_instruments.go:156.10,158.5 1 1
github.com/ingyamilmolinar/beatmo/internal/ui/drumview_instruments.go:161.2,161.36 1 1
github.com/ingyamilmolinar/beatmo/internal/ui/drumview_instruments.go:161.36,163.3 1 0
github.com/ingyamilmolinar/beatmo/internal/ui/drumview_instruments.go:167.59,168.14 1 1
github.com/ingyamilmolinar/beatmo/internal/ui/drumview_instruments.go:168.14,170.3 1 1
github.com/ingyamilmolinar/beatmo/internal/ui/drumview_instruments.go:171.2,174.11 4 1
github.com/ingyamilmolinar/beatmo/internal/ui/drumview_instruments.go:180.54,181.14 1 1
github.com/ingyamilmolinar/beatmo/internal/ui/drumview_instruments.go:181.14,183.3 1 0
github.com/ingyamilmolinar/beatmo/internal/ui/drumview_instruments.go:185.2,185.34 1 1
github.com/ingyamilmolinar/beatmo/internal/ui/drumview_instruments.go:185.34,187.3 1 1
github.com/ingyamilmolinar/beatmo/internal/ui/drumview_instruments.go:188.2,189.27 2 1
github.com/ingyamilmolinar/beatmo/internal/ui/drumview_instruments.go:189.27,191.3 1 0
github.com/ingyamilmolinar/beatmo/internal/ui/drumview_instruments.go:192.2,195.25 4 1
github.com/ingyamilmolinar/beatmo/internal/ui/drumview_instruments.go:200.51,202.25 2 0
github.com/ingyamilmolinar/beatmo/internal/ui/drumview_instruments.go:202.25,204.3 1 0
github.com/ingyamilmolinar/beatmo/internal/ui/drumview_instruments.go:209.56,211.27 2 0
github.com/ingyamilmolinar/beatmo/internal/ui/drumview_instruments.go:211.27,213.3 1 0
github.com/ingyamilmolinar/beatmo/internal/ui/drumview_instruments.go:214.2,215.25 2 0
github.com/ingyamilmolinar/beatmo/internal/ui/drumview_layout.go:12.37,16.40 2 1
github.com/ingyamilmolinar/beatmo/internal/ui/drumview_layout.go:16.40,20.24 4 1
github.com/ingyamilmolinar/beatmo/internal/ui/drumview_layout.go:20.24,28.4 3 1
github.com/ingyamilmolinar/beatmo/internal/ui/drumview_layout.go:29.3,30.13 2 1
github.com/ingyamilmolinar/beatmo/internal/ui/drumview_layout.go:32.2,32.26 1 1
github.com/ingyamilmolinar/beatmo/internal/ui/drumview_layout.go:32.26,35.3 2 1
github.com/ingyamilmolinar/beatmo/internal/ui/drumview_layout.go:36.2,39.23 3 1
github.com/ingyamilmolinar/beatmo/internal/ui/drumview_layout.go:39.23,41.3 1 1
github.com/ingyamilmolinar/beatmo/internal/ui/drumview_layout.go:44.2,45.23 2 1
github.com/ingyamilmolinar/beatmo/internal/ui/drumview_layout.go:45.23,47.3 1 1
github.com/ingyamilmolinar/beatmo/internal/ui/drumview_layout.go:49.2,49.33 1 1
github.com/ingyamilmolinar/beatmo/internal/ui/drumview_layout.go:49.33,51.3 1 1
github.com/ingyamilmolinar/beatmo/internal/ui/drumview_layout.go:52.2,52.18 1 1
github.com/ingyamilmolinar/beatmo/internal/ui/drumview_layout.go:52.19,54.3 0 1
github.com/ingyamilmolinar/beatmo/internal/ui/drumview_layout.go:54.8,54.58 1 1
github.com/ingyamilmolinar/beatmo/internal/ui/drumview_layout.go:54.58,56.3 1 0
github.com/ingyamilmolinar/beatmo/internal/ui/drumview_layout.go:57.2,60.47 2 1
github.com/ingyamilmolinar/beatmo/internal/ui/drumview_layout.go:60.47,62.35 2 1
github.com/ingyamilmolinar/beatmo/internal/ui/drumview_layout.go:62.35,64.4 1 1
github.com/ingyamilmolinar/beatmo/internal/ui/drumview_layout.go:65.3,70.48 6 1
github.com/ingyamilmolinar/beatmo/internal/ui/drumview_layout.go:74.2,74.45 1 1
github.com/ingyamilmolinar/beatmo/internal/ui/drumview_layout.go:74.45,76.23 2 1
github.com/ingyamilmolinar/beatmo/internal/ui/drumview_layout.go:76.23,79.4 2 1
github.com/ingyamilmolinar/beatmo/internal/ui/drumview_layout.go:81.3,82.31 2 1
github.com/ingyamilmolinar/beatmo/internal/ui/drumview_layout.go:82.31,84.4 1 1
github.com/ingyamilmolinar/beatmo/internal/ui/drumview_layout.go:88.3,94.69 4 1
github.com/ingyamilmolinar/beatmo/internal/ui/drumview_layout.go:94.69,96.4 1 0
github.com/ingyamilmolinar/beatmo/internal/ui/drumview_layout.go:97.3,100.70 4 1
github.com/ingyamilmolinar/beatmo/internal/ui/drumview_layout.go:105.2,105.29 1 1
github.com/ingyamilmolinar/beatmo/internal/ui/drumview_layout.go:105.29,109.27 2 0
github.com/ingyamilmolinar/beatmo/internal/ui/drumview_layout.go:109.27,111.4 1 0
github.com/ingyamilmolinar/beatmo/internal/ui/drumview_layout.go:112.3,112.65 1 0
github.com/ingyamilmolinar/beatmo/internal/ui/drumview_layout.go:112.65,113.17 1 0
github.com/ingyamilmolinar/beatmo/internal/ui/drumview_layout.go:113.17,115.5 1 0
github.com/ingyamilmolinar/beatmo/internal/ui/drumview_layout.go:116.4,117.23 2 0
github.com/ingyamilmolinar/beatmo/internal/ui/drumview_layout.go:117.23,119.5 1 0
github.com/ingyamilmolinar/beatmo/internal/ui/drumview_layout.go:120.4,121.18 2 0
github.com/ingyamilmolinar/beatmo/internal/ui/drumview_layout.go:121.18,123.5 1 0
github.com/ingyamilmolinar/beatmo/internal/ui/drumview_layout.go:124.4,127.19 4 0
github.com/ingyamilmolinar/beatmo/internal/ui/drumview_layout.go:127.19,129.5 1 0
github.com/ingyamilmolinar/beatmo/internal/ui/drumview_layout.go:130.4,131.19 2 0
github.com/ingyamilmolinar/beatmo/internal/ui/drumview_layout.go:131.19,133.5 1 0
github.com/ingyamilmolinar/beatmo/internal/ui/drumview_layout.go:134.4,134.24 1 0
github.com/ingyamilmolinar/beatmo/internal/ui/drumview_layout.go:134.24,136.5 1 0
github.com/ingyamilmolinar/beatmo/internal/ui/drumview_layout.go:137.4,137.24 1 0
github.com/ingyamilmolinar/beatmo/internal/ui/drumview_layout.go:137.24,139.5 1 0
github.com/ingyamilmolinar/beatmo/internal/ui/drumview_layout.go:140.4,140.20 1 0
github.com/ingyamilmolinar/beatmo/internal/ui/drumview_layout.go:140.20,142.5 1 0
github.com/ingyamilmolinar/beatmo/internal/ui/drumview_layout.go:143.4,143.28 1 0
github.com/ingyamilmolinar/beatmo/internal/ui/drumview_layout.go:146.3,147.35 2 0
github.com/ingyamilmolinar/beatmo/internal/ui/drumview_layout.go:147.35,149.4 1 0
github.com/ingyamilmolinar/beatmo/internal/ui/drumview_layout.go:150.3,152.42 2 0
github.com/ingyamilmolinar/beatmo/internal/ui/drumview_layout.go:152.42,153.35 1 0
github.com/ingyamilmolinar/beatmo/internal/ui/drumview_layout.go:153.35,155.5 1 0
github.com/ingyamilmolinar/beatmo/internal/ui/drumview_layout.go:156.4,157.28 2 0
github.com/ingyamilmolinar/beatmo/internal/ui/drumview_layout.go:157.28,162.5 4 0
github.com/ingyamilmolinar/beatmo/internal/ui/drumview_layout.go:164.3,164.57 1 0
github.com/ingyamilmolinar/beatmo/internal/ui/drumview_layout.go:164.57,166.30 2 0
github.com/ingyamilmolinar/beatmo/internal/ui/drumview_layout.go:166.30,168.5 1 0
github.com/ingyamilmolinar/beatmo/internal/ui/drumview_layout.go:169.4,169.30 1 0
github.com/ingyamilmolinar/beatmo/internal/ui/drumview_layout.go:169.30,171.5 1 0
github.com/ingyamilmolinar/beatmo/internal/ui/drumview_layout.go:172.4,172.18 1 0
github.com/ingyamilmolinar/beatmo/internal/ui/drumview_layout.go:175.3,175.88 1 0
github.com/ingyamilmolinar/beatmo/internal/ui/drumview_layout.go:175.88,177.17 2 0
github.com/ingyamilmolinar/beatmo/internal/ui/drumview_layout.go:177.17,179.5 1 0
github.com/ingyamilmolinar/beatmo/internal/ui/drumview_layout.go:180.4,187.31 8 0
github.com/ingyamilmolinar/beatmo/internal/ui/drumview_layout.go:187.31,189.5 1 0
github.com/ingyamilmolinar/beatmo/internal/ui/drumview_layout.go:190.4,190.31 1 0
github.com/ingyamilmolinar/beatmo/internal/ui/drumview_layout.go:190.31,192.5 1 0
github.com/ingyamilmolinar/beatmo/internal/ui/drumview_layout.go:193.4,193.27 1 0
github.com/ingyamilmolinar/beatmo/internal/ui/drumview_layout.go:193.27,195.5 1 0
github.com/ingyamilmolinar/beatmo/internal/ui/drumview_layout.go:196.4,198.25 3 0
github.com/ingyamilmolinar/beatmo/internal/ui/drumview_layout.go:201.3,201.19 1 0
github.com/ingyamilmolinar/beatmo/internal/ui/drumview_layout.go:201.19,221.33 12 0
github.com/ingyamilmolinar/beatmo/internal/ui/drumview_layout.go:221.33,224.5 2 0
github.com/ingyamilmolinar/beatmo/internal/ui/drumview_layout.go:225.4,225.33 1 0
github.com/ingyamilmolinar/beatmo/internal/ui/drumview_layout.go:225.33,227.5 1 0
github.com/ingyamilmolinar/beatmo/internal/ui/drumview_layout.go:228.4,228.31 1 0
github.com/ingyamilmolinar/beatmo/internal/ui/drumview_layout.go:228.31,230.5 1 0
github.com/ingyamilmolinar/beatmo/internal/ui/drumview_layout.go:232.4,238.34 5 0
github.com/ingyamilmolinar/beatmo/internal/ui/drumview_layout.go:238.34,240.5 1 0
github.com/ingyamilmolinar/beatmo/internal/ui/drumview_layout.go:241.9,245.34 3 0
github.com/ingyamilmolinar/beatmo/internal/ui/drumview_layout.go:245.34,249.5 3 0
github.com/ingyamilmolinar/beatmo/internal/ui/drumview_layout.go:250.4,268.33 16 0
github.com/ingyamilmolinar/beatmo/internal/ui/drumview_layout.go:268.33,271.5 2 0
github.com/ingyamilmolinar/beatmo/internal/ui/drumview_layout.go:273.4,275.34 2 0
github.com/ingyamilmolinar/beatmo/internal/ui/drumview_layout.go:275.34,277.5 1 0
github.com/ingyamilmolinar/beatmo/internal/ui/drumview_layout.go:278.4,278.33 1 0
github.com/ingyamilmolinar/beatmo/internal/ui/drumview_layout.go:278.33,280.5 1 0
github.com/ingyamilmolinar/beatmo/internal/ui/drumview_layout.go:281.4,281.31 1 0
github.com/ingyamilmolinar/beatmo/internal/ui/drumview_layout.go:281.31,283.5 1 0
github.com/ingyamilmolinar/beatmo/internal/ui/drumview_layout.go:285.3,285.40 1 0
github.com/ingyamilmolinar/beatmo/internal/ui/drumview_layout.go:289.2,290.22 2 1
github.com/ingyamilmolinar/beatmo/internal/ui/drumview_layout.go:290.22,292.3 1 1
github.com/ingyamilmolinar/beatmo/internal/ui/drumview_layout.go:293.2,295.29 3 1
github.com/ingyamilmolinar/beatmo/internal/ui/drumview_layout.go:295.29,297.3 1 1
github.com/ingyamilmolinar/beatmo/internal/ui/drumview_layout.go:298.2,299.26 2 1
github.com/ingyamilmolinar/beatmo/internal/ui/drumview_layout.go:299.26,301.3 1 0
github.com/ingyamilmolinar/beatmo/internal/ui/drumview_layout.go:303.2,304.19 2 1
github.com/ingyamilmolinar/beatmo/internal/ui/drumview_layout.go:304.19,306.21 2 1
github.com/ingyamilmolinar/beatmo/internal/ui/drumview_layout.go:306.21,308.4 1 0
github.com/ingyamilmolinar/beatmo/internal/ui/drumview_layout.go:312.2,323.28 4 1
github.com/ingyamilmolinar/beatmo/internal/ui/drumview_layout.go:323.28,325.3 1 1
github.com/ingyamilmolinar/beatmo/internal/ui/drumview_layout.go:326.2,332.2 2 1
github.com/ingyamilmolinar/beatmo/internal/ui/drumview_layout.go:332.2,335.16 3 1
github.com/ingyamilmolinar/beatmo/internal/ui/drumview_layout.go:335.16,337.4 1 0
github.com/ingyamilmolinar/beatmo/internal/ui/drumview_layout.go:339.3,345.32 6 1
github.com/ingyamilmolinar/beatmo/internal/ui/drumview_layout.go:349.2,349.41 1 1
github.com/ingyamilmolinar/beatmo/internal/ui/drumview_layout.go:349.41,352.3 2 1
github.com/ingyamilmolinar/beatmo/internal/ui/drumview_layout.go:355.2,355.19 1 1
github.com/ingyamilmolinar/beatmo/internal/ui/drumview_layout.go:355.19,357.74 2 1
github.com/ingyamilmolinar/beatmo/internal/ui/drumview_layout.go:357.74,359.4 1 0
github.com/ingyamilmolinar/beatmo/internal/ui/drumview_layout.go:360.3,363.5 1 1
github.com/ingyamilmolinar/beatmo/internal/ui/drumview_layout.go:367.2,367.46 1 1
github.com/ingyamilmolinar/beatmo/internal/ui/drumview_layout.go:367.46,372.38 2 1
github.com/ingyamilmolinar/beatmo/internal/ui/drumview_layout.go:372.38,374.4 1 1
github.com/ingyamilmolinar/beatmo/internal/ui/drumview_layout.go:375.3,381.47 2 1
github.com/ingyamilmolinar/beatmo/internal/ui/drumview_layout.go:381.47,383.4 1 1
github.com/ingyamilmolinar/beatmo/internal/ui/drumview_layout.go:384.3,387.71 4 1
github.com/ingyamilmolinar/beatmo/internal/ui/drumview_layout.go:391.2,392.22 2 1
github.com/ingyamilmolinar/beatmo/internal/ui/drumview_layout.go:392.22,394.3 1 1
github.com/ingyamilmolinar/beatmo/internal/ui/drumview_layout.go:395.2,397.37 2 1
github.com/ingyamilmolinar/beatmo/internal/ui/drumview_layout.go:397.37,404.3 1 1
github.com/ingyamilmolinar/beatmo/internal/ui/drumview_layout.go:407.2,407.43 1 1
github.com/ingyamilmolinar/beatmo/internal/ui/drumview_layout.go:407.43,409.3 1 1
github.com/ingyamilmolinar/beatmo/internal/ui/drumview_layout.go:410.2,410.45 1 1
github.com/ingyamilmolinar/beatmo/internal/ui/drumview_layout.go:410.45,416.3 3 1
github.com/ingyamilmolinar/beatmo/internal/ui/drumview_layout.go:420.2,420.50 1 1
github.com/ingyamilmolinar/beatmo/internal/ui/drumview_layout.go:420.50,422.3 1 1
github.com/ingyamilmolinar/beatmo/internal/ui/drumview_layout.go:428.2,429.19 2 1
github.com/ingyamilmolinar/beatmo/internal/ui/drumview_layout.go:429.19,430.54 1 1
github.com/ingyamilmolinar/beatmo/internal/ui/drumview_layout.go:430.54,433.4 2 1
github.com/ingyamilmolinar/beatmo/internal/ui/drumview_layout.go:434.3,434.83 1 1
github.com/ingyamilmolinar/beatmo/internal/ui/drumview_layout.go:434.83,437.4 2 0
github.com/ingyamilmolinar/beatmo/internal/ui/drumview_layout.go:438.3,438.73 1 1
github.com/ingyamilmolinar/beatmo/internal/ui/drumview_layout.go:438.73,441.4 2 1
github.com/ingyamilmolinar/beatmo/internal/ui/drumview_layout.go:442.3,442.56 1 1
github.com/ingyamilmolinar/beatmo/internal/ui/drumview_layout.go:442.56,445.4 2 1
github.com/ingyamilmolinar/beatmo/internal/ui/drumview_layout.go:449.2,449.18 1 1
github.com/ingyamilmolinar/beatmo/internal/ui/drumview_layout.go:449.18,453.54 2 1
github.com/ingyamilmolinar/beatmo/internal/ui/drumview_layout.go:453.54,457.4 2 1
github.com/ingyamilmolinar/beatmo/internal/ui/drumview_layout.go:464.3,466.32 1 1
github.com/ingyamilmolinar/beatmo/internal/ui/drumview_layout.go:466.32,470.41 4 1
github.com/ingyamilmolinar/beatmo/internal/ui/drumview_layout.go:470.41,477.5 1 1
github.com/ingyamilmolinar/beatmo/internal/ui/drumview_layout.go:481.3,481.83 1 1
github.com/ingyamilmolinar/beatmo/internal/ui/drumview_layout.go:481.83,485.4 2 0
github.com/ingyamilmolinar/beatmo/internal/ui/drumview_layout.go:488.3,488.73 1 1
github.com/ingyamilmolinar/beatmo/internal/ui/drumview_layout.go:488.73,492.4 2 0
github.com/ingyamilmolinar/beatmo/internal/ui/drumview_layout.go:498.59,500.14 2 1
github.com/ingyamilmolinar/beatmo/internal/ui/drumview_layout.go:500.14,507.24 6 1
github.com/ingyamilmolinar/beatmo/internal/ui/drumview_layout.go:507.24,510.4 2 1
github.com/ingyamilmolinar/beatmo/internal/ui/drumview_layout.go:511.8,514.24 2 1
github.com/ingyamilmolinar/beatmo/internal/ui/drumview_layout.go:514.24,516.4 1 1
github.com/ingyamilmolinar/beatmo/internal/ui/drumview_layout.go:519.2,527.21 9 1
github.com/ingyamilmolinar/beatmo/internal/ui/drumview_layout.go:534.44,541.11 4 1
github.com/ingyamilmolinar/beatmo/internal/ui/drumview_layout.go:541.11,543.14 2 1
github.com/ingyamilmolinar/beatmo/internal/ui/drumview_layout.go:543.14,545.4 1 0
github.com/ingyamilmolinar/beatmo/internal/ui/drumview_layout.go:546.3,547.22 2 1
github.com/ingyamilmolinar/beatmo/internal/ui/drumview_layout.go:547.22,549.4 1 1
github.com/ingyamilmolinar/beatmo/internal/ui/drumview_layout.go:550.3,550.17 1 1
github.com/ingyamilmolinar/beatmo/internal/ui/drumview_layout.go:550.17,552.4 1 1
github.com/ingyamilmolinar/beatmo/internal/ui/drumview_layout.go:555.2,555.16 1 1
github.com/ingyamilmolinar/beatmo/internal/ui/drumview_layout.go:555.16,557.3 1 1
github.com/ingyamilmolinar/beatmo/internal/ui/drumview_layout.go:558.2,558.10 1 1
github.com/ingyamilmolinar/beatmo/internal/ui/drumview_layout.go:563.46,565.25 2 1
github.com/ingyamilmolinar/beatmo/internal/ui/drumview_layout.go:565.25,567.3 1 1
github.com/ingyamilmolinar/beatmo/internal/ui/drumview_layout.go:568.2,569.24 2 1
github.com/ingyamilmolinar/beatmo/internal/ui/drumview_layout.go:569.24,571.3 1 1
github.com/ingyamilmolinar/beatmo/internal/ui/drumview_layout.go:571.8,573.3 1 1
github.com/ingyamilmolinar/beatmo/internal/ui/drumview_layout.go:574.2,576.28 3 1
github.com/ingyamilmolinar/beatmo/internal/ui/drumview_layout.go:576.28,580.20 4 1
github.com/ingyamilmolinar/beatmo/internal/ui/drumview_layout.go:580.20,582.4 1 1
github.com/ingyamilmolinar/beatmo/internal/ui/drumview_layout.go:583.3,586.25 4 1
github.com/ingyamilmolinar/beatmo/internal/ui/drumview_layout.go:588.2,590.23 3 1
github.com/ingyamilmolinar/beatmo/internal/ui/drumview_layout.go:596.36,597.26 1 1
github.com/ingyamilmolinar/beatmo/internal/ui/drumview_layout.go:597.26,600.3 1 1
github.com/ingyamilmolinar/beatmo/internal/ui/drumview_layout.go:604.2,604.44 1 1
github.com/ingyamilmolinar/beatmo/internal/ui/drumview_layout.go:604.44,606.15 2 1
github.com/ingyamilmolinar/beatmo/internal/ui/drumview_layout.go:606.15,608.4 1 0
github.com/ingyamilmolinar/beatmo/internal/ui/drumview_layout.go:609.3,611.12 3 1
github.com/ingyamilmolinar/beatmo/internal/ui/drumview_layout.go:611.12,613.4 1 0
github.com/ingyamilmolinar/beatmo/internal/ui/drumview_layout.go:614.3,614.11 1 1
github.com/ingyamilmolinar/beatmo/internal/ui/drumview_layout.go:616.2,626.3 1 1
github.com/ingyamilmolinar/beatmo/internal/ui/drumview_layout.go:633.51,635.2 1 1
github.com/ingyamilmolinar/beatmo/internal/ui/drumview_layout.go:639.38,639.68 1 1
github.com/ingyamilmolinar/beatmo/internal/ui/drumview_layout.go:642.36,646.2 3 1
github.com/ingyamilmolinar/beatmo/internal/ui/drumview_layout.go:648.34,649.25 1 1
github.com/ingyamilmolinar/beatmo/internal/ui/drumview_layout.go:649.25,651.3 1 1
github.com/ingyamilmolinar/beatmo/internal/ui/drumview_layout.go:652.2,653.22 2 1
github.com/ingyamilmolinar/beatmo/internal/ui/drumview_layout.go:653.22,655.13 2 1
github.com/ingyamilmolinar/beatmo/internal/ui/drumview_layout.go:655.13,657.4 1 1
github.com/ingyamilmolinar/beatmo/internal/ui/drumview_layout.go:658.3,659.18 2 1
github.com/ingyamilmolinar/beatmo/internal/ui/drumview_layout.go:659.18,661.4 1 1
github.com/ingyamilmolinar/beatmo/internal/ui/drumview_layout.go:663.2,665.23 3 1
github.com/ingyamilmolinar/beatmo/internal/ui/drumview_layout.go:665.23,667.3 1 1
github.com/ingyamilmolinar/beatmo/internal/ui/drumview_layout.go:669.2,669.31 1 1
github.com/ingyamilmolinar/beatmo/internal/ui/drumview_layout.go:669.31,671.3 1 1
github.com/ingyamilmolinar/beatmo/internal/ui/drumview_layout.go:675.2,677.76 2 1
github.com/ingyamilmolinar/beatmo/internal/ui/drumview_layout.go:677.76,681.3 3 1
github.com/ingyamilmolinar/beatmo/internal/ui/drumview_layout.go:684.2,684.35 1 1
github.com/ingyamilmolinar/beatmo/internal/ui/drumview_layout.go:684.35,686.21 2 1
github.com/ingyamilmolinar/beatmo/internal/ui/drumview_layout.go:686.21,688.4 1 1
github.com/ingyamilmolinar/beatmo/internal/ui/drumview_layout.go:689.3,690.17 2 1
github.com/ingyamilmolinar/beatmo/internal/ui/drumview_layout.go:690.17,692.4 1 0
github.com/ingyamilmolinar/beatmo/internal/ui/drumview_layout.go:693.3,693.23 1 1
github.com/ingyamilmolinar/beatmo/internal/ui/drumview_layout.go:693.23,695.4 1 1
github.com/ingyamilmolinar/beatmo/internal/ui/drumview_layout.go:696.3,696.129 1 1
github.com/ingyamilmolinar/beatmo/internal/ui/drumview_layout.go:699.2,699.27 1 1
github.com/ingyamilmolinar/beatmo/internal/ui/drumview_layout.go:704.45,707.2 2 1
github.com/ingyamilmolinar/beatmo/internal/ui/drumview_layout.go:711.38,716.64 3 1
github.com/ingyamilmolinar/beatmo/internal/ui/drumview_layout.go:716.64,718.29 1 1
github.com/ingyamilmolinar/beatmo/internal/ui/drumview_layout.go:718.29,719.42 1 1
github.com/ingyamilmolinar/beatmo/internal/ui/drumview_layout.go:719.42,721.10 2 1
github.com/ingyamilmolinar/beatmo/internal/ui/drumview_layout.go:725.2,725.64 1 1
github.com/ingyamilmolinar/beatmo/internal/ui/drumview_layout.go:725.64,729.26 2 1
github.com/ingyamilmolinar/beatmo/internal/ui/drumview_layout.go:729.26,731.4 1 1
github.com/ingyamilmolinar/beatmo/internal/ui/drumview_layout.go:732.3,733.9 2 1
github.com/ingyamilmolinar/beatmo/internal/ui/drumview_layout.go:736.2,737.28 2 1
github.com/ingyamilmolinar/beatmo/internal/ui/drumview_layout.go:737.28,738.40 1 1
github.com/ingyamilmolinar/beatmo/internal/ui/drumview_layout.go:738.40,740.4 1 1
github.com/ingyamilmolinar/beatmo/internal/ui/drumview_layout.go:742.2,742.36 1 1
github.com/ingyamilmolinar/beatmo/internal/ui/drumview_layout.go:742.36,744.37 2 1
github.com/ingyamilmolinar/beatmo/internal/ui/drumview_layout.go:744.37,746.4 1 1
github.com/ingyamilmolinar/beatmo/internal/ui/drumview_layout.go:748.2,750.17 3 1
github.com/ingyamilmolinar/beatmo/internal/ui/drumview_layout.go:750.17,752.3 1 1
github.com/ingyamilmolinar/beatmo/internal/ui/drumview_layout.go:754.2,758.47 4 1
github.com/ingyamilmolinar/beatmo/internal/ui/drumview_layout.go:758.47,760.3 1 1
github.com/ingyamilmolinar/beatmo/internal/ui/drumview_layout.go:760.8,762.3 1 1
github.com/ingyamilmolinar/beatmo/internal/ui/drumview_layout.go:763.2,763.28 1 1
github.com/ingyamilmolinar/beatmo/internal/ui/drumview_layout.go:763.28,765.3 1 1
github.com/ingyamilmolinar/beatmo/internal/ui/drumview_layout.go:766.2,766.25 1 1
github.com/ingyamilmolinar/beatmo/internal/ui/drumview_layout.go:766.25,768.3 1 1
github.com/ingyamilmolinar/beatmo/internal/ui/drumview_layout.go:769.2,770.28 2 1
github.com/ingyamilmolinar/beatmo/internal/ui/drumview_layout_resize_handler.go:22.64,28.2 1 1
github.com/ingyamilmolinar/beatmo/internal/ui/drumview_layout_resize_handler.go:31.61,33.2 1 0
github.com/ingyamilmolinar/beatmo/internal/ui/drumview_layout_resize_handler.go:37.44,37.58 1 0
github.com/ingyamilmolinar/beatmo/internal/ui/drumview_layout_resize_handler.go:40.48,42.2 1 1
github.com/ingyamilmolinar/beatmo/internal/ui/drumview_layout_resize_handler.go:49.79,50.25 1 1
github.com/ingyamilmolinar/beatmo/internal/ui/drumview_layout_resize_handler.go:50.25,52.3 1 0
github.com/ingyamilmolinar/beatmo/internal/ui/drumview_layout_resize_handler.go:55.2,55.45 1 1
github.com/ingyamilmolinar/beatmo/internal/ui/drumview_layout_resize_handler.go:55.45,57.29 2 0
github.com/ingyamilmolinar/beatmo/internal/ui/drumview_layout_resize_handler.go:57.29,59.4 1 0
github.com/ingyamilmolinar/beatmo/internal/ui/drumview_layout_resize_handler.go:60.3,60.22 1 0
github.com/ingyamilmolinar/beatmo/internal/ui/drumview_layout_resize_handler.go:64.2,64.16 1 1
github.com/ingyamilmolinar/beatmo/internal/ui/drumview_layout_resize_handler.go:64.16,66.15 2 1
github.com/ingyamilmolinar/beatmo/internal/ui/drumview_layout_resize_handler.go:66.15,68.4 1 1
github.com/ingyamilmolinar/beatmo/internal/ui/drumview_layout_resize_handler.go:69.3,69.23 1 1
github.com/ingyamilmolinar/beatmo/internal/ui/drumview_layout_resize_handler.go:73.2,73.37 1 1
github.com/ingyamilmolinar/beatmo/internal/ui/drumview_layout_resize_handler.go:73.37,76.3 2 1
github.com/ingyamilmolinar/beatmo/internal/ui/drumview_layout_resize_handler.go:79.2,79.56 1 1
github.com/ingyamilmolinar/beatmo/internal/ui/drumview_layout_resize_handler.go:79.56,82.15 3 1
github.com/ingyamilmolinar/beatmo/internal/ui/drumview_layout_resize_handler.go:82.15,84.4 1 1
github.com/ingyamilmolinar/beatmo/internal/ui/drumview_layout_resize_handler.go:84.9,86.4 1 1
github.com/ingyamilmolinar/beatmo/internal/ui/drumview_layout_resize_handler.go:87.3,87.26 1 1
github.com/ingyamilmolinar/beatmo/internal/ui/drumview_layout_resize_handler.go:87.26,90.4 2 1
github.com/ingyamilmolinar/beatmo/internal/ui/drumview_layout_resize_handler.go:91.3,91.22 1 1
github.com/ingyamilmolinar/beatmo/internal/ui/drumview_layout_resize_handler.go:95.2,95.53 1 1
github.com/ingyamilmolinar/beatmo/internal/ui/drumview_layout_resize_handler.go:95.53,96.37 1 1
github.com/ingyamilmolinar/beatmo/internal/ui/drumview_layout_resize_handler.go:96.37,99.16 3 1
github.com/ingyamilmolinar/beatmo/internal/ui/drumview_layout_resize_handler.go:99.16,101.5 1 1
github.com/ingyamilmolinar/beatmo/internal/ui/drumview_layout_resize_handler.go:101.10,103.5 1 1
github.com/ingyamilmolinar/beatmo/internal/ui/drumview_layout_resize_handler.go:104.4,104.27 1 1
github.com/ingyamilmolinar/beatmo/internal/ui/drumview_layout_resize_handler.go:104.27,107.5 2 1
github.com/ingyamilmolinar/beatmo/internal/ui/drumview_layout_resize_handler.go:108.4,108.23 1 1
github.com/ingyamilmolinar/beatmo/internal/ui/drumview_layout_resize_handler.go:112.2,113.21 2 1
github.com/ingyamilmolinar/beatmo/internal/ui/drumview_layout_resize_handler.go:118.74,119.25 1 1
github.com/ingyamilmolinar/beatmo/internal/ui/drumview_layout_resize_handler.go:119.25,121.3 1 0
github.com/ingyamilmolinar/beatmo/internal/ui/drumview_layout_resize_handler.go:122.2,122.44 1 1
github.com/ingyamilmolinar/beatmo/internal/ui/drumview_layout_resize_handler.go:122.44,123.17 1 1
github.com/ingyamilmolinar/beatmo/internal/ui/drumview_layout_resize_handler.go:123.17,124.12 1 0
github.com/ingyamilmolinar/beatmo/internal/ui/drumview_layout_resize_handler.go:127.3,127.50 1 1
github.com/ingyamilmolinar/beatmo/internal/ui/drumview_layout_resize_handler.go:127.50,128.12 1 1
github.com/ingyamilmolinar/beatmo/internal/ui/drumview_layout_resize_handler.go:131.3,131.52 1 1
github.com/ingyamilmolinar/beatmo/internal/ui/drumview_layout_resize_handler.go:131.52,133.4 1 1
github.com/ingyamilmolinar/beatmo/internal/ui/drumview_layout_resize_handler.go:135.2,135.14 1 1
github.com/ingyamilmolinar/beatmo/internal/ui/drumview_layout_resize_handler.go:141.66,142.25 1 1
github.com/ingyamilmolinar/beatmo/internal/ui/drumview_layout_resize_handler.go:142.25,144.3 1 0
github.com/ingyamilmolinar/beatmo/internal/ui/drumview_layout_resize_handler.go:145.2,145.44 1 1
github.com/ingyamilmolinar/beatmo/internal/ui/drumview_layout_resize_handler.go:145.44,146.17 1 1
github.com/ingyamilmolinar/beatmo/internal/ui/drumview_layout_resize_handler.go:146.17,147.12 1 0
github.com/ingyamilmolinar/beatmo/internal/ui/drumview_layout_resize_handler.go:149.3,149.52 1 1
github.com/ingyamilmolinar/beatmo/internal/ui/drumview_layout_resize_handler.go:149.52,151.4 1 1
github.com/ingyamilmolinar/beatmo/internal/ui/drumview_layout_resize_handler.go:153.2,153.14 1 1
github.com/ingyamilmolinar/beatmo/internal/ui/drumview_layout_resize_handler.go:159.69,160.25 1 1
github.com/ingyamilmolinar/beatmo/internal/ui/drumview_layout_resize_handler.go:160.25,162.3 1 0
github.com/ingyamilmolinar/beatmo/internal/ui/drumview_layout_resize_handler.go:163.2,164.44 2 1
github.com/ingyamilmolinar/beatmo/internal/ui/drumview_layout_resize_handler.go:164.44,165.17 1 1
github.com/ingyamilmolinar/beatmo/internal/ui/drumview_layout_resize_handler.go:165.17,166.12 1 0
github.com/ingyamilmolinar/beatmo/internal/ui/drumview_layout_resize_handler.go:168.3,168.48 1 1
github.com/ingyamilmolinar/beatmo/internal/ui/drumview_layout_resize_handler.go:168.48,170.4 1 1
github.com/ingyamilmolinar/beatmo/internal/ui/drumview_layout_resize_handler.go:172.2,172.14 1 1
github.com/ingyamilmolinar/beatmo/internal/ui/drumview_layout_resize_handler.go:177.71,178.25 1 0
github.com/ingyamilmolinar/beatmo/internal/ui/drumview_layout_resize_handler.go:178.25,180.3 1 0
github.com/ingyamilmolinar/beatmo/internal/ui/drumview_layout_resize_handler.go:181.2,181.44 1 0
github.com/ingyamilmolinar/beatmo/internal/ui/drumview_layout_resize_handler.go:181.44,182.17 1 0
github.com/ingyamilmolinar/beatmo/internal/ui/drumview_layout_resize_handler.go:182.17,183.12 1 0
github.com/ingyamilmolinar/beatmo/internal/ui/drumview_layout_resize_handler.go:185.3,185.50 1 0
github.com/ingyamilmolinar/beatmo/internal/ui/drumview_layout_resize_handler.go:185.50,186.12 1 0
github.com/ingyamilmolinar/beatmo/internal/ui/drumview_layout_resize_handler.go:188.3,188.52 1 0
github.com/ingyamilmolinar/beatmo/internal/ui/drumview_layout_resize_handler.go:188.52,190.4 1 0
github.com/ingyamilmolinar/beatmo/internal/ui/drumview_layout_resize_handler.go:192.2,192.14 1 0
github.com/ingyamilmolinar/beatmo/internal/ui/drumview_layout_resize_handler.go:198.83,199.25 1 1
github.com/ingyamilmolinar/beatmo/internal/ui/drumview_layout_resize_handler.go:199.25,201.3 1 0
github.com/ingyamilmolinar/beatmo/internal/ui/drumview_layout_resize_handler.go:202.2,206.46 4 1
github.com/ingyamilmolinar/beatmo/internal/ui/drumview_layout_resize_handler.go:206.46,207.42 1 1
github.com/ingyamilmolinar/beatmo/internal/ui/drumview_layout_resize_handler.go:207.42,208.12 1 1
github.com/ingyamilmolinar/beatmo/internal/ui/drumview_layout_resize_handler.go:210.3,212.78 3 1
github.com/ingyamilmolinar/beatmo/internal/ui/drumview_layout_resize_handler.go:214.2,214.17 1 1
github.com/ingyamilmolinar/beatmo/internal/ui/drumview_layout_resize_handler.go:219.75,220.25 1 1
github.com/ingyamilmolinar/beatmo/internal/ui/drumview_layout_resize_handler.go:220.25,222.3 1 0
github.com/ingyamilmolinar/beatmo/internal/ui/drumview_layout_resize_handler.go:223.2,223.35 1 1
github.com/ingyamilmolinar/beatmo/internal/ui/drumview_layout_resize_handler.go:223.35,225.3 1 1
github.com/ingyamilmolinar/beatmo/internal/ui/drumview_layout_resize_handler.go:226.2,227.50 2 1
github.com/ingyamilmolinar/beatmo/internal/ui/drumview_layout_resize_handler.go:227.50,229.37 2 1
github.com/ingyamilmolinar/beatmo/internal/ui/drumview_layout_resize_handler.go:229.37,230.12 1 1
github.com/ingyamilmolinar/beatmo/internal/ui/drumview_layout_resize_handler.go:233.3,234.32 2 1
github.com/ingyamilmolinar/beatmo/internal/ui/drumview_layout_resize_handler.go:234.32,235.40 1 1
github.com/ingyamilmolinar/beatmo/internal/ui/drumview_layout_resize_handler.go:235.40,237.5 1 1
github.com/ingyamilmolinar/beatmo/internal/ui/drumview_layout_resize_handler.go:240.2,240.15 1 1
github.com/ingyamilmolinar/beatmo/internal/ui/drumview_layout_resize_handler.go:246.80,247.25 1 1
github.com/ingyamilmolinar/beatmo/internal/ui/drumview_layout_resize_handler.go:247.25,249.3 1 0
github.com/ingyamilmolinar/beatmo/internal/ui/drumview_layout_resize_handler.go:250.2,250.67 1 1
github.com/ingyamilmolinar/beatmo/internal/ui/drumview_layout_resize_handler.go:250.67,252.3 1 1
github.com/ingyamilmolinar/beatmo/internal/ui/drumview_layout_resize_handler.go:253.2,257.46 4 0
github.com/ingyamilmolinar/beatmo/internal/ui/drumview_layout_resize_handler.go:257.46,258.39 1 0
github.com/ingyamilmolinar/beatmo/internal/ui/drumview_layout_resize_handler.go:258.39,259.12 1 0
github.com/ingyamilmolinar/beatmo/internal/ui/drumview_layout_resize_handler.go:261.3,263.78 3 0
github.com/ingyamilmolinar/beatmo/internal/ui/drumview_layout_resize_handler.go:265.2,265.17 1 0
github.com/ingyamilmolinar/beatmo/internal/ui/drumview_layout_resize_handler.go:272.72,273.25 1 1
github.com/ingyamilmolinar/beatmo/internal/ui/drumview_layout_resize_handler.go:273.25,275.3 1 0
github.com/ingyamilmolinar/beatmo/internal/ui/drumview_layout_resize_handler.go:276.2,276.35 1 1
github.com/ingyamilmolinar/beatmo/internal/ui/drumview_layout_resize_handler.go:276.35,278.3 1 1
github.com/ingyamilmolinar/beatmo/internal/ui/drumview_layout_resize_handler.go:279.2,280.50 2 1
github.com/ingyamilmolinar/beatmo/internal/ui/drumview_layout_resize_handler.go:280.50,282.37 2 1
github.com/ingyamilmolinar/beatmo/internal/ui/drumview_layout_resize_handler.go:282.37,283.12 1 1
github.com/ingyamilmolinar/beatmo/internal/ui/drumview_layout_resize_handler.go:286.3,287.32 2 1
github.com/ingyamilmolinar/beatmo/internal/ui/drumview_layout_resize_handler.go:287.32,288.40 1 0
github.com/ingyamilmolinar/beatmo/internal/ui/drumview_layout_resize_handler.go:288.40,290.5 1 0
github.com/ingyamilmolinar/beatmo/internal/ui/drumview_layout_resize_handler.go:294.3,294.56 1 1
github.com/ingyamilmolinar/beatmo/internal/ui/drumview_layout_resize_handler.go:294.56,296.4 1 1
github.com/ingyamilmolinar/beatmo/internal/ui/drumview_layout_resize_handler.go:298.2,298.15 1 1
github.com/ingyamilmolinar/beatmo/internal/ui/drumview_layout_resize_handler.go:304.73,305.73 1 1
github.com/ingyamilmolinar/beatmo/internal/ui/drumview_layout_resize_handler.go:305.73,307.3 1 0
github.com/ingyamilmolinar/beatmo/internal/ui/drumview_layout_resize_handler.go:308.2,309.24 2 1
github.com/ingyamilmolinar/beatmo/internal/ui/drumview_layout_resize_handler.go:309.24,311.3 1 0
github.com/ingyamilmolinar/beatmo/internal/ui/drumview_layout_resize_handler.go:312.2,315.41 4 1
github.com/ingyamilmolinar/beatmo/internal/ui/drumview_layout_resize_handler.go:324.70,325.73 1 1
github.com/ingyamilmolinar/beatmo/internal/ui/drumview_layout_resize_handler.go:325.73,327.3 1 0
github.com/ingyamilmolinar/beatmo/internal/ui/drumview_layout_resize_handler.go:328.2,331.23 4 1
github.com/ingyamilmolinar/beatmo/internal/ui/drumview_layout_resize_handler.go:331.23,334.3 2 0
github.com/ingyamilmolinar/beatmo/internal/ui/drumview_layout_resize_handler.go:337.2,337.33 1 1
github.com/ingyamilmolinar/beatmo/internal/ui/drumview_layout_resize_handler.go:337.33,340.3 2 1
github.com/ingyamilmolinar/beatmo/internal/ui/drumview_layout_resize_handler.go:341.2,341.26 1 1
github.com/ingyamilmolinar/beatmo/internal/ui/drumview_layout_resize_handler.go:345.68,354.2 7 1
github.com/ingyamilmolinar/beatmo/internal/ui/drumview_layout_resize_handler.go:357.41,361.2 3 1
github.com/ingyamilmolinar/beatmo/internal/ui/drumview_layout_resize_handler.go:364.66,365.14 1 1
github.com/ingyamilmolinar/beatmo/internal/ui/drumview_layout_resize_handler.go:365.14,367.3 1 1
github.com/ingyamilmolinar/beatmo/internal/ui/drumview_layout_resize_handler.go:368.2,369.25 2 1
github.com/ingyamilmolinar/beatmo/internal/ui/drumview_layout_resize_handler.go:369.25,371.3 1 0
github.com/ingyamilmolinar/beatmo/internal/ui/drumview_layout_resize_handler.go:372.2,373.16 2 1
github.com/ingyamilmolinar/beatmo/internal/ui/drumview_layout_resize_handler.go:373.16,380.3 6 1
github.com/ingyamilmolinar/beatmo/internal/ui/drumview_layout_resize_handler.go:381.2,382.27 2 1
github.com/ingyamilmolinar/beatmo/internal/ui/drumview_layout_resize_handler.go:388.68,390.34 2 1
github.com/ingyamilmolinar/beatmo/internal/ui/drumview_layout_resize_handler.go:390.34,397.5 1 1
github.com/ingyamilmolinar/beatmo/internal/ui/drumview_layout_resize_handler.go:397.5,398.62 1 1
github.com/ingyamilmolinar/beatmo/internal/ui/drumview_layout_resize_handler.go:398.62,400.5 1 1
github.com/ingyamilmolinar/beatmo/internal/ui/drumview_layout_resize_handler.go:403.2,403.41 1 1
github.com/ingyamilmolinar/beatmo/internal/ui/drumview_layout_resize_handler.go:403.41,404.55 1 1
github.com/ingyamilmolinar/beatmo/internal/ui/drumview_layout_resize_handler.go:404.55,406.4 1 0
github.com/ingyamilmolinar/beatmo/internal/ui/drumview_layout_resize_handler.go:408.2,408.14 1 1
github.com/ingyamilmolinar/beatmo/internal/ui/drumview_layout_resize_handler.go:412.68,415.2 2 1
github.com/ingyamilmolinar/beatmo/internal/ui/drumview_layout_resize_handler.go:420.45,425.2 4 0
github.com/ingyamilmolinar/beatmo/internal/ui/drumview_layout_resize_handler.go:428.72,430.2 1 0
github.com/ingyamilmolinar/beatmo/internal/ui/drumview_notifications.go:16.45,16.73 1 1
github.com/ingyamilmolinar/beatmo/internal/ui/drumview_notifications.go:17.45,17.72 1 1
github.com/ingyamilmolinar/beatmo/internal/ui/drumview_notifications.go:18.55,20.11 2 1
github.com/ingyamilmolinar/beatmo/internal/ui/drumview_notifications.go:20.11,22.3 1 1
github.com/ingyamilmolinar/beatmo/internal/ui/drumview_notifications.go:23.2,24.24 2 1
github.com/ingyamilmolinar/beatmo/internal/ui/drumview_notifications.go:24.24,26.3 1 0
github.com/ingyamilmolinar/beatmo/internal/ui/drumview_notifications.go:31.44,33.2 1 1
github.com/ingyamilmolinar/beatmo/internal/ui/drumview_notifications.go:39.45,41.2 1 1
github.com/ingyamilmolinar/beatmo/internal/ui/drumview_notifications.go:44.43,46.2 1 1
github.com/ingyamilmolinar/beatmo/internal/ui/drumview_notifications.go:49.44,51.2 1 1
github.com/ingyamilmolinar/beatmo/internal/ui/drumview_notifications.go:54.46,56.2 1 1
github.com/ingyamilmolinar/beatmo/internal/ui/drumview_notifications.go:59.47,61.2 1 1
github.com/ingyamilmolinar/beatmo/internal/ui/drumview_notifications.go:64.42,66.2 1 1
github.com/ingyamilmolinar/beatmo/internal/ui/drumview_notifications.go:69.44,71.2 1 1
github.com/ingyamilmolinar/beatmo/internal/ui/drumview_notifications.go:74.41,76.2 1 1
github.com/ingyamilmolinar/beatmo/internal/ui/drumview_notifications.go:81.42,96.2 2 1
github.com/ingyamilmolinar/beatmo/internal/ui/drumview_notifications.go:101.38,107.2 1 1
github.com/ingyamilmolinar/beatmo/internal/ui/drumview_notifications.go:112.45,113.35 1 1
github.com/ingyamilmolinar/beatmo/internal/ui/drumview_notifications.go:113.35,115.3 1 1
github.com/ingyamilmolinar/beatmo/internal/ui/drumview_notifications.go:116.2,116.99 1 1
github.com/ingyamilmolinar/beatmo/internal/ui/drumview_notifications.go:116.99,118.3 1 1
github.com/ingyamilmolinar/beatmo/internal/ui/drumview_notifications.go:119.2,119.14 1 1
github.com/ingyamilmolinar/beatmo/internal/ui/drumview_overlay_color_comp.go:44.52,48.2 1 1
github.com/ingyamilmolinar/beatmo/internal/ui/drumview_overlay_color_comp.go:51.59,53.2 1 1
github.com/ingyamilmolinar/beatmo/internal/ui/drumview_overlay_color_comp.go:56.55,56.73 1 0
github.com/ingyamilmolinar/beatmo/internal/ui/drumview_overlay_color_comp.go:62.38,65.2 2 1
github.com/ingyamilmolinar/beatmo/internal/ui/drumview_overlay_color_comp.go:68.43,70.2 1 1
github.com/ingyamilmolinar/beatmo/internal/ui/drumview_overlay_color_comp.go:73.39,77.28 4 1
github.com/ingyamilmolinar/beatmo/internal/ui/drumview_overlay_color_comp.go:77.28,79.3 1 1
github.com/ingyamilmolinar/beatmo/internal/ui/drumview_overlay_color_comp.go:83.45,85.2 1 1
github.com/ingyamilmolinar/beatmo/internal/ui/drumview_overlay_color_comp.go:89.46,90.58 1 1
github.com/ingyamilmolinar/beatmo/internal/ui/drumview_overlay_color_comp.go:90.58,93.3 2 1
github.com/ingyamilmolinar/beatmo/internal/ui/drumview_overlay_color_comp.go:95.2,99.25 3 1
github.com/ingyamilmolinar/beatmo/internal/ui/drumview_overlay_color_comp.go:99.25,101.3 1 1
github.com/ingyamilmolinar/beatmo/internal/ui/drumview_overlay_color_comp.go:102.2,102.15 1 1
github.com/ingyamilmolinar/beatmo/internal/ui/drumview_overlay_color_comp.go:102.15,104.3 1 0
github.com/ingyamilmolinar/beatmo/internal/ui/drumview_overlay_color_comp.go:107.2,113.31 5 1
github.com/ingyamilmolinar/beatmo/internal/ui/drumview_overlay_color_comp.go:113.31,115.3 1 0
github.com/ingyamilmolinar/beatmo/internal/ui/drumview_overlay_color_comp.go:116.2,116.31 1 1
github.com/ingyamilmolinar/beatmo/internal/ui/drumview_overlay_color_comp.go:116.31,118.3 1 0
github.com/ingyamilmolinar/beatmo/internal/ui/drumview_overlay_color_comp.go:119.2,119.31 1 1
github.com/ingyamilmolinar/beatmo/internal/ui/drumview_overlay_color_comp.go:119.31,121.3 1 0
github.com/ingyamilmolinar/beatmo/internal/ui/drumview_overlay_color_comp.go:122.2,122.31 1 1
github.com/ingyamilmolinar/beatmo/internal/ui/drumview_overlay_color_comp.go:122.31,124.3 1 0
github.com/ingyamilmolinar/beatmo/internal/ui/drumview_overlay_color_comp.go:126.2,131.54 4 1
github.com/ingyamilmolinar/beatmo/internal/ui/drumview_overlay_color_comp.go:131.54,131.67 1 1
github.com/ingyamilmolinar/beatmo/internal/ui/drumview_overlay_color_comp.go:132.2,135.34 4 1
github.com/ingyamilmolinar/beatmo/internal/ui/drumview_overlay_color_comp.go:139.46,142.22 3 1
github.com/ingyamilmolinar/beatmo/internal/ui/drumview_overlay_color_comp.go:142.22,146.3 3 0
github.com/ingyamilmolinar/beatmo/internal/ui/drumview_overlay_color_comp.go:148.2,148.75 1 1
github.com/ingyamilmolinar/beatmo/internal/ui/drumview_overlay_color_comp.go:148.75,150.3 1 0
github.com/ingyamilmolinar/beatmo/internal/ui/drumview_overlay_color_comp.go:152.2,153.25 2 1
github.com/ingyamilmolinar/beatmo/internal/ui/drumview_overlay_color_comp.go:153.25,154.26 1 1
github.com/ingyamilmolinar/beatmo/internal/ui/drumview_overlay_color_comp.go:154.26,158.4 3 1
github.com/ingyamilmolinar/beatmo/internal/ui/drumview_overlay_color_comp.go:160.2,161.39 2 1
github.com/ingyamilmolinar/beatmo/internal/ui/drumview_overlay_color_comp.go:165.65,167.15 2 1
github.com/ingyamilmolinar/beatmo/internal/ui/drumview_overlay_color_comp.go:167.15,169.3 1 0
github.com/ingyamilmolinar/beatmo/internal/ui/drumview_overlay_color_comp.go:171.2,176.17 6 1
github.com/ingyamilmolinar/beatmo/internal/ui/drumview_overlay_color_comp.go:176.17,178.3 1 0
github.com/ingyamilmolinar/beatmo/internal/ui/drumview_overlay_color_comp.go:180.2,181.15 2 1
github.com/ingyamilmolinar/beatmo/internal/ui/drumview_overlay_color_comp.go:181.15,183.3 1 1
github.com/ingyamilmolinar/beatmo/internal/ui/drumview_overlay_color_comp.go:185.2,186.11 2 1
github.com/ingyamilmolinar/beatmo/internal/ui/drumview_overlay_color_comp.go:186.11,188.3 1 1
github.com/ingyamilmolinar/beatmo/internal/ui/drumview_overlay_color_comp.go:189.2,195.17 3 1
github.com/ingyamilmolinar/beatmo/internal/ui/drumview_overlay_color_comp.go:195.17,198.3 2 1
github.com/ingyamilmolinar/beatmo/internal/ui/drumview_overlay_color_comp.go:198.8,201.3 2 1
github.com/ingyamilmolinar/beatmo/internal/ui/drumview_overlay_color_comp.go:202.2,202.37 1 1
github.com/ingyamilmolinar/beatmo/internal/ui/drumview_overlay_color_comp.go:206.55,207.12 1 1
github.com/ingyamilmolinar/beatmo/internal/ui/drumview_overlay_color_comp.go:207.12,210.3 2 1
github.com/ingyamilmolinar/beatmo/internal/ui/drumview_overlay_color_comp.go:211.2,218.15 8 1
github.com/ingyamilmolinar/beatmo/internal/ui/drumview_overlay_color_comp.go:219.9,220.20 1 1
github.com/ingyamilmolinar/beatmo/internal/ui/drumview_overlay_color_comp.go:221.9,222.20 1 1
github.com/ingyamilmolinar/beatmo/internal/ui/drumview_overlay_color_comp.go:223.9,224.20 1 1
github.com/ingyamilmolinar/beatmo/internal/ui/drumview_overlay_color_comp.go:225.9,226.20 1 1
github.com/ingyamilmolinar/beatmo/internal/ui/drumview_overlay_color_comp.go:227.9,228.20 1 1
github.com/ingyamilmolinar/beatmo/internal/ui/drumview_overlay_color_comp.go:229.10,230.20 1 1
github.com/ingyamilmolinar/beatmo/internal/ui/drumview_overlay_color_comp.go:232.2,237.3 1 1
github.com/ingyamilmolinar/beatmo/internal/ui/drumview_overlay_color_comp.go:241.79,242.19 1 1
github.com/ingyamilmolinar/beatmo/internal/ui/drumview_overlay_color_comp.go:242.19,244.3 1 1
github.com/ingyamilmolinar/beatmo/internal/ui/drumview_overlay_color_comp.go:247.2,247.18 1 1
github.com/ingyamilmolinar/beatmo/internal/ui/drumview_overlay_color_comp.go:247.18,248.15 1 0
github.com/ingyamilmolinar/beatmo/internal/ui/drumview_overlay_color_comp.go:248.15,250.4 1 0
github.com/ingyamilmolinar/beatmo/internal/ui/drumview_overlay_color_comp.go:251.3,251.23 1 0
github.com/ingyamilmolinar/beatmo/internal/ui/drumview_overlay_color_comp.go:255.2,255.20 1 1
github.com/ingyamilmolinar/beatmo/internal/ui/drumview_overlay_color_comp.go:255.20,256.15 1 1
github.com/ingyamilmolinar/beatmo/internal/ui/drumview_overlay_color_comp.go:256.15,259.4 2 1
github.com/ingyamilmolinar/beatmo/internal/ui/drumview_overlay_color_comp.go:260.3,260.23 1 1
github.com/ingyamilmolinar/beatmo/internal/ui/drumview_overlay_color_comp.go:264.2,264.59 1 1
github.com/ingyamilmolinar/beatmo/internal/ui/drumview_overlay_color_comp.go:264.59,266.3 1 0
github.com/ingyamilmolinar/beatmo/internal/ui/drumview_overlay_color_comp.go:268.2,271.32 2 1
github.com/ingyamilmolinar/beatmo/internal/ui/drumview_overlay_color_comp.go:271.32,277.34 6 1
github.com/ingyamilmolinar/beatmo/internal/ui/drumview_overlay_color_comp.go:277.34,279.4 1 1
github.com/ingyamilmolinar/beatmo/internal/ui/drumview_overlay_color_comp.go:280.3,281.33 2 1
github.com/ingyamilmolinar/beatmo/internal/ui/drumview_overlay_color_comp.go:281.33,283.4 1 1
github.com/ingyamilmolinar/beatmo/internal/ui/drumview_overlay_color_comp.go:284.3,285.23 2 1
github.com/ingyamilmolinar/beatmo/internal/ui/drumview_overlay_color_comp.go:289.2,289.33 1 1
github.com/ingyamilmolinar/beatmo/internal/ui/drumview_overlay_color_comp.go:289.33,292.3 2 1
github.com/ingyamilmolinar/beatmo/internal/ui/drumview_overlay_color_comp.go:295.2,295.21 1 0
github.com/ingyamilmolinar/beatmo/internal/ui/drumview_overlay_color_comp.go:295.21,297.3 1 0
github.com/ingyamilmolinar/beatmo/internal/ui/drumview_overlay_color_comp.go:299.2,299.21 1 0
github.com/ingyamilmolinar/beatmo/internal/ui/drumview_overlay_color_comp.go:303.55,304.19 1 0
github.com/ingyamilmolinar/beatmo/internal/ui/drumview_overlay_color_comp.go:304.19,306.3 1 0
github.com/ingyamilmolinar/beatmo/internal/ui/drumview_overlay_color_comp.go:308.2,309.15 2 0
github.com/ingyamilmolinar/beatmo/internal/ui/drumview_overlay_color_comp.go:309.15,311.3 1 0
github.com/ingyamilmolinar/beatmo/internal/ui/drumview_overlay_color_comp.go:314.2,314.85 1 0
github.com/ingyamilmolinar/beatmo/internal/ui/drumview_overlay_color_comp.go:314.85,316.3 1 0
github.com/ingyamilmolinar/beatmo/internal/ui/drumview_overlay_color_comp.go:318.2,318.29 1 0
github.com/ingyamilmolinar/beatmo/internal/ui/drumview_overlay_color_comp.go:318.29,322.3 3 0
github.com/ingyamilmolinar/beatmo/internal/ui/drumview_overlay_color_comp.go:325.2,327.23 2 0
github.com/ingyamilmolinar/beatmo/internal/ui/drumview_overlay_color_comp.go:327.23,329.3 1 0
github.com/ingyamilmolinar/beatmo/internal/ui/drumview_overlay_color_comp.go:333.50,333.71 1 1
github.com/ingyamilmolinar/beatmo/internal/ui/drumview_overlay_color_comp.go:336.48,338.2 1 1
github.com/ingyamilmolinar/beatmo/internal/ui/drumview_overlay_color_comp.go:341.61,342.19 1 1
github.com/ingyamilmolinar/beatmo/internal/ui/drumview_overlay_color_comp.go:342.19,344.3 1 1
github.com/ingyamilmolinar/beatmo/internal/ui/drumview_overlay_color_comp.go:345.2,345.17 1 1
github.com/ingyamilmolinar/beatmo/internal/ui/drumview_overlay_color_comp.go:349.59,351.2 1 1
github.com/ingyamilmolinar/beatmo/internal/ui/drumview_overlay_color_comp.go:354.72,355.19 1 0
github.com/ingyamilmolinar/beatmo/internal/ui/drumview_overlay_color_comp.go:355.19,357.3 1 0
github.com/ingyamilmolinar/beatmo/internal/ui/drumview_overlay_color_comp.go:358.2,358.22 1 0
github.com/ingyamilmolinar/beatmo/internal/ui/drumview_overlay_inst_comp.go:98.60,103.2 1 1
github.com/ingyamilmolinar/beatmo/internal/ui/drumview_overlay_inst_comp.go:106.67,109.19 2 1
github.com/ingyamilmolinar/beatmo/internal/ui/drumview_overlay_inst_comp.go:109.19,110.38 1 1
github.com/ingyamilmolinar/beatmo/internal/ui/drumview_overlay_inst_comp.go:110.38,111.44 1 1
github.com/ingyamilmolinar/beatmo/internal/ui/drumview_overlay_inst_comp.go:111.44,113.10 2 0
github.com/ingyamilmolinar/beatmo/internal/ui/drumview_overlay_inst_comp.go:117.2,118.18 2 1
github.com/ingyamilmolinar/beatmo/internal/ui/drumview_overlay_inst_comp.go:118.18,120.3 1 1
github.com/ingyamilmolinar/beatmo/internal/ui/drumview_overlay_inst_comp.go:124.63,124.81 1 0
github.com/ingyamilmolinar/beatmo/internal/ui/drumview_overlay_inst_comp.go:127.49,130.43 3 1
github.com/ingyamilmolinar/beatmo/internal/ui/drumview_overlay_inst_comp.go:130.43,133.3 2 1
github.com/ingyamilmolinar/beatmo/internal/ui/drumview_overlay_inst_comp.go:137.50,138.21 1 1
github.com/ingyamilmolinar/beatmo/internal/ui/drumview_overlay_inst_comp.go:138.21,140.3 1 0
github.com/ingyamilmolinar/beatmo/internal/ui/drumview_overlay_inst_comp.go:144.42,155.60 9 1
github.com/ingyamilmolinar/beatmo/internal/ui/drumview_overlay_inst_comp.go:155.60,157.3 1 1
github.com/ingyamilmolinar/beatmo/internal/ui/drumview_overlay_inst_comp.go:157.8,159.3 1 1
github.com/ingyamilmolinar/beatmo/internal/ui/drumview_overlay_inst_comp.go:162.2,163.37 2 1
github.com/ingyamilmolinar/beatmo/internal/ui/drumview_overlay_inst_comp.go:163.37,164.69 1 1
github.com/ingyamilmolinar/beatmo/internal/ui/drumview_overlay_inst_comp.go:164.69,166.4 1 1
github.com/ingyamilmolinar/beatmo/internal/ui/drumview_overlay_inst_comp.go:169.2,170.17 2 1
github.com/ingyamilmolinar/beatmo/internal/ui/drumview_overlay_inst_comp.go:174.43,181.28 7 1
github.com/ingyamilmolinar/beatmo/internal/ui/drumview_overlay_inst_comp.go:181.28,183.3 1 1
github.com/ingyamilmolinar/beatmo/internal/ui/drumview_overlay_inst_comp.go:187.49,189.2 1 1
github.com/ingyamilmolinar/beatmo/internal/ui/drumview_overlay_inst_comp.go:192.59,194.2 1 0
github.com/ingyamilmolinar/beatmo/internal/ui/drumview_overlay_inst_comp.go:197.56,199.2 1 1
github.com/ingyamilmolinar/beatmo/internal/ui/drumview_overlay_inst_comp.go:202.61,203.14 1 1
github.com/ingyamilmolinar/beatmo/internal/ui/drumview_overlay_inst_comp.go:203.14,205.3 1 0
github.com/ingyamilmolinar/beatmo/internal/ui/drumview_overlay_inst_comp.go:206.2,208.28 3 1
github.com/ingyamilmolinar/beatmo/internal/ui/drumview_overlay_inst_comp.go:208.28,210.39 2 1
github.com/ingyamilmolinar/beatmo/internal/ui/drumview_overlay_inst_comp.go:210.39,212.4 1 1
github.com/ingyamilmolinar/beatmo/internal/ui/drumview_overlay_inst_comp.go:214.2,214.12 1 1
github.com/ingyamilmolinar/beatmo/internal/ui/drumview_overlay_inst_comp.go:218.60,220.2 1 1
github.com/ingyamilmolinar/beatmo/internal/ui/drumview_overlay_inst_comp.go:223.53,225.2 1 1
github.com/ingyamilmolinar/beatmo/internal/ui/drumview_overlay_inst_comp.go:228.64,231.2 2 1
github.com/ingyamilmolinar/beatmo/internal/ui/drumview_overlay_inst_comp.go:234.77,237.2 2 1
github.com/ingyamilmolinar/beatmo/internal/ui/drumview_overlay_inst_comp.go:240.49,245.32 4 1
github.com/ingyamilmolinar/beatmo/internal/ui/drumview_overlay_inst_comp.go:245.32,248.3 2 1
github.com/ingyamilmolinar/beatmo/internal/ui/drumview_overlay_inst_comp.go:250.2,252.24 3 1
github.com/ingyamilmolinar/beatmo/internal/ui/drumview_overlay_inst_comp.go:252.24,254.3 1 0
github.com/ingyamilmolinar/beatmo/internal/ui/drumview_overlay_inst_comp.go:256.2,257.14 2 1
github.com/ingyamilmolinar/beatmo/internal/ui/drumview_overlay_inst_comp.go:257.14,259.3 1 0
github.com/ingyamilmolinar/beatmo/internal/ui/drumview_overlay_inst_comp.go:260.2,263.30 2 1
github.com/ingyamilmolinar/beatmo/internal/ui/drumview_overlay_inst_comp.go:263.30,265.3 1 1
github.com/ingyamilmolinar/beatmo/internal/ui/drumview_overlay_inst_comp.go:268.2,269.20 2 1
github.com/ingyamilmolinar/beatmo/internal/ui/drumview_overlay_inst_comp.go:269.20,271.3 1 1
github.com/ingyamilmolinar/beatmo/internal/ui/drumview_overlay_inst_comp.go:272.2,272.30 1 1
github.com/ingyamilmolinar/beatmo/internal/ui/drumview_overlay_inst_comp.go:272.30,275.3 1 1
github.com/ingyamilmolinar/beatmo/internal/ui/drumview_overlay_inst_comp.go:276.2,276.32 1 1
github.com/ingyamilmolinar/beatmo/internal/ui/drumview_overlay_inst_comp.go:276.32,278.3 1 1
github.com/ingyamilmolinar/beatmo/internal/ui/drumview_overlay_inst_comp.go:279.2,279.26 1 1
github.com/ingyamilmolinar/beatmo/internal/ui/drumview_overlay_inst_comp.go:279.26,281.3 1 1
github.com/ingyamilmolinar/beatmo/internal/ui/drumview_overlay_inst_comp.go:284.2,287.30 4 1
github.com/ingyamilmolinar/beatmo/internal/ui/drumview_overlay_inst_comp.go:287.30,289.3 1 1
github.com/ingyamilmolinar/beatmo/internal/ui/drumview_overlay_inst_comp.go:291.2,291.44 1 1
github.com/ingyamilmolinar/beatmo/internal/ui/drumview_overlay_inst_comp.go:291.44,293.3 1 1
github.com/ingyamilmolinar/beatmo/internal/ui/drumview_overlay_inst_comp.go:293.8,295.3 1 1
github.com/ingyamilmolinar/beatmo/internal/ui/drumview_overlay_inst_comp.go:297.2,297.30 1 1
github.com/ingyamilmolinar/beatmo/internal/ui/drumview_overlay_inst_comp.go:297.30,299.3 1 1
github.com/ingyamilmolinar/beatmo/internal/ui/drumview_overlay_inst_comp.go:303.112,306.30 3 1
github.com/ingyamilmolinar/beatmo/internal/ui/drumview_overlay_inst_comp.go:306.30,309.22 2 1
github.com/ingyamilmolinar/beatmo/internal/ui/drumview_overlay_inst_comp.go:309.22,311.4 1 1
github.com/ingyamilmolinar/beatmo/internal/ui/drumview_overlay_inst_comp.go:313.2,313.20 1 1
github.com/ingyamilmolinar/beatmo/internal/ui/drumview_overlay_inst_comp.go:313.20,315.3 1 1
github.com/ingyamilmolinar/beatmo/internal/ui/drumview_overlay_inst_comp.go:316.2,316.13 1 1
github.com/ingyamilmolinar/beatmo/internal/ui/drumview_overlay_inst_comp.go:316.13,318.3 1 0
github.com/ingyamilmolinar/beatmo/internal/ui/drumview_overlay_inst_comp.go:320.2,321.20 2 1
github.com/ingyamilmolinar/beatmo/internal/ui/drumview_overlay_inst_comp.go:321.20,323.3 1 0
github.com/ingyamilmolinar/beatmo/internal/ui/drumview_overlay_inst_comp.go:324.2,324.22 1 1
github.com/ingyamilmolinar/beatmo/internal/ui/drumview_overlay_inst_comp.go:324.22,326.3 1 1
github.com/ingyamilmolinar/beatmo/internal/ui/drumview_overlay_inst_comp.go:328.2,330.12 3 1
github.com/ingyamilmolinar/beatmo/internal/ui/drumview_overlay_inst_comp.go:330.12,332.3 1 1
github.com/ingyamilmolinar/beatmo/internal/ui/drumview_overlay_inst_comp.go:333.2,333.31 1 1
github.com/ingyamilmolinar/beatmo/internal/ui/drumview_overlay_inst_comp.go:333.31,335.3 1 1
github.com/ingyamilmolinar/beatmo/internal/ui/drumview_overlay_inst_comp.go:336.2,336.38 1 1
github.com/ingyamilmolinar/beatmo/internal/ui/drumview_overlay_inst_comp.go:336.38,338.3 1 1
github.com/ingyamilmolinar/beatmo/internal/ui/drumview_overlay_inst_comp.go:340.2,346.54 5 1
github.com/ingyamilmolinar/beatmo/internal/ui/drumview_overlay_inst_comp.go:346.54,347.75 1 1
github.com/ingyamilmolinar/beatmo/internal/ui/drumview_overlay_inst_comp.go:347.75,349.17 2 1
github.com/ingyamilmolinar/beatmo/internal/ui/drumview_overlay_inst_comp.go:349.17,351.5 1 1
github.com/ingyamilmolinar/beatmo/internal/ui/drumview_overlay_inst_comp.go:352.4,352.29 1 1
github.com/ingyamilmolinar/beatmo/internal/ui/drumview_overlay_inst_comp.go:355.2,359.64 3 1
github.com/ingyamilmolinar/beatmo/internal/ui/drumview_overlay_inst_comp.go:359.64,363.50 4 1
github.com/ingyamilmolinar/beatmo/internal/ui/drumview_overlay_inst_comp.go:363.50,370.4 6 1
github.com/ingyamilmolinar/beatmo/internal/ui/drumview_overlay_inst_comp.go:371.3,371.34 1 1
github.com/ingyamilmolinar/beatmo/internal/ui/drumview_overlay_inst_comp.go:371.34,373.4 1 1
github.com/ingyamilmolinar/beatmo/internal/ui/drumview_overlay_inst_comp.go:374.3,375.47 2 1
github.com/ingyamilmolinar/beatmo/internal/ui/drumview_overlay_inst_comp.go:378.2,379.25 2 1
github.com/ingyamilmolinar/beatmo/internal/ui/drumview_overlay_inst_comp.go:383.113,386.43 2 1
github.com/ingyamilmolinar/beatmo/internal/ui/drumview_overlay_inst_comp.go:386.43,387.84 1 1
github.com/ingyamilmolinar/beatmo/internal/ui/drumview_overlay_inst_comp.go:387.84,388.12 1 1
github.com/ingyamilmolinar/beatmo/internal/ui/drumview_overlay_inst_comp.go:390.3,391.18 2 1
github.com/ingyamilmolinar/beatmo/internal/ui/drumview_overlay_inst_comp.go:391.18,393.4 1 0
github.com/ingyamilmolinar/beatmo/internal/ui/drumview_overlay_inst_comp.go:394.3,394.74 1 1
github.com/ingyamilmolinar/beatmo/internal/ui/drumview_overlay_inst_comp.go:396.2,400.34 5 1
github.com/ingyamilmolinar/beatmo/internal/ui/drumview_overlay_inst_comp.go:400.34,402.28 2 1
github.com/ingyamilmolinar/beatmo/internal/ui/drumview_overlay_inst_comp.go:402.28,404.4 1 1
github.com/ingyamilmolinar/beatmo/internal/ui/drumview_overlay_inst_comp.go:407.2,409.14 3 1
github.com/ingyamilmolinar/beatmo/internal/ui/drumview_overlay_inst_comp.go:409.14,411.3 1 1
github.com/ingyamilmolinar/beatmo/internal/ui/drumview_overlay_inst_comp.go:413.2,414.30 2 1
github.com/ingyamilmolinar/beatmo/internal/ui/drumview_overlay_inst_comp.go:414.30,417.22 2 1
github.com/ingyamilmolinar/beatmo/internal/ui/drumview_overlay_inst_comp.go:417.22,419.4 1 1
github.com/ingyamilmolinar/beatmo/internal/ui/drumview_overlay_inst_comp.go:421.2,422.20 2 1
github.com/ingyamilmolinar/beatmo/internal/ui/drumview_overlay_inst_comp.go:422.20,424.3 1 1
github.com/ingyamilmolinar/beatmo/internal/ui/drumview_overlay_inst_comp.go:425.2,426.22 2 1
github.com/ingyamilmolinar/beatmo/internal/ui/drumview_overlay_inst_comp.go:426.22,428.3 1 1
github.com/ingyamilmolinar/beatmo/internal/ui/drumview_overlay_inst_comp.go:429.2,429.38 1 1
github.com/ingyamilmolinar/beatmo/internal/ui/drumview_overlay_inst_comp.go:429.38,431.3 1 1
github.com/ingyamilmolinar/beatmo/internal/ui/drumview_overlay_inst_comp.go:432.2,432.94 1 1
github.com/ingyamilmolinar/beatmo/internal/ui/drumview_overlay_inst_comp.go:432.94,434.3 1 0
github.com/ingyamilmolinar/beatmo/internal/ui/drumview_overlay_inst_comp.go:435.2,436.30 2 1
github.com/ingyamilmolinar/beatmo/internal/ui/drumview_overlay_inst_comp.go:436.30,438.3 1 1
github.com/ingyamilmolinar/beatmo/internal/ui/drumview_overlay_inst_comp.go:439.2,439.18 1 1
github.com/ingyamilmolinar/beatmo/internal/ui/drumview_overlay_inst_comp.go:439.18,441.3 1 0
github.com/ingyamilmolinar/beatmo/internal/ui/drumview_overlay_inst_comp.go:442.2,442.13 1 1
github.com/ingyamilmolinar/beatmo/internal/ui/drumview_overlay_inst_comp.go:442.13,444.3 1 1
github.com/ingyamilmolinar/beatmo/internal/ui/drumview_overlay_inst_comp.go:446.2,448.12 3 1
github.com/ingyamilmolinar/beatmo/internal/ui/drumview_overlay_inst_comp.go:448.12,450.3 1 1
github.com/ingyamilmolinar/beatmo/internal/ui/drumview_overlay_inst_comp.go:451.2,451.31 1 1
github.com/ingyamilmolinar/beatmo/internal/ui/drumview_overlay_inst_comp.go:451.31,453.3 1 1
github.com/ingyamilmolinar/beatmo/internal/ui/drumview_overlay_inst_comp.go:454.2,454.38 1 1
github.com/ingyamilmolinar/beatmo/internal/ui/drumview_overlay_inst_comp.go:454.38,456.3 1 1
github.com/ingyamilmolinar/beatmo/internal/ui/drumview_overlay_inst_comp.go:459.2,460.14 2 1
github.com/ingyamilmolinar/beatmo/internal/ui/drumview_overlay_inst_comp.go:460.14,462.3 1 1
github.com/ingyamilmolinar/beatmo/internal/ui/drumview_overlay_inst_comp.go:463.2,466.24 2 1
github.com/ingyamilmolinar/beatmo/internal/ui/drumview_overlay_inst_comp.go:466.24,469.3 2 1
github.com/ingyamilmolinar/beatmo/internal/ui/drumview_overlay_inst_comp.go:470.2,478.37 6 1
github.com/ingyamilmolinar/beatmo/internal/ui/drumview_overlay_inst_comp.go:478.37,487.3 8 1
github.com/ingyamilmolinar/beatmo/internal/ui/drumview_overlay_inst_comp.go:489.2,493.25 3 1
github.com/ingyamilmolinar/beatmo/internal/ui/drumview_overlay_inst_comp.go:493.25,495.42 2 1
github.com/ingyamilmolinar/beatmo/internal/ui/drumview_overlay_inst_comp.go:495.42,497.4 1 1
github.com/ingyamilmolinar/beatmo/internal/ui/drumview_overlay_inst_comp.go:497.9,497.49 1 1
github.com/ingyamilmolinar/beatmo/internal/ui/drumview_overlay_inst_comp.go:497.49,499.4 1 0
github.com/ingyamilmolinar/beatmo/internal/ui/drumview_overlay_inst_comp.go:500.3,500.18 1 1
github.com/ingyamilmolinar/beatmo/internal/ui/drumview_overlay_inst_comp.go:500.18,504.4 3 1
github.com/ingyamilmolinar/beatmo/internal/ui/drumview_overlay_inst_comp.go:508.2,508.54 1 1
github.com/ingyamilmolinar/beatmo/internal/ui/drumview_overlay_inst_comp.go:508.54,509.78 1 0
github.com/ingyamilmolinar/beatmo/internal/ui/drumview_overlay_inst_comp.go:509.78,511.17 2 0
github.com/ingyamilmolinar/beatmo/internal/ui/drumview_overlay_inst_comp.go:511.17,513.5 1 0
github.com/ingyamilmolinar/beatmo/internal/ui/drumview_overlay_inst_comp.go:514.4,514.29 1 0
github.com/ingyamilmolinar/beatmo/internal/ui/drumview_overlay_inst_comp.go:519.2,519.89 1 1
github.com/ingyamilmolinar/beatmo/internal/ui/drumview_overlay_inst_comp.go:519.89,520.86 1 1
github.com/ingyamilmolinar/beatmo/internal/ui/drumview_overlay_inst_comp.go:520.86,522.17 2 1
github.com/ingyamilmolinar/beatmo/internal/ui/drumview_overlay_inst_comp.go:522.17,524.5 1 1
github.com/ingyamilmolinar/beatmo/internal/ui/drumview_overlay_inst_comp.go:525.4,525.29 1 1
github.com/ingyamilmolinar/beatmo/internal/ui/drumview_overlay_inst_comp.go:529.2,534.15 5 1
github.com/ingyamilmolinar/beatmo/internal/ui/drumview_overlay_inst_comp.go:534.15,536.31 2 1
github.com/ingyamilmolinar/beatmo/internal/ui/drumview_overlay_inst_comp.go:536.31,538.4 1 0
github.com/ingyamilmolinar/beatmo/internal/ui/drumview_overlay_inst_comp.go:542.2,542.14 1 1
github.com/ingyamilmolinar/beatmo/internal/ui/drumview_overlay_inst_comp.go:542.14,544.55 2 1
github.com/ingyamilmolinar/beatmo/internal/ui/drumview_overlay_inst_comp.go:544.55,550.4 5 1
github.com/ingyamilmolinar/beatmo/internal/ui/drumview_overlay_inst_comp.go:551.3,551.52 1 1
github.com/ingyamilmolinar/beatmo/internal/ui/drumview_overlay_inst_comp.go:552.8,554.3 1 1
github.com/ingyamilmolinar/beatmo/internal/ui/drumview_overlay_inst_comp.go:557.2,558.79 2 1
github.com/ingyamilmolinar/beatmo/internal/ui/drumview_overlay_inst_comp.go:558.79,561.33 3 1
github.com/ingyamilmolinar/beatmo/internal/ui/drumview_overlay_inst_comp.go:561.33,563.4 1 0
github.com/ingyamilmolinar/beatmo/internal/ui/drumview_overlay_inst_comp.go:564.3,564.33 1 1
github.com/ingyamilmolinar/beatmo/internal/ui/drumview_overlay_inst_comp.go:564.33,566.4 1 0
github.com/ingyamilmolinar/beatmo/internal/ui/drumview_overlay_inst_comp.go:568.3,570.18 3 1
github.com/ingyamilmolinar/beatmo/internal/ui/drumview_overlay_inst_comp.go:570.18,572.4 1 0
github.com/ingyamilmolinar/beatmo/internal/ui/drumview_overlay_inst_comp.go:573.3,573.49 1 1
github.com/ingyamilmolinar/beatmo/internal/ui/drumview_overlay_inst_comp.go:573.49,574.31 1 1
github.com/ingyamilmolinar/beatmo/internal/ui/drumview_overlay_inst_comp.go:574.31,576.5 1 1
github.com/ingyamilmolinar/beatmo/internal/ui/drumview_overlay_inst_comp.go:577.4,577.13 1 1
github.com/ingyamilmolinar/beatmo/internal/ui/drumview_overlay_inst_comp.go:579.3,581.39 3 1
github.com/ingyamilmolinar/beatmo/internal/ui/drumview_overlay_inst_comp.go:584.2,585.25 2 1
github.com/ingyamilmolinar/beatmo/internal/ui/drumview_overlay_inst_comp.go:589.51,590.24 1 1
github.com/ingyamilmolinar/beatmo/internal/ui/drumview_overlay_inst_comp.go:590.24,593.3 2 0
github.com/ingyamilmolinar/beatmo/internal/ui/drumview_overlay_inst_comp.go:594.2,595.54 2 1
github.com/ingyamilmolinar/beatmo/internal/ui/drumview_overlay_inst_comp.go:595.54,595.67 1 1
github.com/ingyamilmolinar/beatmo/internal/ui/drumview_overlay_inst_comp.go:596.2,599.34 4 1
github.com/ingyamilmolinar/beatmo/internal/ui/drumview_overlay_inst_comp.go:603.54,603.75 1 1
github.com/ingyamilmolinar/beatmo/internal/ui/drumview_overlay_inst_comp.go:608.55,611.80 2 1
github.com/ingyamilmolinar/beatmo/internal/ui/drumview_overlay_inst_comp.go:611.80,614.3 2 1
github.com/ingyamilmolinar/beatmo/internal/ui/drumview_overlay_inst_comp.go:615.2,615.65 1 1
github.com/ingyamilmolinar/beatmo/internal/ui/drumview_overlay_inst_comp.go:615.65,616.58 1 1
github.com/ingyamilmolinar/beatmo/internal/ui/drumview_overlay_inst_comp.go:616.58,619.4 2 0
github.com/ingyamilmolinar/beatmo/internal/ui/drumview_overlay_inst_comp.go:621.2,621.44 1 1
github.com/ingyamilmolinar/beatmo/internal/ui/drumview_overlay_inst_comp.go:621.44,622.38 1 1
github.com/ingyamilmolinar/beatmo/internal/ui/drumview_overlay_inst_comp.go:622.38,623.47 1 1
github.com/ingyamilmolinar/beatmo/internal/ui/drumview_overlay_inst_comp.go:623.47,626.5 2 1
github.com/ingyamilmolinar/beatmo/internal/ui/drumview_overlay_inst_comp.go:629.2,629.45 1 1
github.com/ingyamilmolinar/beatmo/internal/ui/drumview_overlay_inst_comp.go:629.45,630.34 1 1
github.com/ingyamilmolinar/beatmo/internal/ui/drumview_overlay_inst_comp.go:630.34,631.47 1 1
github.com/ingyamilmolinar/beatmo/internal/ui/drumview_overlay_inst_comp.go:631.47,634.5 2 1
github.com/ingyamilmolinar/beatmo/internal/ui/drumview_overlay_inst_comp.go:640.83,641.19 1 1
github.com/ingyamilmolinar/beatmo/internal/ui/drumview_overlay_inst_comp.go:641.19,643.19 1 1
github.com/ingyamilmolinar/beatmo/internal/ui/drumview_overlay_inst_comp.go:643.19,644.16 1 1
github.com/ingyamilmolinar/beatmo/internal/ui/drumview_overlay_inst_comp.go:644.16,646.5 1 1
github.com/ingyamilmolinar/beatmo/internal/ui/drumview_overlay_inst_comp.go:647.4,647.24 1 1
github.com/ingyamilmolinar/beatmo/internal/ui/drumview_overlay_inst_comp.go:649.3,649.22 1 1
github.com/ingyamilmolinar/beatmo/internal/ui/drumview_overlay_inst_comp.go:652.2,655.36 2 1
github.com/ingyamilmolinar/beatmo/internal/ui/drumview_overlay_inst_comp.go:655.36,658.3 2 1
github.com/ingyamilmolinar/beatmo/internal/ui/drumview_overlay_inst_comp.go:661.2,661.25 1 1
github.com/ingyamilmolinar/beatmo/internal/ui/drumview_overlay_inst_comp.go:661.25,662.31 1 1
github.com/ingyamilmolinar/beatmo/internal/ui/drumview_overlay_inst_comp.go:662.31,665.4 2 1
github.com/ingyamilmolinar/beatmo/internal/ui/drumview_overlay_inst_comp.go:666.3,666.15 1 1
github.com/ingyamilmolinar/beatmo/internal/ui/drumview_overlay_inst_comp.go:666.15,668.4 1 1
github.com/ingyamilmolinar/beatmo/internal/ui/drumview_overlay_inst_comp.go:669.3,669.23 1 1
github.com/ingyamilmolinar/beatmo/internal/ui/drumview_overlay_inst_comp.go:673.2,673.35 1 1
github.com/ingyamilmolinar/beatmo/internal/ui/drumview_overlay_inst_comp.go:673.35,674.14 1 1
github.com/ingyamilmolinar/beatmo/internal/ui/drumview_overlay_inst_comp.go:674.14,676.4 1 0
github.com/ingyamilmolinar/beatmo/internal/ui/drumview_overlay_inst_comp.go:676.9,680.4 2 1
github.com/ingyamilmolinar/beatmo/internal/ui/drumview_overlay_inst_comp.go:681.3,681.23 1 1
github.com/ingyamilmolinar/beatmo/internal/ui/drumview_overlay_inst_comp.go:681.23,685.4 3 0
github.com/ingyamilmolinar/beatmo/internal/ui/drumview_overlay_inst_comp.go:686.3,686.23 1 1
github.com/ingyamilmolinar/beatmo/internal/ui/drumview_overlay_inst_comp.go:691.2,691.28 1 1
github.com/ingyamilmolinar/beatmo/internal/ui/drumview_overlay_inst_comp.go:691.28,692.14 1 1
github.com/ingyamilmolinar/beatmo/internal/ui/drumview_overlay_inst_comp.go:692.14,693.38 1 1
github.com/ingyamilmolinar/beatmo/internal/ui/drumview_overlay_inst_comp.go:693.38,696.5 2 0
github.com/ingyamilmolinar/beatmo/internal/ui/drumview_overlay_inst_comp.go:697.9,700.14 3 1
github.com/ingyamilmolinar/beatmo/internal/ui/drumview_overlay_inst_comp.go:700.14,702.5 1 1
github.com/ingyamilmolinar/beatmo/internal/ui/drumview_overlay_inst_comp.go:702.10,704.5 1 0
github.com/ingyamilmolinar/beatmo/internal/ui/drumview_overlay_inst_comp.go:706.3,706.23 1 1
github.com/ingyamilmolinar/beatmo/internal/ui/drumview_overlay_inst_comp.go:709.2,714.26 2 1
github.com/ingyamilmolinar/beatmo/internal/ui/drumview_overlay_inst_comp.go:714.26,716.34 2 1
github.com/ingyamilmolinar/beatmo/internal/ui/drumview_overlay_inst_comp.go:716.34,719.4 2 1
github.com/ingyamilmolinar/beatmo/internal/ui/drumview_overlay_inst_comp.go:724.2,724.91 1 1
github.com/ingyamilmolinar/beatmo/internal/ui/drumview_overlay_inst_comp.go:724.91,725.32 1 1
github.com/ingyamilmolinar/beatmo/internal/ui/drumview_overlay_inst_comp.go:725.32,728.4 2 1
github.com/ingyamilmolinar/beatmo/internal/ui/drumview_overlay_inst_comp.go:732.2,732.59 1 1
github.com/ingyamilmolinar/beatmo/internal/ui/drumview_overlay_inst_comp.go:732.59,734.3 1 0
github.com/ingyamilmolinar/beatmo/internal/ui/drumview_overlay_inst_comp.go:738.2,738.67 1 1
github.com/ingyamilmolinar/beatmo/internal/ui/drumview_overlay_inst_comp.go:738.67,739.26 1 1
github.com/ingyamilmolinar/beatmo/internal/ui/drumview_overlay_inst_comp.go:739.26,741.4 1 1
github.com/ingyamilmolinar/beatmo/internal/ui/drumview_overlay_inst_comp.go:745.2,748.90 2 1
github.com/ingyamilmolinar/beatmo/internal/ui/drumview_overlay_inst_comp.go:748.90,749.38 1 1
github.com/ingyamilmolinar/beatmo/internal/ui/drumview_overlay_inst_comp.go:749.38,751.4 1 1
github.com/ingyamilmolinar/beatmo/internal/ui/drumview_overlay_inst_comp.go:755.2,755.69 1 1
github.com/ingyamilmolinar/beatmo/internal/ui/drumview_overlay_inst_comp.go:755.69,756.38 1 1
github.com/ingyamilmolinar/beatmo/internal/ui/drumview_overlay_inst_comp.go:756.38,757.33 1 1
github.com/ingyamilmolinar/beatmo/internal/ui/drumview_overlay_inst_comp.go:757.33,759.5 1 0
github.com/ingyamilmolinar/beatmo/internal/ui/drumview_overlay_inst_comp.go:764.2,764.94 1 1
github.com/ingyamilmolinar/beatmo/internal/ui/drumview_overlay_inst_comp.go:764.94,765.34 1 1
github.com/ingyamilmolinar/beatmo/internal/ui/drumview_overlay_inst_comp.go:765.34,766.33 1 1
github.com/ingyamilmolinar/beatmo/internal/ui/drumview_overlay_inst_comp.go:766.33,768.5 1 0
github.com/ingyamilmolinar/beatmo/internal/ui/drumview_overlay_inst_comp.go:775.2,775.96 1 1
github.com/ingyamilmolinar/beatmo/internal/ui/drumview_overlay_inst_comp.go:775.96,778.3 2 1
github.com/ingyamilmolinar/beatmo/internal/ui/drumview_overlay_inst_comp.go:781.2,781.23 1 1
github.com/ingyamilmolinar/beatmo/internal/ui/drumview_overlay_inst_comp.go:781.23,783.3 1 1
github.com/ingyamilmolinar/beatmo/internal/ui/drumview_overlay_inst_comp.go:787.2,787.43 1 1
github.com/ingyamilmolinar/beatmo/internal/ui/drumview_overlay_inst_comp.go:787.43,789.3 1 1
github.com/ingyamilmolinar/beatmo/internal/ui/drumview_overlay_inst_comp.go:791.2,791.21 1 1
github.com/ingyamilmolinar/beatmo/internal/ui/drumview_overlay_inst_comp.go:795.76,796.19 1 1
github.com/ingyamilmolinar/beatmo/internal/ui/drumview_overlay_inst_comp.go:796.19,798.3 1 0
github.com/ingyamilmolinar/beatmo/internal/ui/drumview_overlay_inst_comp.go:799.2,799.36 1 1
github.com/ingyamilmolinar/beatmo/internal/ui/drumview_overlay_inst_comp.go:799.36,801.3 1 0
github.com/ingyamilmolinar/beatmo/internal/ui/drumview_overlay_inst_comp.go:802.2,803.33 2 1
github.com/ingyamilmolinar/beatmo/internal/ui/drumview_overlay_inst_comp.go:803.33,806.3 2 1
github.com/ingyamilmolinar/beatmo/internal/ui/drumview_overlay_inst_comp.go:807.2,807.22 1 1
github.com/ingyamilmolinar/beatmo/internal/ui/drumview_overlay_inst_comp.go:813.44,814.19 1 1
github.com/ingyamilmolinar/beatmo/internal/ui/drumview_overlay_inst_comp.go:814.19,816.3 1 0
github.com/ingyamilmolinar/beatmo/internal/ui/drumview_overlay_inst_comp.go:817.2,823.67 2 1
github.com/ingyamilmolinar/beatmo/internal/ui/drumview_overlay_inst_comp.go:823.67,826.36 3 1
github.com/ingyamilmolinar/beatmo/internal/ui/drumview_overlay_inst_comp.go:826.36,829.4 2 1
github.com/ingyamilmolinar/beatmo/internal/ui/drumview_overlay_inst_comp.go:832.2,832.28 1 1
github.com/ingyamilmolinar/beatmo/internal/ui/drumview_overlay_inst_comp.go:832.28,833.32 1 0
github.com/ingyamilmolinar/beatmo/internal/ui/drumview_overlay_inst_comp.go:833.32,836.4 2 0
github.com/ingyamilmolinar/beatmo/internal/ui/drumview_overlay_inst_comp.go:841.68,844.2 2 1
github.com/ingyamilmolinar/beatmo/internal/ui/drumview_overlay_inst_comp.go:847.59,848.19 1 1
github.com/ingyamilmolinar/beatmo/internal/ui/drumview_overlay_inst_comp.go:848.19,850.3 1 0
github.com/ingyamilmolinar/beatmo/internal/ui/drumview_overlay_inst_comp.go:852.2,852.44 1 1
github.com/ingyamilmolinar/beatmo/internal/ui/drumview_overlay_inst_comp.go:852.44,853.38 1 0
github.com/ingyamilmolinar/beatmo/internal/ui/drumview_overlay_inst_comp.go:853.38,855.4 1 0
github.com/ingyamilmolinar/beatmo/internal/ui/drumview_overlay_inst_comp.go:856.3,856.23 1 0
github.com/ingyamilmolinar/beatmo/internal/ui/drumview_overlay_inst_comp.go:857.8,858.23 1 1
github.com/ingyamilmolinar/beatmo/internal/ui/drumview_overlay_inst_comp.go:858.23,860.4 1 1
github.com/ingyamilmolinar/beatmo/internal/ui/drumview_overlay_inst_comp.go:861.3,861.25 1 1
github.com/ingyamilmolinar/beatmo/internal/ui/drumview_overlay_inst_comp.go:861.25,863.4 1 1
github.com/ingyamilmolinar/beatmo/internal/ui/drumview_overlay_inst_comp.go:864.3,864.34 1 1
github.com/ingyamilmolinar/beatmo/internal/ui/drumview_overlay_inst_comp.go:864.34,866.4 1 1
github.com/ingyamilmolinar/beatmo/internal/ui/drumview_overlay_inst_comp.go:867.3,867.23 1 1
github.com/ingyamilmolinar/beatmo/internal/ui/drumview_overlay_inst_comp.go:870.2,870.23 1 1
github.com/ingyamilmolinar/beatmo/internal/ui/drumview_overlay_inst_comp.go:870.23,872.3 1 1
github.com/ingyamilmolinar/beatmo/internal/ui/drumview_overlay_inst_comp.go:876.52,879.2 2 1
github.com/ingyamilmolinar/beatmo/internal/ui/drumview_overlay_inst_comp.go:882.65,883.19 1 1
github.com/ingyamilmolinar/beatmo/internal/ui/drumview_overlay_inst_comp.go:883.19,885.3 1 1
github.com/ingyamilmolinar/beatmo/internal/ui/drumview_overlay_inst_comp.go:886.2,886.19 1 1
github.com/ingyamilmolinar/beatmo/internal/ui/drumview_overlay_inst_comp.go:890.55,892.2 1 1
github.com/ingyamilmolinar/beatmo/internal/ui/drumview_overlay_inst_comp.go:895.59,897.2 1 1
github.com/ingyamilmolinar/beatmo/internal/ui/drumview_overlay_inst_comp.go:900.61,903.2 2 1
github.com/ingyamilmolinar/beatmo/internal/ui/drumview_overlay_inst_comp.go:906.71,909.2 2 0
github.com/ingyamilmolinar/beatmo/internal/ui/drumview_overlay_inst_comp.go:912.58,914.2 1 1
github.com/ingyamilmolinar/beatmo/internal/ui/drumview_overlay_inst_comp.go:917.62,919.24 2 1
github.com/ingyamilmolinar/beatmo/internal/ui/drumview_overlay_inst_comp.go:919.24,921.3 1 1
github.com/ingyamilmolinar/beatmo/internal/ui/drumview_overlay_inst_comp.go:922.2,923.17 2 1
github.com/ingyamilmolinar/beatmo/internal/ui/drumview_overlay_inst_comp.go:928.61,929.19 1 1
github.com/ingyamilmolinar/beatmo/internal/ui/drumview_overlay_inst_comp.go:929.19,931.3 1 0
github.com/ingyamilmolinar/beatmo/internal/ui/drumview_overlay_inst_comp.go:932.2,936.17 5 1
github.com/ingyamilmolinar/beatmo/internal/ui/drumview_overlay_rename_comp.go:43.44,47.2 1 1
github.com/ingyamilmolinar/beatmo/internal/ui/drumview_overlay_rename_comp.go:50.51,52.2 1 1
github.com/ingyamilmolinar/beatmo/internal/ui/drumview_overlay_rename_comp.go:55.47,55.65 1 1
github.com/ingyamilmolinar/beatmo/internal/ui/drumview_overlay_rename_comp.go:60.34,62.18 2 1
github.com/ingyamilmolinar/beatmo/internal/ui/drumview_overlay_rename_comp.go:62.18,64.3 1 1
github.com/ingyamilmolinar/beatmo/internal/ui/drumview_overlay_rename_comp.go:68.2,68.101 1 1
github.com/ingyamilmolinar/beatmo/internal/ui/drumview_overlay_rename_comp.go:68.101,75.3 6 1
github.com/ingyamilmolinar/beatmo/internal/ui/drumview_overlay_rename_comp.go:77.2,79.27 3 1
github.com/ingyamilmolinar/beatmo/internal/ui/drumview_overlay_rename_comp.go:79.27,81.3 1 1
github.com/ingyamilmolinar/beatmo/internal/ui/drumview_overlay_rename_comp.go:82.2,83.35 2 1
github.com/ingyamilmolinar/beatmo/internal/ui/drumview_overlay_rename_comp.go:83.35,83.63 1 1
github.com/ingyamilmolinar/beatmo/internal/ui/drumview_overlay_rename_comp.go:84.2,84.33 1 1
github.com/ingyamilmolinar/beatmo/internal/ui/drumview_overlay_rename_comp.go:84.33,84.55 1 0
github.com/ingyamilmolinar/beatmo/internal/ui/drumview_overlay_rename_comp.go:85.2,91.19 7 1
github.com/ingyamilmolinar/beatmo/internal/ui/drumview_overlay_rename_comp.go:95.35,96.46 1 1
github.com/ingyamilmolinar/beatmo/internal/ui/drumview_overlay_rename_comp.go:96.46,98.3 1 1
github.com/ingyamilmolinar/beatmo/internal/ui/drumview_overlay_rename_comp.go:99.2,105.20 7 1
github.com/ingyamilmolinar/beatmo/internal/ui/drumview_overlay_rename_comp.go:109.41,110.20 1 1
github.com/ingyamilmolinar/beatmo/internal/ui/drumview_overlay_rename_comp.go:110.20,112.3 1 1
github.com/ingyamilmolinar/beatmo/internal/ui/drumview_overlay_rename_comp.go:113.2,113.41 1 1
github.com/ingyamilmolinar/beatmo/internal/ui/drumview_overlay_rename_comp.go:117.42,118.22 1 1
github.com/ingyamilmolinar/beatmo/internal/ui/drumview_overlay_rename_comp.go:118.22,120.3 1 0
github.com/ingyamilmolinar/beatmo/internal/ui/drumview_overlay_rename_comp.go:121.2,121.26 1 1
github.com/ingyamilmolinar/beatmo/internal/ui/drumview_overlay_rename_comp.go:126.48,128.2 1 1
github.com/ingyamilmolinar/beatmo/internal/ui/drumview_overlay_rename_comp.go:131.75,132.19 1 1
github.com/ingyamilmolinar/beatmo/internal/ui/drumview_overlay_rename_comp.go:132.19,134.3 1 1
github.com/ingyamilmolinar/beatmo/internal/ui/drumview_overlay_rename_comp.go:137.2,137.20 1 1
github.com/ingyamilmolinar/beatmo/internal/ui/drumview_overlay_rename_comp.go:137.20,139.19 1 1
github.com/ingyamilmolinar/beatmo/internal/ui/drumview_overlay_rename_comp.go:139.19,140.16 1 0
github.com/ingyamilmolinar/beatmo/internal/ui/drumview_overlay_rename_comp.go:140.16,142.5 1 0
github.com/ingyamilmolinar/beatmo/internal/ui/drumview_overlay_rename_comp.go:143.4,143.24 1 0
github.com/ingyamilmolinar/beatmo/internal/ui/drumview_overlay_rename_comp.go:146.3,146.72 1 1
github.com/ingyamilmolinar/beatmo/internal/ui/drumview_overlay_rename_comp.go:146.72,147.30 1 1
github.com/ingyamilmolinar/beatmo/internal/ui/drumview_overlay_rename_comp.go:147.30,148.32 1 1
github.com/ingyamilmolinar/beatmo/internal/ui/drumview_overlay_rename_comp.go:148.32,150.6 1 1
github.com/ingyamilmolinar/beatmo/internal/ui/drumview_overlay_rename_comp.go:151.10,152.32 1 1
github.com/ingyamilmolinar/beatmo/internal/ui/drumview_overlay_rename_comp.go:152.32,154.6 1 1
github.com/ingyamilmolinar/beatmo/internal/ui/drumview_overlay_rename_comp.go:156.4,157.24 2 1
github.com/ingyamilmolinar/beatmo/internal/ui/drumview_overlay_rename_comp.go:160.3,160.23 1 1
github.com/ingyamilmolinar/beatmo/internal/ui/drumview_overlay_rename_comp.go:163.2,163.22 1 1
github.com/ingyamilmolinar/beatmo/internal/ui/drumview_overlay_rename_comp.go:163.22,165.3 1 0
github.com/ingyamilmolinar/beatmo/internal/ui/drumview_overlay_rename_comp.go:169.2,169.35 1 1
github.com/ingyamilmolinar/beatmo/internal/ui/drumview_overlay_rename_comp.go:169.35,170.30 1 1
github.com/ingyamilmolinar/beatmo/internal/ui/drumview_overlay_rename_comp.go:170.30,172.4 1 1
github.com/ingyamilmolinar/beatmo/internal/ui/drumview_overlay_rename_comp.go:173.3,174.23 2 1
github.com/ingyamilmolinar/beatmo/internal/ui/drumview_overlay_rename_comp.go:176.2,176.36 1 1
github.com/ingyamilmolinar/beatmo/internal/ui/drumview_overlay_rename_comp.go:176.36,177.30 1 1
github.com/ingyamilmolinar/beatmo/internal/ui/drumview_overlay_rename_comp.go:177.30,179.4 1 1
github.com/ingyamilmolinar/beatmo/internal/ui/drumview_overlay_rename_comp.go:180.3,181.23 2 1
github.com/ingyamilmolinar/beatmo/internal/ui/drumview_overlay_rename_comp.go:185.2,185.18 1 1
github.com/ingyamilmolinar/beatmo/internal/ui/drumview_overlay_rename_comp.go:185.18,186.15 1 0
github.com/ingyamilmolinar/beatmo/internal/ui/drumview_overlay_rename_comp.go:186.15,188.4 1 0
github.com/ingyamilmolinar/beatmo/internal/ui/drumview_overlay_rename_comp.go:189.3,189.23 1 0
github.com/ingyamilmolinar/beatmo/internal/ui/drumview_overlay_rename_comp.go:194.2,194.57 1 1
github.com/ingyamilmolinar/beatmo/internal/ui/drumview_overlay_rename_comp.go:194.57,195.77 1 1
github.com/ingyamilmolinar/beatmo/internal/ui/drumview_overlay_rename_comp.go:195.77,196.30 1 0
github.com/ingyamilmolinar/beatmo/internal/ui/drumview_overlay_rename_comp.go:196.30,197.32 1 0
github.com/ingyamilmolinar/beatmo/internal/ui/drumview_overlay_rename_comp.go:197.32,199.6 1 0
github.com/ingyamilmolinar/beatmo/internal/ui/drumview_overlay_rename_comp.go:200.10,201.32 1 0
github.com/ingyamilmolinar/beatmo/internal/ui/drumview_overlay_rename_comp.go:201.32,203.6 1 0
github.com/ingyamilmolinar/beatmo/internal/ui/drumview_overlay_rename_comp.go:205.4,206.24 2 0
github.com/ingyamilmolinar/beatmo/internal/ui/drumview_overlay_rename_comp.go:210.2,215.24 3 1
github.com/ingyamilmolinar/beatmo/internal/ui/drumview_overlay_rename_comp.go:215.24,218.41 1 1
github.com/ingyamilmolinar/beatmo/internal/ui/drumview_overlay_rename_comp.go:218.41,219.31 1 0
github.com/ingyamilmolinar/beatmo/internal/ui/drumview_overlay_rename_comp.go:219.31,221.5 1 0
github.com/ingyamilmolinar/beatmo/internal/ui/drumview_overlay_rename_comp.go:222.4,222.13 1 0
github.com/ingyamilmolinar/beatmo/internal/ui/drumview_overlay_rename_comp.go:224.3,224.23 1 1
github.com/ingyamilmolinar/beatmo/internal/ui/drumview_overlay_rename_comp.go:228.2,228.39 1 1
github.com/ingyamilmolinar/beatmo/internal/ui/drumview_overlay_rename_comp.go:228.39,229.30 1 1
github.com/ingyamilmolinar/beatmo/internal/ui/drumview_overlay_rename_comp.go:229.30,231.4 1 1
github.com/ingyamilmolinar/beatmo/internal/ui/drumview_overlay_rename_comp.go:232.3,233.23 2 1
github.com/ingyamilmolinar/beatmo/internal/ui/drumview_overlay_rename_comp.go:237.2,237.27 1 1
github.com/ingyamilmolinar/beatmo/internal/ui/drumview_overlay_rename_comp.go:237.27,239.3 1 1
github.com/ingyamilmolinar/beatmo/internal/ui/drumview_overlay_rename_comp.go:241.2,241.21 1 0
github.com/ingyamilmolinar/beatmo/internal/ui/drumview_overlay_rename_comp.go:245.51,246.57 1 1
github.com/ingyamilmolinar/beatmo/internal/ui/drumview_overlay_rename_comp.go:246.57,248.3 1 1
github.com/ingyamilmolinar/beatmo/internal/ui/drumview_overlay_rename_comp.go:249.2,249.21 1 1
github.com/ingyamilmolinar/beatmo/internal/ui/drumview_overlay_rename_comp.go:254.39,256.2 1 1
github.com/ingyamilmolinar/beatmo/internal/ui/drumview_overlay_rename_comp.go:259.44,261.2 1 1
github.com/ingyamilmolinar/beatmo/internal/ui/drumview_overlay_rename_comp.go:264.57,265.19 1 1
github.com/ingyamilmolinar/beatmo/internal/ui/drumview_overlay_rename_comp.go:265.19,267.3 1 1
github.com/ingyamilmolinar/beatmo/internal/ui/drumview_overlay_rename_comp.go:268.2,268.20 1 1
github.com/ingyamilmolinar/beatmo/internal/ui/drumview_overlay_rename_comp.go:268.20,270.3 1 0
github.com/ingyamilmolinar/beatmo/internal/ui/drumview_overlay_rename_comp.go:271.2,271.22 1 1
github.com/ingyamilmolinar/beatmo/internal/ui/drumview_overlay_rename_comp.go:271.22,273.3 1 0
github.com/ingyamilmolinar/beatmo/internal/ui/drumview_overlay_rename_comp.go:274.2,274.23 1 1
github.com/ingyamilmolinar/beatmo/internal/ui/drumview_overlay_rename_comp.go:280.42,281.57 1 1
github.com/ingyamilmolinar/beatmo/internal/ui/drumview_overlay_rename_comp.go:281.57,283.3 1 0
github.com/ingyamilmolinar/beatmo/internal/ui/drumview_overlay_rename_comp.go:284.2,284.35 1 1
github.com/ingyamilmolinar/beatmo/internal/ui/drumview_overlay_rename_comp.go:284.35,285.30 1 1
github.com/ingyamilmolinar/beatmo/internal/ui/drumview_overlay_rename_comp.go:285.30,287.4 1 1
github.com/ingyamilmolinar/beatmo/internal/ui/drumview_overlay_rename_comp.go:288.3,289.9 2 1
github.com/ingyamilmolinar/beatmo/internal/ui/drumview_overlay_rename_comp.go:291.2,291.36 1 1
github.com/ingyamilmolinar/beatmo/internal/ui/drumview_overlay_rename_comp.go:291.36,292.30 1 1
github.com/ingyamilmolinar/beatmo/internal/ui/drumview_overlay_rename_comp.go:292.30,294.4 1 1
github.com/ingyamilmolinar/beatmo/internal/ui/drumview_overlay_rename_comp.go:295.3,296.9 2 1
github.com/ingyamilmolinar/beatmo/internal/ui/drumview_overlay_rename_comp.go:299.2,299.57 1 1
github.com/ingyamilmolinar/beatmo/internal/ui/drumview_overlay_rename_comp.go:299.57,300.77 1 1
github.com/ingyamilmolinar/beatmo/internal/ui/drumview_overlay_rename_comp.go:300.77,301.30 1 1
github.com/ingyamilmolinar/beatmo/internal/ui/drumview_overlay_rename_comp.go:301.30,302.32 1 1
github.com/ingyamilmolinar/beatmo/internal/ui/drumview_overlay_rename_comp.go:302.32,304.6 1 1
github.com/ingyamilmolinar/beatmo/internal/ui/drumview_overlay_rename_comp.go:305.10,306.32 1 0
github.com/ingyamilmolinar/beatmo/internal/ui/drumview_overlay_rename_comp.go:306.32,308.6 1 0
github.com/ingyamilmolinar/beatmo/internal/ui/drumview_overlay_rename_comp.go:310.4,311.10 2 1
github.com/ingyamilmolinar/beatmo/internal/ui/drumview_overlay_rename_comp.go:314.2,317.40 3 1
github.com/ingyamilmolinar/beatmo/internal/ui/drumview_overlay_rename_comp.go:317.40,318.30 1 1
github.com/ingyamilmolinar/beatmo/internal/ui/drumview_overlay_rename_comp.go:318.30,320.4 1 1
github.com/ingyamilmolinar/beatmo/internal/ui/drumview_overlay_rename_comp.go:321.3,321.12 1 1
github.com/ingyamilmolinar/beatmo/internal/ui/drumview_overlay_rename_comp.go:326.68,327.19 1 0
github.com/ingyamilmolinar/beatmo/internal/ui/drumview_overlay_rename_comp.go:327.19,329.3 1 0
github.com/ingyamilmolinar/beatmo/internal/ui/drumview_overlay_rename_comp.go:330.2,330.22 1 0
github.com/ingyamilmolinar/beatmo/internal/ui/drumview_overlay_subdiv_comp.go:40.52,44.2 1 1
github.com/ingyamilmolinar/beatmo/internal/ui/drumview_overlay_subdiv_comp.go:47.59,51.19 2 1
github.com/ingyamilmolinar/beatmo/internal/ui/drumview_overlay_subdiv_comp.go:51.19,52.33 1 0
github.com/ingyamilmolinar/beatmo/internal/ui/drumview_overlay_subdiv_comp.go:52.33,53.33 1 0
github.com/ingyamilmolinar/beatmo/internal/ui/drumview_overlay_subdiv_comp.go:53.33,55.10 2 0
github.com/ingyamilmolinar/beatmo/internal/ui/drumview_overlay_subdiv_comp.go:59.2,60.34 2 1
github.com/ingyamilmolinar/beatmo/internal/ui/drumview_overlay_subdiv_comp.go:60.34,62.3 1 1
github.com/ingyamilmolinar/beatmo/internal/ui/drumview_overlay_subdiv_comp.go:66.55,66.73 1 0
github.com/ingyamilmolinar/beatmo/internal/ui/drumview_overlay_subdiv_comp.go:69.38,72.2 2 1
github.com/ingyamilmolinar/beatmo/internal/ui/drumview_overlay_subdiv_comp.go:75.39,78.28 3 1
github.com/ingyamilmolinar/beatmo/internal/ui/drumview_overlay_subdiv_comp.go:78.28,80.3 1 1
github.com/ingyamilmolinar/beatmo/internal/ui/drumview_overlay_subdiv_comp.go:84.45,86.2 1 1
github.com/ingyamilmolinar/beatmo/internal/ui/drumview_overlay_subdiv_comp.go:89.48,91.61 2 1
github.com/ingyamilmolinar/beatmo/internal/ui/drumview_overlay_subdiv_comp.go:91.61,93.3 1 1
github.com/ingyamilmolinar/beatmo/internal/ui/drumview_overlay_subdiv_comp.go:95.2,97.15 3 1
github.com/ingyamilmolinar/beatmo/internal/ui/drumview_overlay_subdiv_comp.go:97.15,99.3 1 0
github.com/ingyamilmolinar/beatmo/internal/ui/drumview_overlay_subdiv_comp.go:101.2,101.36 1 1
github.com/ingyamilmolinar/beatmo/internal/ui/drumview_overlay_subdiv_comp.go:101.36,110.48 4 1
github.com/ingyamilmolinar/beatmo/internal/ui/drumview_overlay_subdiv_comp.go:110.48,111.31 1 1
github.com/ingyamilmolinar/beatmo/internal/ui/drumview_overlay_subdiv_comp.go:111.31,113.5 1 1
github.com/ingyamilmolinar/beatmo/internal/ui/drumview_overlay_subdiv_comp.go:114.4,114.13 1 1
github.com/ingyamilmolinar/beatmo/internal/ui/drumview_overlay_subdiv_comp.go:116.3,118.37 3 1
github.com/ingyamilmolinar/beatmo/internal/ui/drumview_overlay_subdiv_comp.go:122.2,122.18 1 1
github.com/ingyamilmolinar/beatmo/internal/ui/drumview_overlay_subdiv_comp.go:126.46,127.25 1 1
github.com/ingyamilmolinar/beatmo/internal/ui/drumview_overlay_subdiv_comp.go:127.25,130.3 2 0
github.com/ingyamilmolinar/beatmo/internal/ui/drumview_overlay_subdiv_comp.go:131.2,133.75 3 1
github.com/ingyamilmolinar/beatmo/internal/ui/drumview_overlay_subdiv_comp.go:137.79,138.19 1 1
github.com/ingyamilmolinar/beatmo/internal/ui/drumview_overlay_subdiv_comp.go:138.19,140.3 1 1
github.com/ingyamilmolinar/beatmo/internal/ui/drumview_overlay_subdiv_comp.go:142.2,145.32 2 1
github.com/ingyamilmolinar/beatmo/internal/ui/drumview_overlay_subdiv_comp.go:145.32,146.32 1 1
github.com/ingyamilmolinar/beatmo/internal/ui/drumview_overlay_subdiv_comp.go:146.32,148.4 1 1
github.com/ingyamilmolinar/beatmo/internal/ui/drumview_overlay_subdiv_comp.go:152.2,155.35 2 1
github.com/ingyamilmolinar/beatmo/internal/ui/drumview_overlay_subdiv_comp.go:155.35,158.3 2 1
github.com/ingyamilmolinar/beatmo/internal/ui/drumview_overlay_subdiv_comp.go:161.2,161.23 1 0
github.com/ingyamilmolinar/beatmo/internal/ui/drumview_overlay_subdiv_comp.go:161.23,163.3 1 0
github.com/ingyamilmolinar/beatmo/internal/ui/drumview_overlay_subdiv_comp.go:165.2,165.21 1 0
github.com/ingyamilmolinar/beatmo/internal/ui/drumview_overlay_subdiv_comp.go:169.55,170.19 1 0
github.com/ingyamilmolinar/beatmo/internal/ui/drumview_overlay_subdiv_comp.go:170.19,172.3 1 0
github.com/ingyamilmolinar/beatmo/internal/ui/drumview_overlay_subdiv_comp.go:173.2,173.32 1 0
github.com/ingyamilmolinar/beatmo/internal/ui/drumview_overlay_subdiv_comp.go:173.32,175.3 1 0
github.com/ingyamilmolinar/beatmo/internal/ui/drumview_overlay_subdiv_comp.go:179.48,181.2 1 1
github.com/ingyamilmolinar/beatmo/internal/ui/drumview_overlay_subdiv_comp.go:184.61,185.19 1 1
github.com/ingyamilmolinar/beatmo/internal/ui/drumview_overlay_subdiv_comp.go:185.19,187.3 1 1
github.com/ingyamilmolinar/beatmo/internal/ui/drumview_overlay_subdiv_comp.go:189.2,189.43 1 1
github.com/ingyamilmolinar/beatmo/internal/ui/drumview_overlay_subdiv_comp.go:193.72,194.19 1 0
github.com/ingyamilmolinar/beatmo/internal/ui/drumview_overlay_subdiv_comp.go:194.19,196.3 1 0
github.com/ingyamilmolinar/beatmo/internal/ui/drumview_overlay_subdiv_comp.go:197.2,197.22 1 0
github.com/ingyamilmolinar/beatmo/internal/ui/drumview_portal_open.go:11.44,12.48 1 1
github.com/ingyamilmolinar/beatmo/internal/ui/drumview_portal_open.go:12.48,14.3 1 1
github.com/ingyamilmolinar/beatmo/internal/ui/drumview_portal_open.go:15.2,20.19 1 1
github.com/ingyamilmolinar/beatmo/internal/ui/drumview_portal_open.go:20.19,22.4 1 1
github.com/ingyamilmolinar/beatmo/internal/ui/drumview_portal_open.go:27.45,28.20 1 1
github.com/ingyamilmolinar/beatmo/internal/ui/drumview_portal_open.go:28.20,30.3 1 1
github.com/ingyamilmolinar/beatmo/internal/ui/drumview_portal_open.go:34.42,35.46 1 1
github.com/ingyamilmolinar/beatmo/internal/ui/drumview_portal_open.go:35.46,37.3 1 1
github.com/ingyamilmolinar/beatmo/internal/ui/drumview_portal_open.go:38.2,39.65 2 1
github.com/ingyamilmolinar/beatmo/internal/ui/drumview_portal_open.go:39.65,41.3 1 1
github.com/ingyamilmolinar/beatmo/internal/ui/drumview_portal_open.go:42.2,47.21 1 1
github.com/ingyamilmolinar/beatmo/internal/ui/drumview_portal_open.go:47.21,47.49 1 1
github.com/ingyamilmolinar/beatmo/internal/ui/drumview_portal_open.go:51.19,52.58 1 1
github.com/ingyamilmolinar/beatmo/internal/ui/drumview_portal_open.go:52.58,54.5 1 1
github.com/ingyamilmolinar/beatmo/internal/ui/drumview_portal_open.go:55.4,59.123 3 1
github.com/ingyamilmolinar/beatmo/internal/ui/drumview_portal_open.go:59.123,61.5 1 1
github.com/ingyamilmolinar/beatmo/internal/ui/drumview_portal_open.go:67.43,68.20 1 1
github.com/ingyamilmolinar/beatmo/internal/ui/drumview_portal_open.go:68.20,70.3 1 1
github.com/ingyamilmolinar/beatmo/internal/ui/drumview_portal_open.go:74.44,75.48 1 1
github.com/ingyamilmolinar/beatmo/internal/ui/drumview_portal_open.go:75.48,77.3 1 1
github.com/ingyamilmolinar/beatmo/internal/ui/drumview_portal_open.go:78.2,79.70 2 1
github.com/ingyamilmolinar/beatmo/internal/ui/drumview_portal_open.go:79.70,81.3 1 1
github.com/ingyamilmolinar/beatmo/internal/ui/drumview_portal_open.go:82.2,87.19 1 1
github.com/ingyamilmolinar/beatmo/internal/ui/drumview_portal_open.go:87.19,88.62 1 1
github.com/ingyamilmolinar/beatmo/internal/ui/drumview_portal_open.go:88.62,90.5 1 1
github.com/ingyamilmolinar/beatmo/internal/ui/drumview_portal_open.go:96.45,97.20 1 1
github.com/ingyamilmolinar/beatmo/internal/ui/drumview_portal_open.go:97.20,99.3 1 1
github.com/ingyamilmolinar/beatmo/internal/ui/drumview_portal_open.go:103.40,104.44 1 1
github.com/ingyamilmolinar/beatmo/internal/ui/drumview_portal_open.go:104.44,106.3 1 1
github.com/ingyamilmolinar/beatmo/internal/ui/drumview_portal_open.go:107.2,108.61 2 1
github.com/ingyamilmolinar/beatmo/internal/ui/drumview_portal_open.go:108.61,110.3 1 1
github.com/ingyamilmolinar/beatmo/internal/ui/drumview_portal_open.go:111.2,116.21 1 1
github.com/ingyamilmolinar/beatmo/internal/ui/drumview_portal_open.go:116.21,119.5 1 1
github.com/ingyamilmolinar/beatmo/internal/ui/drumview_portal_open.go:127.41,128.20 1 1
github.com/ingyamilmolinar/beatmo/internal/ui/drumview_portal_open.go:128.20,130.3 1 1
github.com/ingyamilmolinar/beatmo/internal/ui/drumview_portal_open.go:134.46,135.20 1 1
github.com/ingyamilmolinar/beatmo/internal/ui/drumview_portal_open.go:135.20,137.3 1 1
github.com/ingyamilmolinar/beatmo/internal/ui/drumview_portal_open.go:138.2,142.26 1 1
github.com/ingyamilmolinar/beatmo/internal/ui/drumview_portal_open.go:142.26,142.60 1 1
github.com/ingyamilmolinar/beatmo/internal/ui/drumview_portal_open.go:143.37,143.70 1 1
github.com/ingyamilmolinar/beatmo/internal/ui/drumview_portal_open.go:144.54,145.50 1 1
github.com/ingyamilmolinar/beatmo/internal/ui/drumview_portal_open.go:145.50,146.41 1 1
github.com/ingyamilmolinar/beatmo/internal/ui/drumview_portal_open.go:146.41,148.7 1 1
github.com/ingyamilmolinar/beatmo/internal/ui/drumview_portal_open.go:149.6,149.26 1 1
github.com/ingyamilmolinar/beatmo/internal/ui/drumview_portal_open.go:151.5,151.24 1 1
github.com/ingyamilmolinar/beatmo/internal/ui/drumview_portal_open.go:153.47,154.66 1 1
github.com/ingyamilmolinar/beatmo/internal/ui/drumview_portal_open.go:154.66,156.6 1 1
github.com/ingyamilmolinar/beatmo/internal/ui/drumview_portal_open.go:157.5,157.25 1 1
github.com/ingyamilmolinar/beatmo/internal/ui/drumview_portal_open.go:159.36,159.64 1 1
github.com/ingyamilmolinar/beatmo/internal/ui/drumview_portal_open.go:162.19,168.4 2 1
github.com/ingyamilmolinar/beatmo/internal/ui/drumview_portal_open.go:173.47,174.20 1 1
github.com/ingyamilmolinar/beatmo/internal/ui/drumview_portal_open.go:174.20,176.3 1 1
github.com/ingyamilmolinar/beatmo/internal/ui/drumview_portal_open.go:180.45,181.20 1 1
github.com/ingyamilmolinar/beatmo/internal/ui/drumview_portal_open.go:181.20,183.3 1 1
github.com/ingyamilmolinar/beatmo/internal/ui/drumview_portal_open.go:184.2,188.26 1 1
github.com/ingyamilmolinar/beatmo/internal/ui/drumview_portal_open.go:188.26,188.59 1 1
github.com/ingyamilmolinar/beatmo/internal/ui/drumview_portal_open.go:189.37,189.66 1 1
github.com/ingyamilmolinar/beatmo/internal/ui/drumview_portal_open.go:190.54,191.49 1 1
github.com/ingyamilmolinar/beatmo/internal/ui/drumview_portal_open.go:191.49,192.44 1 1
github.com/ingyamilmolinar/beatmo/internal/ui/drumview_portal_open.go:192.44,194.7 1 1
github.com/ingyamilmolinar/beatmo/internal/ui/drumview_portal_open.go:195.6,195.45 1 1
github.com/ingyamilmolinar/beatmo/internal/ui/drumview_portal_open.go:195.45,196.68 1 1
github.com/ingyamilmolinar/beatmo/internal/ui/drumview_portal_open.go:196.68,198.8 1 0
github.com/ingyamilmolinar/beatmo/internal/ui/drumview_portal_open.go:200.6,200.26 1 1
github.com/ingyamilmolinar/beatmo/internal/ui/drumview_portal_open.go:202.5,202.24 1 1
github.com/ingyamilmolinar/beatmo/internal/ui/drumview_portal_open.go:204.47,205.72 1 1
github.com/ingyamilmolinar/beatmo/internal/ui/drumview_portal_open.go:205.72,208.6 2 1
github.com/ingyamilmolinar/beatmo/internal/ui/drumview_portal_open.go:209.5,209.25 1 1
github.com/ingyamilmolinar/beatmo/internal/ui/drumview_portal_open.go:211.36,211.63 1 1
github.com/ingyamilmolinar/beatmo/internal/ui/drumview_portal_open.go:212.21,213.74 1 1
github.com/ingyamilmolinar/beatmo/internal/ui/drumview_portal_open.go:213.74,214.47 1 0
github.com/ingyamilmolinar/beatmo/internal/ui/drumview_portal_open.go:214.47,216.7 1 0
github.com/ingyamilmolinar/beatmo/internal/ui/drumview_portal_open.go:221.20,221.21 0 1
github.com/ingyamilmolinar/beatmo/internal/ui/drumview_portal_open.go:226.46,227.20 1 1
github.com/ingyamilmolinar/beatmo/internal/ui/drumview_portal_open.go:227.20,229.3 1 1
github.com/ingyamilmolinar/beatmo/internal/ui/drumview_portal_open.go:233.41,234.20 1 1
github.com/ingyamilmolinar/beatmo/internal/ui/drumview_portal_open.go:234.20,236.3 1 1
github.com/ingyamilmolinar/beatmo/internal/ui/drumview_portal_open.go:237.2,241.26 1 1
github.com/ingyamilmolinar/beatmo/internal/ui/drumview_portal_open.go:241.26,241.55 1 1
github.com/ingyamilmolinar/beatmo/internal/ui/drumview_portal_open.go:242.35,244.5 1 1
github.com/ingyamilmolinar/beatmo/internal/ui/drumview_portal_open.go:245.54,246.45 1 1
github.com/ingyamilmolinar/beatmo/internal/ui/drumview_portal_open.go:246.45,247.89 1 1
github.com/ingyamilmolinar/beatmo/internal/ui/drumview_portal_open.go:247.89,249.7 1 1
github.com/ingyamilmolinar/beatmo/internal/ui/drumview_portal_open.go:250.6,250.26 1 1
github.com/ingyamilmolinar/beatmo/internal/ui/drumview_portal_open.go:252.5,252.24 1 1
github.com/ingyamilmolinar/beatmo/internal/ui/drumview_portal_open.go:254.47,255.29 1 1
github.com/ingyamilmolinar/beatmo/internal/ui/drumview_portal_open.go:255.29,257.33 2 1
github.com/ingyamilmolinar/beatmo/internal/ui/drumview_portal_open.go:257.33,259.7 1 1
github.com/ingyamilmolinar/beatmo/internal/ui/drumview_portal_open.go:260.6,260.48 1 1
github.com/ingyamilmolinar/beatmo/internal/ui/drumview_portal_open.go:260.48,262.7 1 1
github.com/ingyamilmolinar/beatmo/internal/ui/drumview_portal_open.go:263.6,264.34 2 1
github.com/ingyamilmolinar/beatmo/internal/ui/drumview_portal_open.go:266.5,266.25 1 1
github.com/ingyamilmolinar/beatmo/internal/ui/drumview_portal_open.go:268.36,268.59 1 1
github.com/ingyamilmolinar/beatmo/internal/ui/drumview_portal_open.go:269.21,270.36 1 1
github.com/ingyamilmolinar/beatmo/internal/ui/drumview_portal_open.go:270.36,272.20 2 0
github.com/ingyamilmolinar/beatmo/internal/ui/drumview_portal_open.go:272.20,274.34 2 0
github.com/ingyamilmolinar/beatmo/internal/ui/drumview_portal_open.go:274.34,276.8 1 0
github.com/ingyamilmolinar/beatmo/internal/ui/drumview_portal_open.go:277.7,277.49 1 0
github.com/ingyamilmolinar/beatmo/internal/ui/drumview_portal_open.go:277.49,279.8 1 0
github.com/ingyamilmolinar/beatmo/internal/ui/drumview_portal_open.go:280.7,281.35 2 0
github.com/ingyamilmolinar/beatmo/internal/ui/drumview_portal_open.go:287.19,300.4 9 1
github.com/ingyamilmolinar/beatmo/internal/ui/drumview_portal_open.go:305.42,306.20 1 1
github.com/ingyamilmolinar/beatmo/internal/ui/drumview_portal_open.go:306.20,308.3 1 1
github.com/ingyamilmolinar/beatmo/internal/ui/drumview_portal_open.go:312.42,313.42 1 1
github.com/ingyamilmolinar/beatmo/internal/ui/drumview_portal_open.go:313.42,315.3 1 1
github.com/ingyamilmolinar/beatmo/internal/ui/drumview_portal_open.go:316.2,320.19 1 1
github.com/ingyamilmolinar/beatmo/internal/ui/drumview_portal_open.go:320.19,322.4 1 1
github.com/ingyamilmolinar/beatmo/internal/ui/drumview_portal_open.go:327.43,328.20 1 1
github.com/ingyamilmolinar/beatmo/internal/ui/drumview_portal_open.go:328.20,330.3 1 1
github.com/ingyamilmolinar/beatmo/internal/ui/drumview_portal_open.go:334.48,335.48 1 1
github.com/ingyamilmolinar/beatmo/internal/ui/drumview_portal_open.go:335.48,337.3 1 1
github.com/ingyamilmolinar/beatmo/internal/ui/drumview_portal_open.go:338.2,342.19 1 1
github.com/ingyamilmolinar/beatmo/internal/ui/drumview_portal_open.go:342.19,344.4 1 1
github.com/ingyamilmolinar/beatmo/internal/ui/drumview_portal_open.go:349.49,350.20 1 1
github.com/ingyamilmolinar/beatmo/internal/ui/drumview_portal_open.go:350.20,352.3 1 1
github.com/ingyamilmolinar/beatmo/internal/ui/drumview_portal_open.go:356.40,357.20 1 1
github.com/ingyamilmolinar/beatmo/internal/ui/drumview_portal_open.go:357.20,359.3 1 1
github.com/ingyamilmolinar/beatmo/internal/ui/drumview_portal_open.go:360.2,364.26 1 1
github.com/ingyamilmolinar/beatmo/internal/ui/drumview_portal_open.go:364.26,364.54 1 1
github.com/ingyamilmolinar/beatmo/internal/ui/drumview_portal_open.go:365.37,365.57 1 1
github.com/ingyamilmolinar/beatmo/internal/ui/drumview_portal_open.go:366.54,367.62 1 1
github.com/ingyamilmolinar/beatmo/internal/ui/drumview_portal_open.go:367.62,370.6 2 1
github.com/ingyamilmolinar/beatmo/internal/ui/drumview_portal_open.go:371.5,371.67 1 1
github.com/ingyamilmolinar/beatmo/internal/ui/drumview_portal_open.go:371.67,378.6 5 1
github.com/ingyamilmolinar/beatmo/internal/ui/drumview_portal_open.go:379.5,379.25 1 1
github.com/ingyamilmolinar/beatmo/internal/ui/drumview_portal_open.go:381.47,381.71 1 1
github.com/ingyamilmolinar/beatmo/internal/ui/drumview_portal_open.go:382.36,384.26 2 1
github.com/ingyamilmolinar/beatmo/internal/ui/drumview_portal_open.go:384.26,387.6 2 1
github.com/ingyamilmolinar/beatmo/internal/ui/drumview_portal_open.go:388.5,390.26 3 1
github.com/ingyamilmolinar/beatmo/internal/ui/drumview_portal_open.go:390.26,392.6 1 1
github.com/ingyamilmolinar/beatmo/internal/ui/drumview_portal_open.go:394.21,395.27 1 1
github.com/ingyamilmolinar/beatmo/internal/ui/drumview_portal_open.go:395.27,397.6 1 0
github.com/ingyamilmolinar/beatmo/internal/ui/drumview_portal_open.go:399.5,399.62 1 1
github.com/ingyamilmolinar/beatmo/internal/ui/drumview_portal_open.go:399.62,400.69 1 0
github.com/ingyamilmolinar/beatmo/internal/ui/drumview_portal_open.go:400.69,401.20 1 0
github.com/ingyamilmolinar/beatmo/internal/ui/drumview_portal_open.go:401.20,403.20 2 0
github.com/ingyamilmolinar/beatmo/internal/ui/drumview_portal_open.go:403.20,405.9 1 0
github.com/ingyamilmolinar/beatmo/internal/ui/drumview_portal_open.go:405.14,410.9 4 0
github.com/ingyamilmolinar/beatmo/internal/ui/drumview_portal_open.go:411.13,416.8 4 0
github.com/ingyamilmolinar/beatmo/internal/ui/drumview_portal_open.go:418.6,419.12 2 0
github.com/ingyamilmolinar/beatmo/internal/ui/drumview_portal_open.go:423.5,424.26 2 1
github.com/ingyamilmolinar/beatmo/internal/ui/drumview_portal_open.go:424.26,428.40 4 1
github.com/ingyamilmolinar/beatmo/internal/ui/drumview_portal_open.go:428.40,428.68 1 1
github.com/ingyamilmolinar/beatmo/internal/ui/drumview_portal_open.go:429.6,429.38 1 1
github.com/ingyamilmolinar/beatmo/internal/ui/drumview_portal_open.go:429.38,429.60 1 0
github.com/ingyamilmolinar/beatmo/internal/ui/drumview_portal_open.go:430.6,430.31 1 1
github.com/ingyamilmolinar/beatmo/internal/ui/drumview_portal_open.go:432.5,433.26 2 1
github.com/ingyamilmolinar/beatmo/internal/ui/drumview_portal_open.go:433.26,435.6 1 0
github.com/ingyamilmolinar/beatmo/internal/ui/drumview_portal_open.go:436.5,437.33 2 1
github.com/ingyamilmolinar/beatmo/internal/ui/drumview_portal_open.go:437.33,440.18 3 1
github.com/ingyamilmolinar/beatmo/internal/ui/drumview_portal_open.go:440.18,442.7 1 0
github.com/ingyamilmolinar/beatmo/internal/ui/drumview_portal_open.go:444.5,445.38 2 1
github.com/ingyamilmolinar/beatmo/internal/ui/drumview_portal_open.go:445.38,447.18 2 1
github.com/ingyamilmolinar/beatmo/internal/ui/drumview_portal_open.go:447.18,449.7 1 1
github.com/ingyamilmolinar/beatmo/internal/ui/drumview_portal_open.go:451.5,451.39 1 1
github.com/ingyamilmolinar/beatmo/internal/ui/drumview_portal_open.go:451.39,456.6 4 1
github.com/ingyamilmolinar/beatmo/internal/ui/drumview_portal_open.go:457.5,457.24 1 1
github.com/ingyamilmolinar/beatmo/internal/ui/drumview_portal_open.go:461.19,467.4 3 1
github.com/ingyamilmolinar/beatmo/internal/ui/drumview_portal_open.go:472.41,473.20 1 1
github.com/ingyamilmolinar/beatmo/internal/ui/drumview_portal_open.go:473.20,475.3 1 1
github.com/ingyamilmolinar/beatmo/internal/ui/drumview_rows.go:12.50,13.20 1 1
github.com/ingyamilmolinar/beatmo/internal/ui/drumview_rows.go:13.20,15.24 2 1
github.com/ingyamilmolinar/beatmo/internal/ui/drumview_rows.go:15.24,21.4 4 1
github.com/ingyamilmolinar/beatmo/internal/ui/drumview_rows.go:25.3,26.22 2 1
github.com/ingyamilmolinar/beatmo/internal/ui/drumview_rows.go:26.22,27.51 1 1
github.com/ingyamilmolinar/beatmo/internal/ui/drumview_rows.go:27.51,29.5 1 1
github.com/ingyamilmolinar/beatmo/internal/ui/drumview_rows.go:33.3,33.61 1 1
github.com/ingyamilmolinar/beatmo/internal/ui/drumview_rows.go:33.61,34.75 1 1
github.com/ingyamilmolinar/beatmo/internal/ui/drumview_rows.go:34.75,36.24 2 1
github.com/ingyamilmolinar/beatmo/internal/ui/drumview_rows.go:36.24,38.6 1 0
github.com/ingyamilmolinar/beatmo/internal/ui/drumview_rows.go:41.3,41.65 1 1
github.com/ingyamilmolinar/beatmo/internal/ui/drumview_rows.go:41.65,44.30 3 1
github.com/ingyamilmolinar/beatmo/internal/ui/drumview_rows.go:44.30,48.22 4 1
github.com/ingyamilmolinar/beatmo/internal/ui/drumview_rows.go:48.22,50.6 1 1
github.com/ingyamilmolinar/beatmo/internal/ui/drumview_rows.go:51.5,54.27 4 1
github.com/ingyamilmolinar/beatmo/internal/ui/drumview_rows.go:56.4,56.25 1 1
github.com/ingyamilmolinar/beatmo/internal/ui/drumview_rows.go:58.3,62.28 3 1
github.com/ingyamilmolinar/beatmo/internal/ui/drumview_rows.go:67.30,70.29 3 1
github.com/ingyamilmolinar/beatmo/internal/ui/drumview_rows.go:70.29,73.3 2 1
github.com/ingyamilmolinar/beatmo/internal/ui/drumview_rows.go:74.2,84.29 10 1
github.com/ingyamilmolinar/beatmo/internal/ui/drumview_rows.go:84.29,86.3 1 1
github.com/ingyamilmolinar/beatmo/internal/ui/drumview_rows.go:87.2,89.16 3 1
github.com/ingyamilmolinar/beatmo/internal/ui/drumview_rows.go:89.16,91.3 1 1
github.com/ingyamilmolinar/beatmo/internal/ui/drumview_rows.go:92.2,92.27 1 1
github.com/ingyamilmolinar/beatmo/internal/ui/drumview_rows.go:92.27,94.3 1 0
github.com/ingyamilmolinar/beatmo/internal/ui/drumview_rows.go:96.2,97.26 2 1
github.com/ingyamilmolinar/beatmo/internal/ui/drumview_rows.go:97.26,100.33 3 1
github.com/ingyamilmolinar/beatmo/internal/ui/drumview_rows.go:100.33,102.4 1 1
github.com/ingyamilmolinar/beatmo/internal/ui/drumview_rows.go:104.2,104.38 1 1
github.com/ingyamilmolinar/beatmo/internal/ui/drumview_rows.go:104.38,108.3 3 0
github.com/ingyamilmolinar/beatmo/internal/ui/drumview_rows.go:109.2,109.40 1 1
github.com/ingyamilmolinar/beatmo/internal/ui/drumview_rows.go:109.40,113.3 3 0
github.com/ingyamilmolinar/beatmo/internal/ui/drumview_rows.go:117.38,118.53 1 1
github.com/ingyamilmolinar/beatmo/internal/ui/drumview_rows.go:118.53,120.3 1 1
github.com/ingyamilmolinar/beatmo/internal/ui/drumview_rows.go:121.2,123.49 2 1
github.com/ingyamilmolinar/beatmo/internal/ui/drumview_rows.go:123.49,125.3 1 1
github.com/ingyamilmolinar/beatmo/internal/ui/drumview_rows.go:126.2,133.29 7 1
github.com/ingyamilmolinar/beatmo/internal/ui/drumview_rows.go:133.29,135.3 1 1
github.com/ingyamilmolinar/beatmo/internal/ui/drumview_rows.go:136.2,136.31 1 1
github.com/ingyamilmolinar/beatmo/internal/ui/drumview_rows.go:136.31,138.3 1 1
github.com/ingyamilmolinar/beatmo/internal/ui/drumview_rows.go:139.2,141.16 3 1
github.com/ingyamilmolinar/beatmo/internal/ui/drumview_rows.go:141.16,143.3 1 1
github.com/ingyamilmolinar/beatmo/internal/ui/drumview_rows.go:144.2,144.27 1 1
github.com/ingyamilmolinar/beatmo/internal/ui/drumview_rows.go:144.27,146.3 1 0
github.com/ingyamilmolinar/beatmo/internal/ui/drumview_rows.go:148.2,148.28 1 1
github.com/ingyamilmolinar/beatmo/internal/ui/drumview_rows.go:148.28,150.3 1 1
github.com/ingyamilmolinar/beatmo/internal/ui/drumview_rows.go:151.2,165.21 15 1
github.com/ingyamilmolinar/beatmo/internal/ui/drumview_rows.go:168.41,169.36 1 1
github.com/ingyamilmolinar/beatmo/internal/ui/drumview_rows.go:169.36,171.3 1 0
github.com/ingyamilmolinar/beatmo/internal/ui/drumview_rows.go:172.2,174.13 3 1
github.com/ingyamilmolinar/beatmo/internal/ui/drumview_rows.go:174.13,176.3 1 1
github.com/ingyamilmolinar/beatmo/internal/ui/drumview_rows.go:177.2,177.27 1 1
github.com/ingyamilmolinar/beatmo/internal/ui/drumview_rows.go:180.41,181.36 1 1
github.com/ingyamilmolinar/beatmo/internal/ui/drumview_rows.go:181.36,183.3 1 0
github.com/ingyamilmolinar/beatmo/internal/ui/drumview_rows.go:184.2,186.12 3 1
github.com/ingyamilmolinar/beatmo/internal/ui/drumview_rows.go:186.12,188.29 2 1
github.com/ingyamilmolinar/beatmo/internal/ui/drumview_rows.go:188.29,189.16 1 1
github.com/ingyamilmolinar/beatmo/internal/ui/drumview_rows.go:189.16,190.13 1 1
github.com/ingyamilmolinar/beatmo/internal/ui/drumview_rows.go:192.4,193.18 2 1
github.com/ingyamilmolinar/beatmo/internal/ui/drumview_rows.go:195.8,197.29 2 1
github.com/ingyamilmolinar/beatmo/internal/ui/drumview_rows.go:197.29,198.14 1 1
github.com/ingyamilmolinar/beatmo/internal/ui/drumview_rows.go:198.14,200.10 2 0
github.com/ingyamilmolinar/beatmo/internal/ui/drumview_rows.go:203.3,203.15 1 1
github.com/ingyamilmolinar/beatmo/internal/ui/drumview_rows.go:203.15,204.30 1 1
github.com/ingyamilmolinar/beatmo/internal/ui/drumview_rows.go:204.30,206.5 1 1
github.com/ingyamilmolinar/beatmo/internal/ui/drumview_rows.go:209.2,209.27 1 1
github.com/ingyamilmolinar/beatmo/internal/ui/drumview_rows.go:213.55,217.2 3 1
github.com/ingyamilmolinar/beatmo/internal/ui/drumview_rows.go:220.46,224.2 3 1
github.com/ingyamilmolinar/beatmo/internal/ui/drumview_rows.go:227.51,231.2 3 1
github.com/ingyamilmolinar/beatmo/internal/ui/drumview_save_instrument.go:13.45,14.36 1 1
github.com/ingyamilmolinar/beatmo/internal/ui/drumview_save_instrument.go:14.36,16.3 1 0
github.com/ingyamilmolinar/beatmo/internal/ui/drumview_save_instrument.go:17.2,18.14 2 1
github.com/ingyamilmolinar/beatmo/internal/ui/drumview_save_instrument.go:18.14,21.3 2 0
github.com/ingyamilmolinar/beatmo/internal/ui/drumview_save_instrument.go:22.2,22.27 1 1
github.com/ingyamilmolinar/beatmo/internal/ui/drumview_save_instrument.go:22.27,24.3 1 0
github.com/ingyamilmolinar/beatmo/internal/ui/drumview_save_instrument.go:25.2,26.9 2 1
github.com/ingyamilmolinar/beatmo/internal/ui/drumview_save_instrument.go:26.9,27.37 1 1
github.com/ingyamilmolinar/beatmo/internal/ui/drumview_save_instrument.go:27.37,28.18 1 0
github.com/ingyamilmolinar/beatmo/internal/ui/drumview_save_instrument.go:28.18,31.10 3 0
github.com/ingyamilmolinar/beatmo/internal/ui/drumview_save_instrument.go:35.2,35.8 1 1
github.com/ingyamilmolinar/beatmo/internal/ui/drumview_save_instrument.go:35.8,37.39 2 1
github.com/ingyamilmolinar/beatmo/internal/ui/drumview_save_instrument.go:37.39,40.4 2 0
github.com/ingyamilmolinar/beatmo/internal/ui/drumview_save_instrument.go:41.3,41.29 1 1
github.com/ingyamilmolinar/beatmo/internal/ui/drumview_save_instrument.go:41.29,44.4 2 1
github.com/ingyamilmolinar/beatmo/internal/ui/drumview_save_instrument.go:47.2,48.16 2 1
github.com/ingyamilmolinar/beatmo/internal/ui/drumview_save_instrument.go:48.16,51.3 2 1
github.com/ingyamilmolinar/beatmo/internal/ui/drumview_save_instrument.go:52.2,53.22 2 1
github.com/ingyamilmolinar/beatmo/internal/ui/drumview_save_instrument.go:53.22,56.3 2 0
github.com/ingyamilmolinar/beatmo/internal/ui/drumview_save_instrument.go:57.2,58.53 2 1
github.com/ingyamilmolinar/beatmo/internal/ui/drumview_save_instrument.go:58.53,61.3 2 0
github.com/ingyamilmolinar/beatmo/internal/ui/drumview_save_instrument.go:62.2,62.19 1 1
github.com/ingyamilmolinar/beatmo/internal/ui/drumview_save_instrument.go:62.19,63.38 1 1
github.com/ingyamilmolinar/beatmo/internal/ui/drumview_save_instrument.go:63.38,66.4 2 0
github.com/ingyamilmolinar/beatmo/internal/ui/drumview_save_instrument.go:68.2,69.22 2 1
github.com/ingyamilmolinar/beatmo/internal/ui/drumview_save_instrument.go:69.22,71.3 1 0
github.com/ingyamilmolinar/beatmo/internal/ui/drumview_save_instrument.go:72.2,72.16 1 1
github.com/ingyamilmolinar/beatmo/internal/ui/drumview_save_instrument.go:72.16,74.3 1 0
github.com/ingyamilmolinar/beatmo/internal/ui/drumview_save_instrument.go:75.2,76.41 2 1
github.com/ingyamilmolinar/beatmo/internal/ui/drumview_save_instrument.go:76.41,79.3 2 0
github.com/ingyamilmolinar/beatmo/internal/ui/drumview_save_instrument.go:80.2,80.59 1 1
github.com/ingyamilmolinar/beatmo/internal/ui/drumview_save_instrument.go:80.59,83.3 2 0
github.com/ingyamilmolinar/beatmo/internal/ui/drumview_save_instrument.go:84.2,84.61 1 1
github.com/ingyamilmolinar/beatmo/internal/ui/drumview_save_instrument.go:84.61,87.3 2 0
github.com/ingyamilmolinar/beatmo/internal/ui/drumview_save_instrument.go:88.2,90.25 3 1
github.com/ingyamilmolinar/beatmo/internal/ui/drumview_save_instrument.go:90.25,92.3 1 0
github.com/ingyamilmolinar/beatmo/internal/ui/drumview_save_instrument.go:93.2,93.45 1 1
github.com/ingyamilmolinar/beatmo/internal/ui/drumview_save_instrument.go:96.116,97.13 1 1
github.com/ingyamilmolinar/beatmo/internal/ui/drumview_save_instrument.go:97.13,98.42 1 1
github.com/ingyamilmolinar/beatmo/internal/ui/drumview_save_instrument.go:98.42,100.4 1 0
github.com/ingyamilmolinar/beatmo/internal/ui/drumview_save_instrument.go:101.3,101.22 1 1
github.com/ingyamilmolinar/beatmo/internal/ui/drumview_save_instrument.go:101.22,103.4 1 1
github.com/ingyamilmolinar/beatmo/internal/ui/drumview_save_instrument.go:105.2,105.26 1 1
github.com/ingyamilmolinar/beatmo/internal/ui/drumview_save_instrument.go:105.26,106.38 1 1
github.com/ingyamilmolinar/beatmo/internal/ui/drumview_save_instrument.go:106.38,108.4 1 1
github.com/ingyamilmolinar/beatmo/internal/ui/drumview_save_instrument.go:110.2,110.61 1 1
github.com/ingyamilmolinar/beatmo/internal/ui/drumview_save_instrument.go:113.61,114.19 1 1
github.com/ingyamilmolinar/beatmo/internal/ui/drumview_save_instrument.go:114.19,116.3 1 0
github.com/ingyamilmolinar/beatmo/internal/ui/drumview_save_instrument.go:117.2,117.19 1 1
github.com/ingyamilmolinar/beatmo/internal/ui/drumview_save_instrument.go:117.19,119.3 1 0
github.com/ingyamilmolinar/beatmo/internal/ui/drumview_save_instrument.go:120.2,121.16 2 1
github.com/ingyamilmolinar/beatmo/internal/ui/drumview_save_instrument.go:121.16,123.3 1 0
github.com/ingyamilmolinar/beatmo/internal/ui/drumview_save_instrument.go:124.2,126.16 3 1
github.com/ingyamilmolinar/beatmo/internal/ui/drumview_save_instrument.go:126.16,128.3 1 0
github.com/ingyamilmolinar/beatmo/internal/ui/drumview_save_instrument.go:129.2,129.45 1 1
github.com/ingyamilmolinar/beatmo/internal/ui/drumview_save_instrument.go:129.45,132.3 2 0
github.com/ingyamilmolinar/beatmo/internal/ui/drumview_save_instrument.go:133.2,133.20 1 1
github.com/ingyamilmolinar/beatmo/internal/ui/drumview_save_instrument.go:136.40,138.16 2 1
github.com/ingyamilmolinar/beatmo/internal/ui/drumview_save_instrument.go:138.16,140.3 1 0
github.com/ingyamilmolinar/beatmo/internal/ui/drumview_save_instrument.go:141.2,143.25 3 1
github.com/ingyamilmolinar/beatmo/internal/ui/drumview_save_instrument.go:143.25,144.10 1 1
github.com/ingyamilmolinar/beatmo/internal/ui/drumview_save_instrument.go:145.29,146.18 1 1
github.com/ingyamilmolinar/beatmo/internal/ui/drumview_save_instrument.go:147.29,148.18 1 0
github.com/ingyamilmolinar/beatmo/internal/ui/drumview_save_instrument.go:149.41,150.20 1 1
github.com/ingyamilmolinar/beatmo/internal/ui/drumview_save_instrument.go:153.2,154.34 2 1
github.com/ingyamilmolinar/beatmo/internal/ui/drumview_save_instrument.go:154.34,156.3 1 0
github.com/ingyamilmolinar/beatmo/internal/ui/drumview_save_instrument.go:157.2,157.12 1 1
github.com/ingyamilmolinar/beatmo/internal/ui/drumview_save_instrument.go:160.50,162.16 2 1
github.com/ingyamilmolinar/beatmo/internal/ui/drumview_save_instrument.go:162.16,164.3 1 0
github.com/ingyamilmolinar/beatmo/internal/ui/drumview_save_instrument.go:165.2,166.16 2 1
github.com/ingyamilmolinar/beatmo/internal/ui/drumview_save_instrument.go:166.16,168.3 1 0
github.com/ingyamilmolinar/beatmo/internal/ui/drumview_save_instrument.go:169.2,171.24 3 1
github.com/ingyamilmolinar/beatmo/internal/ui/drumview_save_instrument.go:171.24,173.3 1 0
github.com/ingyamilmolinar/beatmo/internal/ui/drumview_save_instrument.go:174.2,175.39 2 1
github.com/ingyamilmolinar/beatmo/internal/ui/drumview_save_instrument.go:175.39,177.3 1 1
github.com/ingyamilmolinar/beatmo/internal/ui/drumview_save_instrument.go:178.2,178.44 1 1
github.com/ingyamilmolinar/beatmo/internal/ui/drumview_subdiv_menu.go:8.39,12.25 4 1
github.com/ingyamilmolinar/beatmo/internal/ui/drumview_subdiv_menu.go:12.25,16.48 4 1
github.com/ingyamilmolinar/beatmo/internal/ui/drumview_subdiv_menu.go:16.48,17.32 1 0
github.com/ingyamilmolinar/beatmo/internal/ui/drumview_subdiv_menu.go:17.32,18.49 1 0
github.com/ingyamilmolinar/beatmo/internal/ui/drumview_subdiv_menu.go:18.49,20.6 1 0
github.com/ingyamilmolinar/beatmo/internal/ui/drumview_subdiv_menu.go:22.4,24.30 3 0
github.com/ingyamilmolinar/beatmo/internal/ui/drumview_subdiv_menu.go:26.3,28.53 3 1
github.com/ingyamilmolinar/beatmo/internal/ui/drumview_timeline_info.go:8.63,13.18 4 1
github.com/ingyamilmolinar/beatmo/internal/ui/drumview_timeline_info.go:13.18,15.3 1 1
github.com/ingyamilmolinar/beatmo/internal/ui/drumview_timeline_info.go:17.2,20.98 3 1
github.com/ingyamilmolinar/beatmo/internal/ui/drumview_timeline_info.go:24.22,25.12 1 1
github.com/ingyamilmolinar/beatmo/internal/ui/drumview_timeline_info.go:25.12,27.3 1 1
github.com/ingyamilmolinar/beatmo/internal/ui/drumview_timeline_info.go:28.2,28.10 1 1
github.com/ingyamilmolinar/beatmo/internal/ui/drumview_timeline_info.go:31.25,32.11 1 1
github.com/ingyamilmolinar/beatmo/internal/ui/drumview_timeline_info.go:32.11,34.3 1 0
github.com/ingyamilmolinar/beatmo/internal/ui/drumview_timeline_info.go:35.2,35.10 1 1
github.com/ingyamilmolinar/beatmo/internal/ui/drumview_toolbar.go:9.34,10.28 1 1
github.com/ingyamilmolinar/beatmo/internal/ui/drumview_toolbar.go:10.28,12.16 2 1
github.com/ingyamilmolinar/beatmo/internal/ui/drumview_toolbar.go:12.16,14.4 1 1
github.com/ingyamilmolinar/beatmo/internal/ui/drumview_toolbar.go:17.2,17.29 1 1
github.com/ingyamilmolinar/beatmo/internal/ui/drumview_toolbar.go:17.29,24.3 6 0
github.com/ingyamilmolinar/beatmo/internal/ui/drumview_toolbar.go:24.8,28.54 1 1
github.com/ingyamilmolinar/beatmo/internal/ui/drumview_toolbar.go:28.54,30.4 1 0
github.com/ingyamilmolinar/beatmo/internal/ui/drumview_toolbar.go:30.9,32.4 1 1
github.com/ingyamilmolinar/beatmo/internal/ui/drumview_toolbar.go:33.3,34.50 2 1
github.com/ingyamilmolinar/beatmo/internal/ui/drumview_toolbar.go:37.2,41.73 4 1
github.com/ingyamilmolinar/beatmo/internal/ui/drumview_toolbar.go:41.73,44.3 2 0
github.com/ingyamilmolinar/beatmo/internal/ui/drumview_toolbar.go:47.62,52.2 2 1
github.com/ingyamilmolinar/beatmo/internal/ui/drumview_toolbar.go:56.58,59.27 2 1
github.com/ingyamilmolinar/beatmo/internal/ui/drumview_toolbar.go:59.27,61.17 2 1
github.com/ingyamilmolinar/beatmo/internal/ui/drumview_toolbar.go:61.17,62.12 1 0
github.com/ingyamilmolinar/beatmo/internal/ui/drumview_toolbar.go:64.3,65.23 2 1
github.com/ingyamilmolinar/beatmo/internal/ui/drumview_toolbar.go:67.2,72.58 5 1
github.com/ingyamilmolinar/beatmo/internal/ui/drumview_toolbar.go:72.58,81.14 9 1
github.com/ingyamilmolinar/beatmo/internal/ui/drumview_toolbar.go:81.14,83.4 1 0
github.com/ingyamilmolinar/beatmo/internal/ui/drumview_toolbar.go:84.3,87.12 4 1
github.com/ingyamilmolinar/beatmo/internal/ui/drumview_transport.go:12.40,13.29 1 1
github.com/ingyamilmolinar/beatmo/internal/ui/drumview_transport.go:13.29,14.37 1 1
github.com/ingyamilmolinar/beatmo/internal/ui/drumview_transport.go:14.37,17.4 2 1
github.com/ingyamilmolinar/beatmo/internal/ui/drumview_transport.go:19.2,19.20 1 1
github.com/ingyamilmolinar/beatmo/internal/ui/drumview_transport.go:19.20,22.3 2 0
github.com/ingyamilmolinar/beatmo/internal/ui/drumview_transport.go:23.2,23.14 1 1
github.com/ingyamilmolinar/beatmo/internal/ui/drumview_transport.go:27.40,29.29 2 1
github.com/ingyamilmolinar/beatmo/internal/ui/drumview_transport.go:29.29,32.3 2 1
github.com/ingyamilmolinar/beatmo/internal/ui/drumview_transport.go:33.2,33.7 1 0
github.com/ingyamilmolinar/beatmo/internal/ui/drumview_transport.go:33.7,36.3 2 0
github.com/ingyamilmolinar/beatmo/internal/ui/drumview_transport.go:36.8,39.3 2 0
github.com/ingyamilmolinar/beatmo/internal/ui/drumview_transport.go:42.40,43.29 1 1
github.com/ingyamilmolinar/beatmo/internal/ui/drumview_transport.go:43.29,44.37 1 1
github.com/ingyamilmolinar/beatmo/internal/ui/drumview_transport.go:44.37,47.4 2 1
github.com/ingyamilmolinar/beatmo/internal/ui/drumview_transport.go:49.2,49.20 1 1
github.com/ingyamilmolinar/beatmo/internal/ui/drumview_transport.go:49.20,52.3 2 0
github.com/ingyamilmolinar/beatmo/internal/ui/drumview_transport.go:53.2,53.14 1 1
github.com/ingyamilmolinar/beatmo/internal/ui/drumview_transport.go:56.31,57.29 1 1
github.com/ingyamilmolinar/beatmo/internal/ui/drumview_transport.go:57.29,59.3 1 1
github.com/ingyamilmolinar/beatmo/internal/ui/drumview_transport.go:60.2,60.15 1 0
github.com/ingyamilmolinar/beatmo/internal/ui/drumview_transport.go:63.35,64.29 1 1
github.com/ingyamilmolinar/beatmo/internal/ui/drumview_transport.go:64.29,71.56 4 1
github.com/ingyamilmolinar/beatmo/internal/ui/drumview_transport.go:71.56,73.4 1 1
github.com/ingyamilmolinar/beatmo/internal/ui/drumview_transport.go:74.3,76.21 3 1
github.com/ingyamilmolinar/beatmo/internal/ui/drumview_transport.go:76.21,78.4 1 1
github.com/ingyamilmolinar/beatmo/internal/ui/drumview_transport.go:79.3,79.9 1 1
github.com/ingyamilmolinar/beatmo/internal/ui/drumview_transport.go:81.2,81.11 1 0
github.com/ingyamilmolinar/beatmo/internal/ui/drumview_transport.go:81.11,85.3 3 0
github.com/ingyamilmolinar/beatmo/internal/ui/drumview_transport.go:86.2,86.16 1 0
github.com/ingyamilmolinar/beatmo/internal/ui/drumview_transport.go:86.16,90.3 3 0
github.com/ingyamilmolinar/beatmo/internal/ui/drumview_transport.go:91.2,95.50 5 0
github.com/ingyamilmolinar/beatmo/internal/ui/drumview_transport.go:95.50,97.3 1 0
github.com/ingyamilmolinar/beatmo/internal/ui/drumview_transport.go:100.42,101.22 1 1
github.com/ingyamilmolinar/beatmo/internal/ui/drumview_transport.go:101.22,104.3 2 1
github.com/ingyamilmolinar/beatmo/internal/ui/drumview_transport.go:105.2,105.14 1 1
github.com/ingyamilmolinar/beatmo/internal/ui/drumview_transport.go:109.43,110.29 1 1
github.com/ingyamilmolinar/beatmo/internal/ui/drumview_transport.go:110.29,112.3 1 1
github.com/ingyamilmolinar/beatmo/internal/ui/drumview_transport.go:113.2,113.18 1 0
github.com/ingyamilmolinar/beatmo/internal/ui/drumview_transport.go:118.39,119.29 1 1
github.com/ingyamilmolinar/beatmo/internal/ui/drumview_transport.go:119.29,123.3 3 1
github.com/ingyamilmolinar/beatmo/internal/ui/drumview_transport.go:124.2,127.13 4 0
github.com/ingyamilmolinar/beatmo/internal/ui/drumview_transport.go:127.13,128.16 1 0
github.com/ingyamilmolinar/beatmo/internal/ui/drumview_transport.go:128.16,130.4 1 0
github.com/ingyamilmolinar/beatmo/internal/ui/drumview_transport.go:130.9,132.4 1 0
github.com/ingyamilmolinar/beatmo/internal/ui/drumview_transport.go:137.42,138.29 1 0
github.com/ingyamilmolinar/beatmo/internal/ui/drumview_transport.go:138.29,141.3 2 0
github.com/ingyamilmolinar/beatmo/internal/ui/drumview_transport.go:142.2,142.26 1 0
github.com/ingyamilmolinar/beatmo/internal/ui/drumview_transport.go:142.26,144.3 1 0
github.com/ingyamilmolinar/beatmo/internal/ui/drumview_transport.go:145.2,145.15 1 0
github.com/ingyamilmolinar/beatmo/internal/ui/drumview_transport.go:145.15,147.27 2 0
github.com/ingyamilmolinar/beatmo/internal/ui/drumview_transport.go:147.27,150.4 2 0
github.com/ingyamilmolinar/beatmo/internal/ui/drumview_transport.go:151.8,153.27 2 0
github.com/ingyamilmolinar/beatmo/internal/ui/drumview_transport.go:153.27,156.4 2 0
github.com/ingyamilmolinar/beatmo/internal/ui/drumview_transport.go:162.40,163.16 1 1
github.com/ingyamilmolinar/beatmo/internal/ui/drumview_transport.go:163.16,165.3 1 1
github.com/ingyamilmolinar/beatmo/internal/ui/drumview_transport.go:167.2,171.27 5 1
github.com/ingyamilmolinar/beatmo/internal/ui/drumview_transport.go:171.27,173.3 1 1
github.com/ingyamilmolinar/beatmo/internal/ui/drumview_transport.go:176.2,176.19 1 1
github.com/ingyamilmolinar/beatmo/internal/ui/drumview_transport.go:176.19,178.17 2 1
github.com/ingyamilmolinar/beatmo/internal/ui/drumview_transport.go:178.17,180.4 1 1
github.com/ingyamilmolinar/beatmo/internal/ui/drumview_transport.go:181.3,181.28 1 1
github.com/ingyamilmolinar/beatmo/internal/ui/drumview_transport.go:181.28,183.4 1 1
github.com/ingyamilmolinar/beatmo/internal/ui/drumview_transport.go:184.3,184.17 1 1
github.com/ingyamilmolinar/beatmo/internal/ui/drumview_transport.go:184.17,186.4 1 0
github.com/ingyamilmolinar/beatmo/internal/ui/drumview_transport.go:187.3,189.51 3 1
github.com/ingyamilmolinar/beatmo/internal/ui/drumview_transport.go:189.51,190.28 1 1
github.com/ingyamilmolinar/beatmo/internal/ui/drumview_transport.go:190.28,194.5 1 1
github.com/ingyamilmolinar/beatmo/internal/ui/drumview_transport.go:195.4,195.10 1 1
github.com/ingyamilmolinar/beatmo/internal/ui/drumview_transport.go:198.2,201.18 4 1
github.com/ingyamilmolinar/beatmo/internal/ui/drumview_transport.go:201.18,203.3 1 1
github.com/ingyamilmolinar/beatmo/internal/ui/drumview_transport.go:204.2,208.16 3 1
github.com/ingyamilmolinar/beatmo/internal/ui/drumview_transport.go:208.16,210.3 1 0
github.com/ingyamilmolinar/beatmo/internal/ui/drumview_transport.go:211.2,211.22 1 1
github.com/ingyamilmolinar/beatmo/internal/ui/drumview_transport.go:211.22,213.3 1 0
github.com/ingyamilmolinar/beatmo/internal/ui/drumview_transport.go:214.2,214.26 1 1
github.com/ingyamilmolinar/beatmo/internal/ui/drumview_transport.go:214.26,218.3 3 1
github.com/ingyamilmolinar/beatmo/internal/ui/drumview_transport.go:218.8,218.33 1 1
github.com/ingyamilmolinar/beatmo/internal/ui/drumview_transport.go:218.33,222.3 1 1
github.com/ingyamilmolinar/beatmo/internal/ui/drumview_transport.go:225.43,226.16 1 1
github.com/ingyamilmolinar/beatmo/internal/ui/drumview_transport.go:226.16,228.3 1 0
github.com/ingyamilmolinar/beatmo/internal/ui/drumview_transport.go:229.2,229.25 1 1
github.com/ingyamilmolinar/beatmo/internal/ui/drumview_transport.go:229.25,231.3 1 1
github.com/ingyamilmolinar/beatmo/internal/ui/drumview_transport.go:232.2,233.28 2 1
github.com/ingyamilmolinar/beatmo/internal/ui/drumview_transport.go:233.28,236.3 2 1
github.com/ingyamilmolinar/beatmo/internal/ui/drumview_transport.go:237.2,238.19 2 1
github.com/ingyamilmolinar/beatmo/internal/ui/drumview_transport.go:245.50,246.16 1 1
github.com/ingyamilmolinar/beatmo/internal/ui/drumview_transport.go:246.16,248.3 1 0
github.com/ingyamilmolinar/beatmo/internal/ui/drumview_transport.go:250.2,253.25 3 1
github.com/ingyamilmolinar/beatmo/internal/ui/drumview_transport.go:253.25,255.3 1 1
github.com/ingyamilmolinar/beatmo/internal/ui/drumview_transport.go:256.2,257.28 2 1
github.com/ingyamilmolinar/beatmo/internal/ui/drumview_transport.go:257.28,260.3 2 1
github.com/ingyamilmolinar/beatmo/internal/ui/drumview_transport.go:261.2,261.19 1 1
github.com/ingyamilmolinar/beatmo/internal/ui/drumview_transport.go:264.46,265.23 1 1
github.com/ingyamilmolinar/beatmo/internal/ui/drumview_transport.go:265.23,267.3 1 0
github.com/ingyamilmolinar/beatmo/internal/ui/drumview_transport.go:269.2,272.48 2 1
github.com/ingyamilmolinar/beatmo/internal/ui/drumview_transport.go:272.48,273.24 1 1
github.com/ingyamilmolinar/beatmo/internal/ui/drumview_transport.go:273.24,275.4 1 0
github.com/ingyamilmolinar/beatmo/internal/ui/drumview_transport.go:276.3,276.31 1 1
github.com/ingyamilmolinar/beatmo/internal/ui/drumview_transport.go:278.2,280.14 3 1
github.com/ingyamilmolinar/beatmo/internal/ui/drumview_transport.go:280.14,282.3 1 1
github.com/ingyamilmolinar/beatmo/internal/ui/drumview_transport.go:283.2,283.27 1 1
github.com/ingyamilmolinar/beatmo/internal/ui/drumview_transport.go:283.27,284.40 1 1
github.com/ingyamilmolinar/beatmo/internal/ui/drumview_transport.go:284.40,286.37 2 1
github.com/ingyamilmolinar/beatmo/internal/ui/drumview_transport.go:286.37,288.5 1 1
github.com/ingyamilmolinar/beatmo/internal/ui/drumview_transport.go:289.4,289.43 1 1
github.com/ingyamilmolinar/beatmo/internal/ui/drumview_transport.go:292.2,294.37 2 1
github.com/ingyamilmolinar/beatmo/internal/ui/drumview_transport.go:294.37,296.35 2 1
github.com/ingyamilmolinar/beatmo/internal/ui/drumview_transport.go:296.35,298.4 1 1
github.com/ingyamilmolinar/beatmo/internal/ui/drumview_transport.go:298.9,300.4 1 1
github.com/ingyamilmolinar/beatmo/internal/ui/drumview_transport.go:305.2,308.19 3 1
github.com/ingyamilmolinar/beatmo/internal/ui/drumview_transport.go:311.46,315.26 3 1
github.com/ingyamilmolinar/beatmo/internal/ui/drumview_transport.go:315.26,316.81 1 1
github.com/ingyamilmolinar/beatmo/internal/ui/drumview_transport.go:316.81,319.4 2 0
github.com/ingyamilmolinar/beatmo/internal/ui/drumview_transport.go:323.39,324.51 1 1
github.com/ingyamilmolinar/beatmo/internal/ui/drumview_transport.go:324.51,326.3 1 0
github.com/ingyamilmolinar/beatmo/internal/ui/drumview_transport.go:327.2,328.36 2 1
github.com/ingyamilmolinar/beatmo/internal/ui/drumview_transport.go:328.36,329.16 1 1
github.com/ingyamilmolinar/beatmo/internal/ui/drumview_transport.go:329.16,333.4 3 1
github.com/ingyamilmolinar/beatmo/internal/ui/drumview_transport.go:337.51,338.14 1 1
github.com/ingyamilmolinar/beatmo/internal/ui/drumview_transport.go:338.14,347.3 8 0
github.com/ingyamilmolinar/beatmo/internal/ui/drumview_transport.go:348.2,350.37 3 1
github.com/ingyamilmolinar/beatmo/internal/ui/drumview_transport.go:350.37,351.33 1 1
github.com/ingyamilmolinar/beatmo/internal/ui/drumview_transport.go:351.33,354.9 3 1
github.com/ingyamilmolinar/beatmo/internal/ui/drumview_transport.go:358.2,358.70 1 1
github.com/ingyamilmolinar/beatmo/internal/ui/drumview_transport.go:358.70,359.27 1 1
github.com/ingyamilmolinar/beatmo/internal/ui/drumview_transport.go:359.27,361.4 1 0
github.com/ingyamilmolinar/beatmo/internal/ui/drumview_transport.go:362.3,364.26 3 1
github.com/ingyamilmolinar/beatmo/internal/ui/drumview_transport.go:364.26,366.4 1 0
github.com/ingyamilmolinar/beatmo/internal/ui/drumview_transport.go:367.3,367.14 1 1
github.com/ingyamilmolinar/beatmo/internal/ui/drumview_transport.go:367.14,368.29 1 1
github.com/ingyamilmolinar/beatmo/internal/ui/drumview_transport.go:368.29,369.64 1 1
github.com/ingyamilmolinar/beatmo/internal/ui/drumview_transport.go:369.64,372.6 2 1
github.com/ingyamilmolinar/beatmo/internal/ui/drumview_transport.go:374.4,374.59 1 1
github.com/ingyamilmolinar/beatmo/internal/ui/drumview_transport.go:375.9,377.4 1 1
github.com/ingyamilmolinar/beatmo/internal/ui/drumview_transport.go:378.3,378.87 1 1
github.com/ingyamilmolinar/beatmo/internal/ui/drumview_transport.go:379.8,382.3 2 0
github.com/ingyamilmolinar/beatmo/internal/ui/drumview_transport.go:383.2,387.24 5 1
github.com/ingyamilmolinar/beatmo/internal/ui/drumview_tree.go:68.38,75.2 2 1
github.com/ingyamilmolinar/beatmo/internal/ui/drumview_tree.go:78.57,82.2 3 1
github.com/ingyamilmolinar/beatmo/internal/ui/drumview_tree.go:86.66,87.32 1 1
github.com/ingyamilmolinar/beatmo/internal/ui/drumview_tree.go:87.32,89.3 1 1
github.com/ingyamilmolinar/beatmo/internal/ui/drumview_tree.go:93.53,96.2 2 1
github.com/ingyamilmolinar/beatmo/internal/ui/drumview_tree.go:99.48,101.2 1 1
github.com/ingyamilmolinar/beatmo/internal/ui/drumview_tree.go:104.48,106.2 1 1
github.com/ingyamilmolinar/beatmo/internal/ui/drumview_tree.go:109.48,111.2 1 1
github.com/ingyamilmolinar/beatmo/internal/ui/drumview_tree.go:119.33,124.25 3 1
github.com/ingyamilmolinar/beatmo/internal/ui/drumview_tree.go:124.25,126.51 2 1
github.com/ingyamilmolinar/beatmo/internal/ui/drumview_tree.go:126.51,130.4 3 1
github.com/ingyamilmolinar/beatmo/internal/ui/drumview_tree.go:134.2,134.25 1 1
github.com/ingyamilmolinar/beatmo/internal/ui/drumview_tree.go:134.25,136.3 1 1
github.com/ingyamilmolinar/beatmo/internal/ui/drumview_tree.go:141.2,141.41 1 1
github.com/ingyamilmolinar/beatmo/internal/ui/drumview_tree.go:141.41,142.64 1 1
github.com/ingyamilmolinar/beatmo/internal/ui/drumview_tree.go:142.64,143.27 1 1
github.com/ingyamilmolinar/beatmo/internal/ui/drumview_tree.go:143.27,145.5 1 1
github.com/ingyamilmolinar/beatmo/internal/ui/drumview_tree.go:145.10,145.43 1 1
github.com/ingyamilmolinar/beatmo/internal/ui/drumview_tree.go:145.43,147.5 1 1
github.com/ingyamilmolinar/beatmo/internal/ui/drumview_tree.go:152.2,152.40 1 1
github.com/ingyamilmolinar/beatmo/internal/ui/drumview_tree.go:152.40,153.42 1 1
github.com/ingyamilmolinar/beatmo/internal/ui/drumview_tree.go:153.42,154.30 1 1
github.com/ingyamilmolinar/beatmo/internal/ui/drumview_tree.go:154.30,156.5 1 1
github.com/ingyamilmolinar/beatmo/internal/ui/drumview_tree.go:156.10,156.42 1 1
github.com/ingyamilmolinar/beatmo/internal/ui/drumview_tree.go:156.42,158.5 1 1
github.com/ingyamilmolinar/beatmo/internal/ui/drumview_tree.go:163.2,175.41 4 1
github.com/ingyamilmolinar/beatmo/internal/ui/drumview_tree.go:179.51,181.25 1 1
github.com/ingyamilmolinar/beatmo/internal/ui/drumview_tree.go:181.25,183.3 1 1
github.com/ingyamilmolinar/beatmo/internal/ui/drumview_tree.go:185.2,185.23 1 1
github.com/ingyamilmolinar/beatmo/internal/ui/drumview_tree.go:189.38,198.33 3 1
github.com/ingyamilmolinar/beatmo/internal/ui/drumview_tree.go:198.33,200.3 1 1
github.com/ingyamilmolinar/beatmo/internal/ui/drumview_tree.go:203.2,203.30 1 1
github.com/ingyamilmolinar/beatmo/internal/ui/drumview_tree.go:203.30,204.31 1 1
github.com/ingyamilmolinar/beatmo/internal/ui/drumview_tree.go:204.31,209.4 4 1
github.com/ingyamilmolinar/beatmo/internal/ui/drumview_tree.go:210.3,212.9 3 1
github.com/ingyamilmolinar/beatmo/internal/ui/drumview_tree.go:216.2,216.41 1 1
github.com/ingyamilmolinar/beatmo/internal/ui/drumview_tree.go:216.41,227.3 6 1
github.com/ingyamilmolinar/beatmo/internal/ui/drumview_tree.go:230.2,230.30 1 1
github.com/ingyamilmolinar/beatmo/internal/ui/drumview_tree.go:230.30,233.17 2 1
github.com/ingyamilmolinar/beatmo/internal/ui/drumview_tree.go:233.17,235.4 1 0
github.com/ingyamilmolinar/beatmo/internal/ui/drumview_tree.go:238.3,238.44 1 1
github.com/ingyamilmolinar/beatmo/internal/ui/drumview_tree.go:238.44,240.4 1 1
github.com/ingyamilmolinar/beatmo/internal/ui/drumview_tree.go:242.3,243.21 2 1
github.com/ingyamilmolinar/beatmo/internal/ui/drumview_tree.go:243.21,245.25 1 1
github.com/ingyamilmolinar/beatmo/internal/ui/drumview_tree.go:245.25,248.5 2 1
github.com/ingyamilmolinar/beatmo/internal/ui/drumview_tree.go:249.4,249.10 1 1
github.com/ingyamilmolinar/beatmo/internal/ui/drumview_tree.go:253.3,254.25 2 1
github.com/ingyamilmolinar/beatmo/internal/ui/drumview_tree.go:254.25,256.4 1 0
github.com/ingyamilmolinar/beatmo/internal/ui/drumview_tree.go:260.3,260.52 1 1
github.com/ingyamilmolinar/beatmo/internal/ui/drumview_tree.go:260.52,264.4 3 1
github.com/ingyamilmolinar/beatmo/internal/ui/drumview_tree.go:269.3,277.58 5 1
github.com/ingyamilmolinar/beatmo/internal/ui/drumview_tree.go:277.58,279.4 1 1
github.com/ingyamilmolinar/beatmo/internal/ui/drumview_tree.go:281.3,281.17 1 1
github.com/ingyamilmolinar/beatmo/internal/ui/drumview_tree.go:282.22,286.25 4 1
github.com/ingyamilmolinar/beatmo/internal/ui/drumview_tree.go:287.22,290.25 2 1
github.com/ingyamilmolinar/beatmo/internal/ui/drumview_tree.go:292.3,292.9 1 1
github.com/ingyamilmolinar/beatmo/internal/ui/drumview_tree.go:296.2,296.57 1 1
github.com/ingyamilmolinar/beatmo/internal/ui/drumview_tree.go:296.57,300.3 3 1
github.com/ingyamilmolinar/beatmo/internal/ui/drumview_tree.go:303.2,306.28 3 1
github.com/ingyamilmolinar/beatmo/internal/ui/drumview_tree.go:306.28,308.4 1 0
github.com/ingyamilmolinar/beatmo/internal/ui/drumview_tree.go:309.3,309.17 1 1
github.com/ingyamilmolinar/beatmo/internal/ui/drumview_tree.go:309.17,311.27 2 1
github.com/ingyamilmolinar/beatmo/internal/ui/drumview_tree.go:311.27,312.25 1 1
github.com/ingyamilmolinar/beatmo/internal/ui/drumview_tree.go:312.25,313.14 1 0
github.com/ingyamilmolinar/beatmo/internal/ui/drumview_tree.go:315.5,315.57 1 1
github.com/ingyamilmolinar/beatmo/internal/ui/drumview_tree.go:315.57,317.11 2 1
github.com/ingyamilmolinar/beatmo/internal/ui/drumview_tree.go:324.2,324.25 1 1
github.com/ingyamilmolinar/beatmo/internal/ui/drumview_tree.go:324.25,325.44 1 1
github.com/ingyamilmolinar/beatmo/internal/ui/drumview_tree.go:325.44,327.33 1 1
github.com/ingyamilmolinar/beatmo/internal/ui/drumview_tree.go:327.33,328.24 1 1
github.com/ingyamilmolinar/beatmo/internal/ui/drumview_tree.go:328.24,330.6 1 1
github.com/ingyamilmolinar/beatmo/internal/ui/drumview_tree.go:332.4,333.22 2 1
github.com/ingyamilmolinar/beatmo/internal/ui/drumview_tree.go:333.22,335.5 1 1
github.com/ingyamilmolinar/beatmo/internal/ui/drumview_tree.go:349.40,351.2 1 1
github.com/ingyamilmolinar/beatmo/internal/ui/drumview_tree.go:354.45,356.2 1 1
github.com/ingyamilmolinar/beatmo/internal/ui/drumview_tree.go:359.41,361.2 1 1
github.com/ingyamilmolinar/beatmo/internal/ui/drumview_tree.go:364.44,366.2 1 1
github.com/ingyamilmolinar/beatmo/internal/ui/drumview_tree.go:369.44,371.2 1 1
github.com/ingyamilmolinar/beatmo/internal/ui/drumview_tree.go:374.54,376.2 1 1
github.com/ingyamilmolinar/beatmo/internal/ui/drumview_update.go:10.30,11.23 1 1
github.com/ingyamilmolinar/beatmo/internal/ui/drumview_update.go:11.23,13.3 1 1
github.com/ingyamilmolinar/beatmo/internal/ui/drumview_update.go:15.2,20.29 3 1
github.com/ingyamilmolinar/beatmo/internal/ui/drumview_update.go:20.29,21.47 1 1
github.com/ingyamilmolinar/beatmo/internal/ui/drumview_update.go:21.47,23.4 1 1
github.com/ingyamilmolinar/beatmo/internal/ui/drumview_update.go:24.3,24.23 1 1
github.com/ingyamilmolinar/beatmo/internal/ui/drumview_update.go:24.23,27.4 2 1
github.com/ingyamilmolinar/beatmo/internal/ui/drumview_update.go:35.2,36.16 2 1
github.com/ingyamilmolinar/beatmo/internal/ui/drumview_update.go:36.16,39.3 2 1
github.com/ingyamilmolinar/beatmo/internal/ui/drumview_update.go:43.2,43.20 1 1
github.com/ingyamilmolinar/beatmo/internal/ui/drumview_update.go:43.20,50.28 3 1
github.com/ingyamilmolinar/beatmo/internal/ui/drumview_update.go:50.28,52.4 1 1
github.com/ingyamilmolinar/beatmo/internal/ui/drumview_update.go:54.3,54.30 1 1
github.com/ingyamilmolinar/beatmo/internal/ui/drumview_update.go:54.30,60.4 5 1
github.com/ingyamilmolinar/beatmo/internal/ui/drumview_update.go:64.3,64.28 1 1
github.com/ingyamilmolinar/beatmo/internal/ui/drumview_update.go:64.28,65.28 1 1
github.com/ingyamilmolinar/beatmo/internal/ui/drumview_update.go:65.28,68.5 2 1
github.com/ingyamilmolinar/beatmo/internal/ui/drumview_update.go:68.10,70.5 1 1
github.com/ingyamilmolinar/beatmo/internal/ui/drumview_update.go:75.2,75.18 1 1
github.com/ingyamilmolinar/beatmo/internal/ui/drumview_update.go:75.18,76.10 1 1
github.com/ingyamilmolinar/beatmo/internal/ui/drumview_update.go:77.29,79.35 2 1
github.com/ingyamilmolinar/beatmo/internal/ui/drumview_update.go:79.35,81.5 1 1
github.com/ingyamilmolinar/beatmo/internal/ui/drumview_update.go:82.4,82.22 1 1
github.com/ingyamilmolinar/beatmo/internal/ui/drumview_update.go:82.22,85.5 2 0
github.com/ingyamilmolinar/beatmo/internal/ui/drumview_update.go:85.10,85.33 1 1
github.com/ingyamilmolinar/beatmo/internal/ui/drumview_update.go:85.33,87.5 1 1
github.com/ingyamilmolinar/beatmo/internal/ui/drumview_update.go:87.10,87.33 1 1
github.com/ingyamilmolinar/beatmo/internal/ui/drumview_update.go:87.33,92.49 1 1
github.com/ingyamilmolinar/beatmo/internal/ui/drumview_update.go:92.49,95.6 2 1
github.com/ingyamilmolinar/beatmo/internal/ui/drumview_update.go:99.11,99.11 0 1
github.com/ingyamilmolinar/beatmo/internal/ui/drumview_update.go:103.3,103.93 1 1
github.com/ingyamilmolinar/beatmo/internal/ui/drumview_update.go:103.93,105.35 2 1
github.com/ingyamilmolinar/beatmo/internal/ui/drumview_update.go:105.35,107.5 1 1
github.com/ingyamilmolinar/beatmo/internal/ui/drumview_update.go:108.4,108.37 1 1
github.com/ingyamilmolinar/beatmo/internal/ui/drumview_update.go:113.2,113.60 1 1
github.com/ingyamilmolinar/beatmo/internal/ui/drumview_update.go:113.60,117.21 3 0
github.com/ingyamilmolinar/beatmo/internal/ui/drumview_update.go:117.21,120.4 2 0
github.com/ingyamilmolinar/beatmo/internal/ui/drumview_update.go:120.9,120.47 1 0
github.com/ingyamilmolinar/beatmo/internal/ui/drumview_update.go:120.47,124.4 2 0
github.com/ingyamilmolinar/beatmo/internal/ui/drumview_update.go:127.2,127.18 1 1
github.com/ingyamilmolinar/beatmo/internal/ui/drumview_update.go:127.18,128.10 1 1
github.com/ingyamilmolinar/beatmo/internal/ui/drumview_update.go:129.29,132.22 3 1
github.com/ingyamilmolinar/beatmo/internal/ui/drumview_update.go:132.22,135.5 2 1
github.com/ingyamilmolinar/beatmo/internal/ui/drumview_update.go:135.10,144.39 8 1
github.com/ingyamilmolinar/beatmo/internal/ui/drumview_update.go:144.39,144.67 1 1
github.com/ingyamilmolinar/beatmo/internal/ui/drumview_update.go:145.5,145.37 1 1
github.com/ingyamilmolinar/beatmo/internal/ui/drumview_update.go:145.37,145.59 1 0
github.com/ingyamilmolinar/beatmo/internal/ui/drumview_update.go:146.5,148.47 3 1
github.com/ingyamilmolinar/beatmo/internal/ui/drumview_update.go:150.3,151.8 1 1
github.com/ingyamilmolinar/beatmo/internal/ui/drumview_update.go:151.8,152.12 1 1
github.com/ingyamilmolinar/beatmo/internal/ui/drumview_update.go:153.33,154.103 1 0
github.com/ingyamilmolinar/beatmo/internal/ui/drumview_update.go:155.13,156.23 1 1
github.com/ingyamilmolinar/beatmo/internal/ui/drumview_update.go:159.11,159.11 0 1
github.com/ingyamilmolinar/beatmo/internal/ui/drumview_update.go:175.2,175.22 1 1
github.com/ingyamilmolinar/beatmo/internal/ui/drumview_update.go:175.22,180.3 4 1
github.com/ingyamilmolinar/beatmo/internal/ui/drumview_update.go:181.2,181.22 1 1
github.com/ingyamilmolinar/beatmo/internal/ui/drumview_update.go:181.22,186.3 4 1
github.com/ingyamilmolinar/beatmo/internal/ui/drumview_update.go:188.2,198.49 4 1
github.com/ingyamilmolinar/beatmo/internal/ui/drumview_update.go:198.49,200.3 1 1
github.com/ingyamilmolinar/beatmo/internal/ui/drumview_update.go:201.2,201.42 1 1
github.com/ingyamilmolinar/beatmo/internal/ui/drumview_update.go:201.42,203.3 1 1
github.com/ingyamilmolinar/beatmo/internal/ui/drumview_update.go:205.2,209.27 2 1
github.com/ingyamilmolinar/beatmo/internal/ui/drumview_update.go:209.27,212.3 2 1
github.com/ingyamilmolinar/beatmo/internal/ui/drumview_update.go:213.2,213.21 1 1
github.com/ingyamilmolinar/beatmo/internal/ui/drumview_update.go:213.21,217.26 4 1
github.com/ingyamilmolinar/beatmo/internal/ui/drumview_update.go:217.26,225.64 4 1
github.com/ingyamilmolinar/beatmo/internal/ui/drumview_update.go:225.64,227.47 2 1
github.com/ingyamilmolinar/beatmo/internal/ui/drumview_update.go:227.47,229.6 1 0
github.com/ingyamilmolinar/beatmo/internal/ui/drumview_update.go:233.4,233.33 1 1
github.com/ingyamilmolinar/beatmo/internal/ui/drumview_update.go:233.33,234.13 1 0
github.com/ingyamilmolinar/beatmo/internal/ui/drumview_update.go:234.13,235.41 1 0
github.com/ingyamilmolinar/beatmo/internal/ui/drumview_update.go:235.41,237.7 1 0
github.com/ingyamilmolinar/beatmo/internal/ui/drumview_update.go:238.11,240.6 1 0
github.com/ingyamilmolinar/beatmo/internal/ui/drumview_update.go:241.10,241.95 1 1
github.com/ingyamilmolinar/beatmo/internal/ui/drumview_update.go:241.95,243.5 1 0
github.com/ingyamilmolinar/beatmo/internal/ui/drumview_update.go:246.4,246.34 1 1
github.com/ingyamilmolinar/beatmo/internal/ui/drumview_update.go:246.34,248.203 2 1
github.com/ingyamilmolinar/beatmo/internal/ui/drumview_update.go:248.203,250.6 1 1
github.com/ingyamilmolinar/beatmo/internal/ui/drumview_update.go:250.11,250.78 1 1
github.com/ingyamilmolinar/beatmo/internal/ui/drumview_update.go:250.78,251.48 1 0
github.com/ingyamilmolinar/beatmo/internal/ui/drumview_update.go:251.48,253.7 1 0
github.com/ingyamilmolinar/beatmo/internal/ui/drumview_update.go:254.11,254.53 1 1
github.com/ingyamilmolinar/beatmo/internal/ui/drumview_update.go:254.53,256.6 1 1
github.com/ingyamilmolinar/beatmo/internal/ui/drumview_update.go:261.3,261.35 1 1
github.com/ingyamilmolinar/beatmo/internal/ui/drumview_update.go:261.35,262.39 1 0
github.com/ingyamilmolinar/beatmo/internal/ui/drumview_update.go:262.39,264.40 2 0
github.com/ingyamilmolinar/beatmo/internal/ui/drumview_update.go:264.40,266.6 1 0
github.com/ingyamilmolinar/beatmo/internal/ui/drumview_update.go:267.10,269.5 1 0
github.com/ingyamilmolinar/beatmo/internal/ui/drumview_volume_popup.go:8.49,9.42 1 1
github.com/ingyamilmolinar/beatmo/internal/ui/drumview_volume_popup.go:9.42,11.3 1 1
github.com/ingyamilmolinar/beatmo/internal/ui/drumview_volume_popup.go:12.2,15.38 3 1
github.com/ingyamilmolinar/beatmo/internal/ui/drumview_volume_popup.go:15.38,17.3 1 1
github.com/ingyamilmolinar/beatmo/internal/ui/drumview_volume_popup.go:18.2,18.22 1 1
github.com/ingyamilmolinar/beatmo/internal/ui/drumview_volume_popup.go:18.22,20.3 1 0
github.com/ingyamilmolinar/beatmo/internal/ui/drumview_volume_popup.go:22.2,24.25 3 1
github.com/ingyamilmolinar/beatmo/internal/ui/drumview_volume_popup.go:27.40,30.2 2 1
github.com/ingyamilmolinar/beatmo/internal/ui/drumview_volume_popup.go:35.45,38.22 3 1
github.com/ingyamilmolinar/beatmo/internal/ui/drumview_volume_popup.go:38.22,40.3 1 0
github.com/ingyamilmolinar/beatmo/internal/ui/drumview_volume_popup.go:41.2,42.31 2 1
github.com/ingyamilmolinar/beatmo/internal/ui/drumview_volume_popup.go:45.46,48.2 2 1
github.com/ingyamilmolinar/beatmo/internal/ui/dv_overlay_portal.go:23.36,24.23 1 1
github.com/ingyamilmolinar/beatmo/internal/ui/dv_overlay_portal.go:24.23,26.3 1 1
github.com/ingyamilmolinar/beatmo/internal/ui/dv_overlay_portal.go:29.73,31.2 0 1
github.com/ingyamilmolinar/beatmo/internal/ui/dv_overlay_portal.go:33.48,35.15 2 1
github.com/ingyamilmolinar/beatmo/internal/ui/dv_overlay_portal.go:35.15,37.3 1 1
github.com/ingyamilmolinar/beatmo/internal/ui/dv_overlay_portal.go:38.2,40.3 1 1
github.com/ingyamilmolinar/beatmo/internal/ui/dv_overlay_portal.go:43.54,44.21 1 1
github.com/ingyamilmolinar/beatmo/internal/ui/dv_overlay_portal.go:44.21,46.3 1 1
github.com/ingyamilmolinar/beatmo/internal/ui/dv_overlay_portal.go:49.46,51.2 1 1
github.com/ingyamilmolinar/beatmo/internal/ui/dv_overlay_portal.go:58.61,60.28 2 1
github.com/ingyamilmolinar/beatmo/internal/ui/dv_overlay_portal.go:60.28,62.3 1 0
github.com/ingyamilmolinar/beatmo/internal/ui/dv_overlay_portal.go:63.2,63.15 1 1
github.com/ingyamilmolinar/beatmo/internal/ui/dv_overlay_portal.go:66.48,68.2 1 1
github.com/ingyamilmolinar/beatmo/internal/ui/dv_overlay_portal.go:70.51,72.2 1 1
github.com/ingyamilmolinar/beatmo/internal/ui/dv_overlay_portal.go:74.68,75.30 1 1
github.com/ingyamilmolinar/beatmo/internal/ui/dv_overlay_portal.go:75.30,77.3 1 1
github.com/ingyamilmolinar/beatmo/internal/ui/dv_overlay_portal.go:78.2,78.22 1 0
github.com/ingyamilmolinar/beatmo/internal/ui/eq_panel_zone.go:94.50,108.2 4 1
github.com/ingyamilmolinar/beatmo/internal/ui/eq_panel_zone.go:110.37,111.60 1 1
github.com/ingyamilmolinar/beatmo/internal/ui/eq_panel_zone.go:111.60,113.21 2 1
github.com/ingyamilmolinar/beatmo/internal/ui/eq_panel_zone.go:113.21,115.4 1 1
github.com/ingyamilmolinar/beatmo/internal/ui/eq_panel_zone.go:115.9,117.4 1 1
github.com/ingyamilmolinar/beatmo/internal/ui/eq_panel_zone.go:120.2,120.63 1 1
github.com/ingyamilmolinar/beatmo/internal/ui/eq_panel_zone.go:120.63,121.20 1 1
github.com/ingyamilmolinar/beatmo/internal/ui/eq_panel_zone.go:121.20,123.23 2 1
github.com/ingyamilmolinar/beatmo/internal/ui/eq_panel_zone.go:123.23,125.5 1 1
github.com/ingyamilmolinar/beatmo/internal/ui/eq_panel_zone.go:126.9,129.4 2 1
github.com/ingyamilmolinar/beatmo/internal/ui/eq_panel_zone.go:132.2,132.53 1 1
github.com/ingyamilmolinar/beatmo/internal/ui/eq_panel_zone.go:132.53,133.37 1 1
github.com/ingyamilmolinar/beatmo/internal/ui/eq_panel_zone.go:133.37,135.4 1 1
github.com/ingyamilmolinar/beatmo/internal/ui/eq_panel_zone.go:138.2,138.53 1 1
github.com/ingyamilmolinar/beatmo/internal/ui/eq_panel_zone.go:138.53,139.37 1 1
github.com/ingyamilmolinar/beatmo/internal/ui/eq_panel_zone.go:139.37,141.4 1 1
github.com/ingyamilmolinar/beatmo/internal/ui/eq_panel_zone.go:145.2,146.30 2 1
github.com/ingyamilmolinar/beatmo/internal/ui/eq_panel_zone.go:146.30,148.62 2 1
github.com/ingyamilmolinar/beatmo/internal/ui/eq_panel_zone.go:148.62,149.39 1 1
github.com/ingyamilmolinar/beatmo/internal/ui/eq_panel_zone.go:149.39,151.5 1 1
github.com/ingyamilmolinar/beatmo/internal/ui/eq_panel_zone.go:156.2,156.26 1 1
github.com/ingyamilmolinar/beatmo/internal/ui/eq_panel_zone.go:156.26,161.33 5 1
github.com/ingyamilmolinar/beatmo/internal/ui/eq_panel_zone.go:161.33,163.4 1 0
github.com/ingyamilmolinar/beatmo/internal/ui/eq_panel_zone.go:164.3,165.23 2 1
github.com/ingyamilmolinar/beatmo/internal/ui/eq_panel_zone.go:171.35,171.56 1 1
github.com/ingyamilmolinar/beatmo/internal/ui/eq_panel_zone.go:173.42,173.65 1 1
github.com/ingyamilmolinar/beatmo/internal/ui/eq_panel_zone.go:175.36,175.59 1 1
github.com/ingyamilmolinar/beatmo/internal/ui/eq_panel_zone.go:177.52,183.2 5 1
github.com/ingyamilmolinar/beatmo/internal/ui/eq_panel_zone.go:185.32,187.2 1 1
github.com/ingyamilmolinar/beatmo/internal/ui/eq_panel_zone.go:189.44,191.2 1 1
github.com/ingyamilmolinar/beatmo/internal/ui/eq_panel_zone.go:193.50,194.40 1 1
github.com/ingyamilmolinar/beatmo/internal/ui/eq_panel_zone.go:194.40,196.3 1 1
github.com/ingyamilmolinar/beatmo/internal/ui/eq_panel_zone.go:197.2,200.27 2 1
github.com/ingyamilmolinar/beatmo/internal/ui/eq_panel_zone.go:200.27,202.3 1 1
github.com/ingyamilmolinar/beatmo/internal/ui/eq_panel_zone.go:203.2,203.26 1 1
github.com/ingyamilmolinar/beatmo/internal/ui/eq_panel_zone.go:203.26,205.3 1 1
github.com/ingyamilmolinar/beatmo/internal/ui/eq_panel_zone.go:206.2,206.21 1 1
github.com/ingyamilmolinar/beatmo/internal/ui/eq_panel_zone.go:206.21,208.3 1 1
github.com/ingyamilmolinar/beatmo/internal/ui/eq_panel_zone.go:209.2,209.21 1 1
github.com/ingyamilmolinar/beatmo/internal/ui/eq_panel_zone.go:209.21,211.3 1 1
github.com/ingyamilmolinar/beatmo/internal/ui/eq_panel_zone.go:213.2,213.20 1 1
github.com/ingyamilmolinar/beatmo/internal/ui/eq_panel_zone.go:213.20,214.38 1 0
github.com/ingyamilmolinar/beatmo/internal/ui/eq_panel_zone.go:214.38,216.4 1 0
github.com/ingyamilmolinar/beatmo/internal/ui/eq_panel_zone.go:217.3,218.9 2 0
github.com/ingyamilmolinar/beatmo/internal/ui/eq_panel_zone.go:222.2,222.23 1 1
github.com/ingyamilmolinar/beatmo/internal/ui/eq_panel_zone.go:222.23,224.3 1 1
github.com/ingyamilmolinar/beatmo/internal/ui/eq_panel_zone.go:225.2,227.50 2 1
github.com/ingyamilmolinar/beatmo/internal/ui/eq_panel_zone.go:230.59,231.27 1 1
github.com/ingyamilmolinar/beatmo/internal/ui/eq_panel_zone.go:231.27,232.12 1 1
github.com/ingyamilmolinar/beatmo/internal/ui/eq_panel_zone.go:233.24,235.24 2 1
github.com/ingyamilmolinar/beatmo/internal/ui/eq_panel_zone.go:236.25,238.17 2 1
github.com/ingyamilmolinar/beatmo/internal/ui/eq_panel_zone.go:238.17,241.5 2 1
github.com/ingyamilmolinar/beatmo/internal/ui/eq_panel_zone.go:242.4,243.24 2 1
github.com/ingyamilmolinar/beatmo/internal/ui/eq_panel_zone.go:246.2,246.21 1 1
github.com/ingyamilmolinar/beatmo/internal/ui/eq_panel_zone.go:249.57,250.27 1 1
github.com/ingyamilmolinar/beatmo/internal/ui/eq_panel_zone.go:250.27,252.3 1 0
github.com/ingyamilmolinar/beatmo/internal/ui/eq_panel_zone.go:253.2,253.21 1 1
github.com/ingyamilmolinar/beatmo/internal/ui/eq_panel_zone.go:257.43,257.68 1 1
github.com/ingyamilmolinar/beatmo/internal/ui/eq_panel_zone.go:260.47,262.26 2 1
github.com/ingyamilmolinar/beatmo/internal/ui/eq_panel_zone.go:262.26,263.21 1 1
github.com/ingyamilmolinar/beatmo/internal/ui/eq_panel_zone.go:263.21,265.4 1 1
github.com/ingyamilmolinar/beatmo/internal/ui/eq_panel_zone.go:265.9,267.4 1 1
github.com/ingyamilmolinar/beatmo/internal/ui/eq_panel_zone.go:272.51,272.67 1 1
github.com/ingyamilmolinar/beatmo/internal/ui/eq_panel_zone.go:277.68,278.31 1 1
github.com/ingyamilmolinar/beatmo/internal/ui/eq_panel_zone.go:278.31,279.21 1 1
github.com/ingyamilmolinar/beatmo/internal/ui/eq_panel_zone.go:279.21,281.4 1 1
github.com/ingyamilmolinar/beatmo/internal/ui/eq_panel_zone.go:281.9,283.4 1 0
github.com/ingyamilmolinar/beatmo/internal/ui/eq_panel_zone.go:285.2,285.29 1 1
github.com/ingyamilmolinar/beatmo/internal/ui/eq_panel_zone.go:285.29,286.21 1 1
github.com/ingyamilmolinar/beatmo/internal/ui/eq_panel_zone.go:286.21,288.4 1 1
github.com/ingyamilmolinar/beatmo/internal/ui/eq_panel_zone.go:288.9,290.4 1 1
github.com/ingyamilmolinar/beatmo/internal/ui/eq_panel_zone.go:292.2,294.25 3 1
github.com/ingyamilmolinar/beatmo/internal/ui/eq_panel_zone.go:298.46,299.27 1 1
github.com/ingyamilmolinar/beatmo/internal/ui/eq_panel_zone.go:299.27,301.3 1 1
github.com/ingyamilmolinar/beatmo/internal/ui/eq_panel_zone.go:302.2,302.24 1 1
github.com/ingyamilmolinar/beatmo/internal/ui/eq_panel_zone.go:306.50,308.2 1 1
github.com/ingyamilmolinar/beatmo/internal/ui/eq_panel_zone.go:312.39,316.21 4 1
github.com/ingyamilmolinar/beatmo/internal/ui/eq_panel_zone.go:316.21,318.3 1 1
github.com/ingyamilmolinar/beatmo/internal/ui/eq_panel_zone.go:321.2,322.28 2 1
github.com/ingyamilmolinar/beatmo/internal/ui/eq_panel_zone.go:322.28,324.3 1 1
github.com/ingyamilmolinar/beatmo/internal/ui/eq_panel_zone.go:325.2,337.80 9 1
github.com/ingyamilmolinar/beatmo/internal/ui/eq_panel_zone.go:340.47,342.15 2 1
github.com/ingyamilmolinar/beatmo/internal/ui/eq_panel_zone.go:342.15,344.3 1 1
github.com/ingyamilmolinar/beatmo/internal/ui/eq_panel_zone.go:346.2,347.15 2 1
github.com/ingyamilmolinar/beatmo/internal/ui/eq_panel_zone.go:347.15,349.3 1 0
github.com/ingyamilmolinar/beatmo/internal/ui/eq_panel_zone.go:351.2,353.26 3 1
github.com/ingyamilmolinar/beatmo/internal/ui/eq_panel_zone.go:353.26,355.3 1 1
github.com/ingyamilmolinar/beatmo/internal/ui/eq_panel_zone.go:356.2,362.39 4 1
github.com/ingyamilmolinar/beatmo/internal/ui/eq_panel_zone.go:362.39,365.29 3 1
github.com/ingyamilmolinar/beatmo/internal/ui/eq_panel_zone.go:365.29,367.4 1 1
github.com/ingyamilmolinar/beatmo/internal/ui/eq_panel_zone.go:369.3,369.54 1 1
github.com/ingyamilmolinar/beatmo/internal/ui/eq_panel_zone.go:369.54,372.4 2 1
github.com/ingyamilmolinar/beatmo/internal/ui/eq_panel_zone.go:374.3,374.29 1 1
github.com/ingyamilmolinar/beatmo/internal/ui/eq_panel_zone.go:374.29,376.4 1 1
github.com/ingyamilmolinar/beatmo/internal/ui/eq_panel_zone.go:380.49,382.35 2 1
github.com/ingyamilmolinar/beatmo/internal/ui/eq_panel_zone.go:382.35,383.46 1 1
github.com/ingyamilmolinar/beatmo/internal/ui/eq_panel_zone.go:383.46,384.41 1 1
github.com/ingyamilmolinar/beatmo/internal/ui/eq_panel_zone.go:384.41,386.5 1 1
github.com/ingyamilmolinar/beatmo/internal/ui/eq_panel_zone.go:389.2,390.12 2 1
github.com/ingyamilmolinar/beatmo/internal/ui/eq_panel_zone.go:390.12,392.3 1 1
github.com/ingyamilmolinar/beatmo/internal/ui/eq_panel_zone.go:393.2,393.10 1 1
github.com/ingyamilmolinar/beatmo/internal/ui/eq_panel_zone.go:398.41,404.21 3 1
github.com/ingyamilmolinar/beatmo/internal/ui/eq_panel_zone.go:404.21,411.3 1 1
github.com/ingyamilmolinar/beatmo/internal/ui/eq_panel_zone.go:416.2,416.35 1 1
github.com/ingyamilmolinar/beatmo/internal/ui/eq_panel_zone.go:416.35,417.17 1 1
github.com/ingyamilmolinar/beatmo/internal/ui/eq_panel_zone.go:417.17,418.12 1 0
github.com/ingyamilmolinar/beatmo/internal/ui/eq_panel_zone.go:420.3,421.16 2 1
github.com/ingyamilmolinar/beatmo/internal/ui/eq_panel_zone.go:421.16,422.12 1 1
github.com/ingyamilmolinar/beatmo/internal/ui/eq_panel_zone.go:424.3,430.5 1 1
github.com/ingyamilmolinar/beatmo/internal/ui/eq_panel_zone.go:434.2,434.46 1 1
github.com/ingyamilmolinar/beatmo/internal/ui/eq_panel_zone.go:434.46,441.3 1 1
github.com/ingyamilmolinar/beatmo/internal/ui/eq_panel_zone.go:444.2,444.45 1 1
github.com/ingyamilmolinar/beatmo/internal/ui/eq_panel_zone.go:444.45,451.3 1 1
github.com/ingyamilmolinar/beatmo/internal/ui/eq_panel_zone.go:454.2,454.40 1 1
github.com/ingyamilmolinar/beatmo/internal/ui/eq_panel_zone.go:454.40,461.3 1 1
github.com/ingyamilmolinar/beatmo/internal/ui/eq_panel_zone.go:464.2,464.40 1 1
github.com/ingyamilmolinar/beatmo/internal/ui/eq_panel_zone.go:464.40,471.3 1 1
github.com/ingyamilmolinar/beatmo/internal/ui/eq_panel_zone.go:474.2,474.34 1 1
github.com/ingyamilmolinar/beatmo/internal/ui/eq_panel_zone.go:474.34,475.16 1 1
github.com/ingyamilmolinar/beatmo/internal/ui/eq_panel_zone.go:475.16,476.12 1 0
github.com/ingyamilmolinar/beatmo/internal/ui/eq_panel_zone.go:478.3,479.16 2 1
github.com/ingyamilmolinar/beatmo/internal/ui/eq_panel_zone.go:479.16,480.12 1 1
github.com/ingyamilmolinar/beatmo/internal/ui/eq_panel_zone.go:482.3,487.5 1 1
github.com/ingyamilmolinar/beatmo/internal/ui/eq_panel_zone.go:498.58,499.26 1 1
github.com/ingyamilmolinar/beatmo/internal/ui/eq_panel_zone.go:499.26,501.3 1 1
github.com/ingyamilmolinar/beatmo/internal/ui/eq_panel_zone.go:502.2,502.22 1 1
github.com/ingyamilmolinar/beatmo/internal/ui/eq_panel_zone.go:505.66,505.67 0 1
github.com/ingyamilmolinar/beatmo/internal/ui/eq_panel_zone.go:506.66,506.67 0 1
github.com/ingyamilmolinar/beatmo/internal/ui/eq_panel_zone.go:507.65,507.88 1 1
github.com/ingyamilmolinar/beatmo/internal/ui/eq_panel_zone.go:517.63,519.28 2 1
github.com/ingyamilmolinar/beatmo/internal/ui/eq_panel_zone.go:519.28,522.3 2 1
github.com/ingyamilmolinar/beatmo/internal/ui/eq_panel_zone.go:523.2,523.21 1 1
github.com/ingyamilmolinar/beatmo/internal/ui/eq_panel_zone.go:526.50,527.14 1 1
github.com/ingyamilmolinar/beatmo/internal/ui/eq_panel_zone.go:527.14,529.3 1 1
github.com/ingyamilmolinar/beatmo/internal/ui/eq_panel_zone.go:532.53,533.14 1 1
github.com/ingyamilmolinar/beatmo/internal/ui/eq_panel_zone.go:533.14,536.25 3 1
github.com/ingyamilmolinar/beatmo/internal/ui/eq_panel_zone.go:536.25,538.4 1 1
github.com/ingyamilmolinar/beatmo/internal/ui/eq_panel_zone.go:542.70,542.93 1 1
github.com/ingyamilmolinar/beatmo/internal/ui/eq_panel_zone.go:551.63,554.33 3 1
github.com/ingyamilmolinar/beatmo/internal/ui/eq_panel_zone.go:554.33,556.3 1 0
github.com/ingyamilmolinar/beatmo/internal/ui/eq_panel_zone.go:558.2,559.15 2 1
github.com/ingyamilmolinar/beatmo/internal/ui/eq_panel_zone.go:559.15,561.3 1 0
github.com/ingyamilmolinar/beatmo/internal/ui/eq_panel_zone.go:563.2,566.63 2 1
github.com/ingyamilmolinar/beatmo/internal/ui/eq_panel_zone.go:566.63,568.37 2 1
github.com/ingyamilmolinar/beatmo/internal/ui/eq_panel_zone.go:568.37,570.4 1 1
github.com/ingyamilmolinar/beatmo/internal/ui/eq_panel_zone.go:571.3,575.41 5 1
github.com/ingyamilmolinar/beatmo/internal/ui/eq_panel_zone.go:575.41,578.4 2 1
github.com/ingyamilmolinar/beatmo/internal/ui/eq_panel_zone.go:582.2,582.63 1 1
github.com/ingyamilmolinar/beatmo/internal/ui/eq_panel_zone.go:582.63,584.37 2 1
github.com/ingyamilmolinar/beatmo/internal/ui/eq_panel_zone.go:584.37,586.4 1 1
github.com/ingyamilmolinar/beatmo/internal/ui/eq_panel_zone.go:587.3,591.41 5 1
github.com/ingyamilmolinar/beatmo/internal/ui/eq_panel_zone.go:591.41,594.4 2 1
github.com/ingyamilmolinar/beatmo/internal/ui/eq_panel_zone.go:598.2,598.33 1 1
github.com/ingyamilmolinar/beatmo/internal/ui/eq_panel_zone.go:598.33,602.29 4 1
github.com/ingyamilmolinar/beatmo/internal/ui/eq_panel_zone.go:602.29,604.4 1 1
github.com/ingyamilmolinar/beatmo/internal/ui/eq_panel_zone.go:605.3,608.41 4 1
github.com/ingyamilmolinar/beatmo/internal/ui/eq_panel_zone.go:608.41,612.4 3 1
github.com/ingyamilmolinar/beatmo/internal/ui/eq_panel_zone.go:614.2,614.21 1 1
github.com/ingyamilmolinar/beatmo/internal/ui/eq_panel_zone.go:617.50,622.29 3 1
github.com/ingyamilmolinar/beatmo/internal/ui/eq_panel_zone.go:622.29,624.33 2 1
github.com/ingyamilmolinar/beatmo/internal/ui/eq_panel_zone.go:624.33,626.44 2 1
github.com/ingyamilmolinar/beatmo/internal/ui/eq_panel_zone.go:626.44,628.5 1 1
github.com/ingyamilmolinar/beatmo/internal/ui/eq_panel_zone.go:629.4,629.54 1 1
github.com/ingyamilmolinar/beatmo/internal/ui/eq_panel_zone.go:630.9,632.44 2 1
github.com/ingyamilmolinar/beatmo/internal/ui/eq_panel_zone.go:632.44,634.5 1 1
github.com/ingyamilmolinar/beatmo/internal/ui/eq_panel_zone.go:635.4,635.54 1 1
github.com/ingyamilmolinar/beatmo/internal/ui/eq_panel_zone.go:637.3,638.9 2 1
github.com/ingyamilmolinar/beatmo/internal/ui/eq_panel_zone.go:641.2,642.14 2 1
github.com/ingyamilmolinar/beatmo/internal/ui/eq_panel_zone.go:642.14,644.3 1 0
github.com/ingyamilmolinar/beatmo/internal/ui/eq_panel_zone.go:645.2,646.31 2 1
github.com/ingyamilmolinar/beatmo/internal/ui/eq_panel_zone.go:646.31,648.3 1 1
github.com/ingyamilmolinar/beatmo/internal/ui/eq_panel_zone.go:649.2,656.37 8 1
github.com/ingyamilmolinar/beatmo/internal/ui/eq_panel_zone.go:656.37,658.3 1 1
github.com/ingyamilmolinar/beatmo/internal/ui/eq_panel_zone.go:661.53,666.29 3 1
github.com/ingyamilmolinar/beatmo/internal/ui/eq_panel_zone.go:666.29,668.35 2 1
github.com/ingyamilmolinar/beatmo/internal/ui/eq_panel_zone.go:668.35,670.4 1 1
github.com/ingyamilmolinar/beatmo/internal/ui/eq_panel_zone.go:671.3,671.9 1 1
github.com/ingyamilmolinar/beatmo/internal/ui/eq_panel_zone.go:674.2,674.25 1 1
github.com/ingyamilmolinar/beatmo/internal/ui/eq_panel_zone.go:674.25,676.3 1 0
github.com/ingyamilmolinar/beatmo/internal/ui/eq_panel_zone.go:677.2,678.34 2 1
github.com/ingyamilmolinar/beatmo/internal/ui/eq_panel_zone.go:678.34,680.3 1 1
github.com/ingyamilmolinar/beatmo/internal/ui/eq_panel_zone.go:685.61,689.29 4 1
github.com/ingyamilmolinar/beatmo/internal/ui/eq_panel_zone.go:689.29,691.3 1 1
github.com/ingyamilmolinar/beatmo/internal/ui/eq_panel_zone.go:692.2,692.28 1 1
github.com/ingyamilmolinar/beatmo/internal/ui/eq_panel_zone.go:695.70,695.93 1 0
github.com/ingyamilmolinar/beatmo/internal/ui/eq_panel_zone.go:698.46,700.21 2 1
github.com/ingyamilmolinar/beatmo/internal/ui/eq_panel_zone.go:700.21,702.3 1 1
github.com/ingyamilmolinar/beatmo/internal/ui/eq_panel_zone.go:705.46,706.21 1 1
github.com/ingyamilmolinar/beatmo/internal/ui/eq_panel_zone.go:706.21,708.3 1 0
github.com/ingyamilmolinar/beatmo/internal/ui/eq_panel_zone.go:709.2,718.19 3 1
github.com/ingyamilmolinar/beatmo/internal/ui/eq_panel_zone.go:718.19,720.49 2 1
github.com/ingyamilmolinar/beatmo/internal/ui/eq_panel_zone.go:720.49,722.5 1 1
github.com/ingyamilmolinar/beatmo/internal/ui/eq_panel_zone.go:737.51,746.47 6 1
github.com/ingyamilmolinar/beatmo/internal/ui/eq_panel_zone.go:746.47,747.41 1 1
github.com/ingyamilmolinar/beatmo/internal/ui/eq_panel_zone.go:747.41,749.4 1 1
github.com/ingyamilmolinar/beatmo/internal/ui/eq_panel_zone.go:750.3,753.22 4 1
github.com/ingyamilmolinar/beatmo/internal/ui/eq_panel_zone.go:753.22,755.4 1 1
github.com/ingyamilmolinar/beatmo/internal/ui/eq_panel_zone.go:759.2,759.35 1 1
github.com/ingyamilmolinar/beatmo/internal/ui/eq_panel_zone.go:759.35,760.48 1 1
github.com/ingyamilmolinar/beatmo/internal/ui/eq_panel_zone.go:760.48,763.49 3 1
github.com/ingyamilmolinar/beatmo/internal/ui/eq_panel_zone.go:763.49,764.43 1 1
github.com/ingyamilmolinar/beatmo/internal/ui/eq_panel_zone.go:764.43,766.6 1 1
github.com/ingyamilmolinar/beatmo/internal/ui/eq_panel_zone.go:767.5,770.24 4 1
github.com/ingyamilmolinar/beatmo/internal/ui/eq_panel_zone.go:770.24,772.6 1 1
github.com/ingyamilmolinar/beatmo/internal/ui/eq_panel_zone.go:778.2,786.43 7 1
github.com/ingyamilmolinar/beatmo/internal/ui/eq_panel_zone.go:786.43,788.3 1 1
github.com/ingyamilmolinar/beatmo/internal/ui/eq_panel_zone.go:789.2,789.17 1 1
github.com/ingyamilmolinar/beatmo/internal/ui/eq_panel_zone.go:789.17,791.3 1 0
github.com/ingyamilmolinar/beatmo/internal/ui/eq_panel_zone.go:792.2,801.24 6 1
github.com/ingyamilmolinar/beatmo/internal/ui/eq_panel_zone.go:801.24,803.33 2 1
github.com/ingyamilmolinar/beatmo/internal/ui/eq_panel_zone.go:803.33,805.4 1 0
github.com/ingyamilmolinar/beatmo/internal/ui/eq_panel_zone.go:809.2,810.50 2 1
github.com/ingyamilmolinar/beatmo/internal/ui/eq_panel_zone.go:810.50,813.15 3 1
github.com/ingyamilmolinar/beatmo/internal/ui/eq_panel_zone.go:813.15,815.4 1 1
github.com/ingyamilmolinar/beatmo/internal/ui/eq_panel_zone.go:815.9,818.41 3 1
github.com/ingyamilmolinar/beatmo/internal/ui/eq_panel_zone.go:818.41,820.24 2 1
github.com/ingyamilmolinar/beatmo/internal/ui/eq_panel_zone.go:820.24,822.6 1 0
github.com/ingyamilmolinar/beatmo/internal/ui/eq_panel_zone.go:825.3,830.37 6 1
github.com/ingyamilmolinar/beatmo/internal/ui/eq_panel_zone.go:834.2,835.24 2 1
github.com/ingyamilmolinar/beatmo/internal/ui/eq_panel_zone.go:835.24,837.3 1 1
github.com/ingyamilmolinar/beatmo/internal/ui/eq_panel_zone.go:838.2,838.78 1 1
github.com/ingyamilmolinar/beatmo/internal/ui/eq_panel_zone.go:841.82,843.2 0 1
github.com/ingyamilmolinar/beatmo/internal/ui/eq_panel_zone.go:845.57,846.20 1 1
github.com/ingyamilmolinar/beatmo/internal/ui/eq_panel_zone.go:846.20,848.3 1 0
github.com/ingyamilmolinar/beatmo/internal/ui/eq_panel_zone.go:849.2,851.3 1 1
github.com/ingyamilmolinar/beatmo/internal/ui/eq_panel_zone.go:854.63,855.32 1 0
github.com/ingyamilmolinar/beatmo/internal/ui/eq_panel_zone.go:855.32,857.3 1 0
github.com/ingyamilmolinar/beatmo/internal/ui/eq_panel_zone.go:858.2,858.35 1 0
github.com/ingyamilmolinar/beatmo/internal/ui/eq_panel_zone.go:861.55,861.71 1 1
github.com/ingyamilmolinar/beatmo/internal/ui/eq_panel_zone.go:864.45,866.26 2 1
github.com/ingyamilmolinar/beatmo/internal/ui/eq_panel_zone.go:866.26,867.30 1 1
github.com/ingyamilmolinar/beatmo/internal/ui/eq_panel_zone.go:867.30,870.4 2 0
github.com/ingyamilmolinar/beatmo/internal/ui/eq_panel_zone.go:876.60,881.14 5 1
github.com/ingyamilmolinar/beatmo/internal/ui/eq_panel_zone.go:881.14,883.3 1 0
github.com/ingyamilmolinar/beatmo/internal/ui/eq_panel_zone.go:885.2,886.24 2 1
github.com/ingyamilmolinar/beatmo/internal/ui/eq_panel_zone.go:886.24,888.33 2 1
github.com/ingyamilmolinar/beatmo/internal/ui/eq_panel_zone.go:888.33,890.4 1 0
github.com/ingyamilmolinar/beatmo/internal/ui/eq_panel_zone.go:893.2,898.50 5 1
github.com/ingyamilmolinar/beatmo/internal/ui/eq_panel_zone.go:898.50,901.15 3 1
github.com/ingyamilmolinar/beatmo/internal/ui/eq_panel_zone.go:901.15,903.4 1 1
github.com/ingyamilmolinar/beatmo/internal/ui/eq_panel_zone.go:903.9,906.41 3 1
github.com/ingyamilmolinar/beatmo/internal/ui/eq_panel_zone.go:906.41,908.24 2 1
github.com/ingyamilmolinar/beatmo/internal/ui/eq_panel_zone.go:908.24,910.6 1 0
github.com/ingyamilmolinar/beatmo/internal/ui/eq_panel_zone.go:913.3,918.37 6 1
github.com/ingyamilmolinar/beatmo/internal/ui/eq_panel_zone.go:923.59,924.26 1 1
github.com/ingyamilmolinar/beatmo/internal/ui/eq_panel_zone.go:924.26,926.24 2 1
github.com/ingyamilmolinar/beatmo/internal/ui/eq_panel_zone.go:926.24,928.4 1 1
github.com/ingyamilmolinar/beatmo/internal/ui/eq_panel_zone.go:929.3,929.68 1 1
github.com/ingyamilmolinar/beatmo/internal/ui/eq_panel_zone.go:945.67,951.24 4 1
github.com/ingyamilmolinar/beatmo/internal/ui/eq_panel_zone.go:951.24,953.19 2 1
github.com/ingyamilmolinar/beatmo/internal/ui/eq_panel_zone.go:953.19,956.4 2 1
github.com/ingyamilmolinar/beatmo/internal/ui/eq_panel_zone.go:960.2,960.19 1 1
github.com/ingyamilmolinar/beatmo/internal/ui/eq_panel_zone.go:960.19,961.32 1 1
github.com/ingyamilmolinar/beatmo/internal/ui/eq_panel_zone.go:961.32,964.4 2 1
github.com/ingyamilmolinar/beatmo/internal/ui/eq_panel_zone.go:967.2,967.22 1 0
github.com/ingyamilmolinar/beatmo/internal/ui/eq_panel_zone.go:970.54,975.23 3 1
github.com/ingyamilmolinar/beatmo/internal/ui/eq_panel_zone.go:975.23,976.29 1 1
github.com/ingyamilmolinar/beatmo/internal/ui/eq_panel_zone.go:976.29,979.4 2 1
github.com/ingyamilmolinar/beatmo/internal/ui/eq_panel_zone.go:980.3,980.9 1 1
github.com/ingyamilmolinar/beatmo/internal/ui/eq_panel_zone.go:984.2,984.26 1 1
github.com/ingyamilmolinar/beatmo/internal/ui/eq_panel_zone.go:984.26,985.35 1 1
github.com/ingyamilmolinar/beatmo/internal/ui/eq_panel_zone.go:985.35,988.4 2 1
github.com/ingyamilmolinar/beatmo/internal/ui/eq_panel_zone.go:990.3,990.34 1 1
github.com/ingyamilmolinar/beatmo/internal/ui/eq_panel_zone.go:990.34,992.4 1 1
github.com/ingyamilmolinar/beatmo/internal/ui/eq_panel_zone.go:996.57,1001.23 3 1
github.com/ingyamilmolinar/beatmo/internal/ui/eq_panel_zone.go:1001.23,1004.3 2 1
github.com/ingyamilmolinar/beatmo/internal/ui/eq_panel_zone.go:1007.2,1011.12 3 1
github.com/ingyamilmolinar/beatmo/internal/ui/eq_panel_zone.go:1011.12,1012.38 1 1
github.com/ingyamilmolinar/beatmo/internal/ui/eq_panel_zone.go:1012.38,1014.4 1 1
github.com/ingyamilmolinar/beatmo/internal/ui/eq_panel_zone.go:1015.8,1017.3 1 1
github.com/ingyamilmolinar/beatmo/internal/ui/eq_panel_zone.go:1020.74,1023.31 3 1
github.com/ingyamilmolinar/beatmo/internal/ui/eq_panel_zone.go:1023.31,1027.3 3 1
github.com/ingyamilmolinar/beatmo/internal/ui/eq_panel_zone.go:1028.2,1028.22 1 0
github.com/ingyamilmolinar/beatmo/internal/ui/eq_panel_zone.go:1032.57,1035.32 3 1
github.com/ingyamilmolinar/beatmo/internal/ui/eq_panel_zone.go:1035.32,1036.46 1 1
github.com/ingyamilmolinar/beatmo/internal/ui/eq_panel_zone.go:1036.46,1039.4 2 1
github.com/ingyamilmolinar/beatmo/internal/ui/eq_panel_zone.go:1045.59,1049.20 4 1
github.com/ingyamilmolinar/beatmo/internal/ui/eq_panel_zone.go:1049.20,1051.3 1 0
github.com/ingyamilmolinar/beatmo/internal/ui/eq_panel_zone.go:1053.2,1053.42 1 1
github.com/ingyamilmolinar/beatmo/internal/ui/eq_panel_zone.go:1053.42,1055.3 1 0
github.com/ingyamilmolinar/beatmo/internal/ui/eq_panel_zone.go:1056.2,1058.34 3 1
github.com/ingyamilmolinar/beatmo/internal/ui/eq_panel_zone.go:1058.34,1062.19 4 1
github.com/ingyamilmolinar/beatmo/internal/ui/eq_panel_zone.go:1062.19,1064.4 1 0
github.com/ingyamilmolinar/beatmo/internal/ui/eq_panel_zone.go:1065.3,1065.16 1 1
github.com/ingyamilmolinar/beatmo/internal/ui/eq_panel_zone.go:1065.16,1067.4 1 0
github.com/ingyamilmolinar/beatmo/internal/ui/eq_panel_zone.go:1068.3,1068.20 1 1
github.com/ingyamilmolinar/beatmo/internal/ui/eq_panel_zone.go:1068.20,1070.4 1 0
github.com/ingyamilmolinar/beatmo/internal/ui/eq_panel_zone.go:1071.3,1072.32 2 1
github.com/ingyamilmolinar/beatmo/internal/ui/eq_panel_zone.go:1072.32,1073.22 1 1
github.com/ingyamilmolinar/beatmo/internal/ui/eq_panel_zone.go:1073.22,1075.5 1 1
github.com/ingyamilmolinar/beatmo/internal/ui/eq_panel_zone.go:1077.3,1077.15 1 1
github.com/ingyamilmolinar/beatmo/internal/ui/eq_panel_zone.go:1077.15,1079.4 1 0
github.com/ingyamilmolinar/beatmo/internal/ui/eq_panel_zone.go:1080.3,1081.62 2 1
github.com/ingyamilmolinar/beatmo/internal/ui/eq_panel_zone.go:1084.2,1085.15 2 1
github.com/ingyamilmolinar/beatmo/internal/ui/eq_panel_zone.go:1085.15,1087.3 1 0
github.com/ingyamilmolinar/beatmo/internal/ui/eq_panel_zone.go:1088.2,1091.26 4 1
github.com/ingyamilmolinar/beatmo/internal/ui/eq_panel_zone.go:1091.26,1093.3 1 0
github.com/ingyamilmolinar/beatmo/internal/ui/eq_panel_zone.go:1094.2,1098.33 4 1
github.com/ingyamilmolinar/beatmo/internal/ui/eq_panel_zone.go:1098.33,1099.12 1 1
github.com/ingyamilmolinar/beatmo/internal/ui/eq_panel_zone.go:1099.12,1100.12 1 0
github.com/ingyamilmolinar/beatmo/internal/ui/eq_panel_zone.go:1102.3,1103.21 2 1
github.com/ingyamilmolinar/beatmo/internal/ui/eq_panel_zone.go:1103.21,1105.4 1 0
github.com/ingyamilmolinar/beatmo/internal/ui/eq_panel_zone.go:1106.3,1108.29 3 1
github.com/ingyamilmolinar/beatmo/internal/ui/eq_panel_zone.go:1108.29,1110.4 1 1
github.com/ingyamilmolinar/beatmo/internal/ui/eq_panel_zone.go:1111.3,1114.15 3 1
github.com/ingyamilmolinar/beatmo/internal/ui/eq_panel_zone.go:1114.15,1116.4 1 1
github.com/ingyamilmolinar/beatmo/internal/ui/eq_panel_zone.go:1117.3,1120.14 3 1
github.com/ingyamilmolinar/beatmo/internal/ui/eq_panel_zone.go:1120.14,1122.4 1 1
github.com/ingyamilmolinar/beatmo/internal/ui/eq_panel_zone.go:1122.9,1124.15 2 1
github.com/ingyamilmolinar/beatmo/internal/ui/eq_panel_zone.go:1124.15,1126.5 1 0
github.com/ingyamilmolinar/beatmo/internal/ui/eq_panel_zone.go:1127.4,1128.76 2 1
github.com/ingyamilmolinar/beatmo/internal/ui/eq_panel_zone.go:1131.3,1131.12 1 1
github.com/ingyamilmolinar/beatmo/internal/ui/eq_panel_zone.go:1131.12,1133.4 1 1
github.com/ingyamilmolinar/beatmo/internal/ui/eq_panel_zone.go:1136.3,1137.41 2 1
github.com/ingyamilmolinar/beatmo/internal/ui/eq_panel_zone.go:1137.41,1140.20 3 1
github.com/ingyamilmolinar/beatmo/internal/ui/eq_panel_zone.go:1140.20,1142.5 1 0
github.com/ingyamilmolinar/beatmo/internal/ui/eq_panel_zone.go:1143.4,1146.27 4 1
github.com/ingyamilmolinar/beatmo/internal/ui/eq_panel_zone.go:1150.3,1150.54 1 1
github.com/ingyamilmolinar/beatmo/internal/ui/eq_panel_zone.go:1150.54,1154.15 4 1
github.com/ingyamilmolinar/beatmo/internal/ui/eq_panel_zone.go:1154.15,1156.5 1 1
github.com/ingyamilmolinar/beatmo/internal/ui/eq_panel_zone.go:1156.10,1158.5 1 1
github.com/ingyamilmolinar/beatmo/internal/ui/eq_panel_zone.go:1159.4,1159.17 1 1
github.com/ingyamilmolinar/beatmo/internal/ui/eq_panel_zone.go:1163.3,1163.29 1 1
github.com/ingyamilmolinar/beatmo/internal/ui/eq_panel_zone.go:1163.29,1165.20 2 1
github.com/ingyamilmolinar/beatmo/internal/ui/eq_panel_zone.go:1165.20,1167.5 1 0
github.com/ingyamilmolinar/beatmo/internal/ui/eq_panel_zone.go:1167.10,1175.16 7 1
github.com/ingyamilmolinar/beatmo/internal/ui/eq_panel_zone.go:1175.16,1177.6 1 1
github.com/ingyamilmolinar/beatmo/internal/ui/eq_panel_zone.go:1178.5,1178.48 1 1
github.com/ingyamilmolinar/beatmo/internal/ui/eq_panel_zone.go:1184.65,1185.41 1 1
github.com/ingyamilmolinar/beatmo/internal/ui/eq_panel_zone.go:1185.41,1187.3 1 1
github.com/ingyamilmolinar/beatmo/internal/ui/eq_panel_zone.go:1188.2,1188.33 1 0
github.com/ingyamilmolinar/beatmo/internal/ui/eq_panel_zone.go:1191.54,1193.32 2 1
github.com/ingyamilmolinar/beatmo/internal/ui/eq_panel_zone.go:1193.32,1195.3 1 1
github.com/ingyamilmolinar/beatmo/internal/ui/eq_panel_zone.go:1198.2,1198.44 1 1
github.com/ingyamilmolinar/beatmo/internal/ui/eq_panel_zone.go:1198.44,1202.3 3 1
github.com/ingyamilmolinar/beatmo/internal/ui/eq_panel_zone.go:1204.2,1204.28 1 1
github.com/ingyamilmolinar/beatmo/internal/ui/eq_panel_zone.go:1204.28,1206.3 1 0
github.com/ingyamilmolinar/beatmo/internal/ui/eq_panel_zone.go:1209.2,1214.33 4 1
github.com/ingyamilmolinar/beatmo/internal/ui/eq_panel_zone.go:1214.33,1217.19 3 1
github.com/ingyamilmolinar/beatmo/internal/ui/eq_panel_zone.go:1217.19,1219.4 1 1
github.com/ingyamilmolinar/beatmo/internal/ui/eq_panel_zone.go:1220.3,1220.21 1 1
github.com/ingyamilmolinar/beatmo/internal/ui/eq_panel_zone.go:1220.21,1222.4 1 0
github.com/ingyamilmolinar/beatmo/internal/ui/eq_panel_zone.go:1223.3,1223.31 1 1
github.com/ingyamilmolinar/beatmo/internal/ui/eq_panel_zone.go:1223.31,1225.23 2 1
github.com/ingyamilmolinar/beatmo/internal/ui/eq_panel_zone.go:1225.23,1227.5 1 1
github.com/ingyamilmolinar/beatmo/internal/ui/eq_panel_zone.go:1228.4,1228.25 1 1
github.com/ingyamilmolinar/beatmo/internal/ui/eq_panel_zone.go:1228.25,1230.5 1 1
github.com/ingyamilmolinar/beatmo/internal/ui/eq_panel_zone.go:1231.4,1232.24 2 1
github.com/ingyamilmolinar/beatmo/internal/ui/eq_panel_zone.go:1232.24,1234.5 1 0
github.com/ingyamilmolinar/beatmo/internal/ui/eq_panel_zone.go:1235.4,1235.73 1 1
github.com/ingyamilmolinar/beatmo/internal/ui/eq_panel_zone.go:1237.3,1237.13 1 1
github.com/ingyamilmolinar/beatmo/internal/ui/eq_panel_zone.go:1241.2,1241.33 1 1
github.com/ingyamilmolinar/beatmo/internal/ui/eq_panel_zone.go:1241.33,1245.29 4 1
github.com/ingyamilmolinar/beatmo/internal/ui/eq_panel_zone.go:1245.29,1247.4 1 1
github.com/ingyamilmolinar/beatmo/internal/ui/eq_panel_zone.go:1248.3,1249.34 2 1
github.com/ingyamilmolinar/beatmo/internal/ui/eq_panel_zone.go:1249.34,1251.4 1 1
github.com/ingyamilmolinar/beatmo/internal/ui/eq_panel_zone.go:1252.3,1252.34 1 1
github.com/ingyamilmolinar/beatmo/internal/ui/eq_panel_zone.go:1252.34,1254.4 1 1
github.com/ingyamilmolinar/beatmo/internal/ui/eq_panel_zone.go:1255.3,1257.27 3 1
github.com/ingyamilmolinar/beatmo/internal/ui/eq_panel_zone.go:1257.27,1260.4 2 0
github.com/ingyamilmolinar/beatmo/internal/ui/eq_panel_zone.go:1261.3,1263.54 3 1
github.com/ingyamilmolinar/beatmo/internal/ui/eq_panel_zone.go:1267.2,1267.63 1 1
github.com/ingyamilmolinar/beatmo/internal/ui/eq_panel_zone.go:1267.63,1269.37 2 0
github.com/ingyamilmolinar/beatmo/internal/ui/eq_panel_zone.go:1269.37,1271.4 1 0
github.com/ingyamilmolinar/beatmo/internal/ui/eq_panel_zone.go:1272.3,1276.33 5 0
github.com/ingyamilmolinar/beatmo/internal/ui/eq_panel_zone.go:1276.33,1279.4 2 0
github.com/ingyamilmolinar/beatmo/internal/ui/eq_panel_zone.go:1280.3,1282.82 3 0
github.com/ingyamilmolinar/beatmo/internal/ui/eq_panel_zone.go:1286.2,1286.63 1 1
github.com/ingyamilmolinar/beatmo/internal/ui/eq_panel_zone.go:1286.63,1288.37 2 0
github.com/ingyamilmolinar/beatmo/internal/ui/eq_panel_zone.go:1288.37,1290.4 1 0
github.com/ingyamilmolinar/beatmo/internal/ui/eq_panel_zone.go:1291.3,1295.33 5 0
github.com/ingyamilmolinar/beatmo/internal/ui/eq_panel_zone.go:1295.33,1298.4 2 0
github.com/ingyamilmolinar/beatmo/internal/ui/eq_panel_zone.go:1299.3,1301.82 3 0
github.com/ingyamilmolinar/beatmo/internal/ui/eq_panel_zone.go:1305.2,1305.29 1 1
github.com/ingyamilmolinar/beatmo/internal/ui/eq_panel_zone.go:1305.29,1312.21 6 0
github.com/ingyamilmolinar/beatmo/internal/ui/eq_panel_zone.go:1312.21,1314.4 1 0
github.com/ingyamilmolinar/beatmo/internal/ui/eq_panel_zone.go:1315.3,1315.24 1 0
github.com/ingyamilmolinar/beatmo/internal/ui/eq_panel_zone.go:1315.24,1317.4 1 0
github.com/ingyamilmolinar/beatmo/internal/ui/eq_panel_zone.go:1318.3,1320.68 3 0
github.com/ingyamilmolinar/beatmo/internal/ui/eq_panel_zone.go:1326.45,1329.44 2 1
github.com/ingyamilmolinar/beatmo/internal/ui/eq_panel_zone.go:1329.44,1333.3 3 1
github.com/ingyamilmolinar/beatmo/internal/ui/eq_panel_zone.go:1334.2,1336.33 3 1
github.com/ingyamilmolinar/beatmo/internal/ui/eq_panel_zone.go:1336.33,1339.12 3 1
github.com/ingyamilmolinar/beatmo/internal/ui/eq_panel_zone.go:1339.12,1341.4 1 1
github.com/ingyamilmolinar/beatmo/internal/ui/eq_panel_zone.go:1342.3,1342.19 1 1
github.com/ingyamilmolinar/beatmo/internal/ui/eq_panel_zone.go:1342.19,1345.4 2 1
github.com/ingyamilmolinar/beatmo/internal/ui/eq_panel_zone.go:1347.2,1347.35 1 1
github.com/ingyamilmolinar/beatmo/internal/ui/eq_panel_zone.go:1347.35,1349.3 1 0
github.com/ingyamilmolinar/beatmo/internal/ui/eq_panel_zone.go:1350.2,1350.35 1 1
github.com/ingyamilmolinar/beatmo/internal/ui/eq_panel_zone.go:1350.35,1352.3 1 0
github.com/ingyamilmolinar/beatmo/internal/ui/eq_panel_zone.go:1353.2,1353.13 1 1
github.com/ingyamilmolinar/beatmo/internal/ui/eq_panel_zone.go:1356.58,1359.63 2 1
github.com/ingyamilmolinar/beatmo/internal/ui/eq_panel_zone.go:1359.63,1361.37 2 1
github.com/ingyamilmolinar/beatmo/internal/ui/eq_panel_zone.go:1361.37,1363.4 1 1
github.com/ingyamilmolinar/beatmo/internal/ui/eq_panel_zone.go:1364.3,1364.14 1 1
github.com/ingyamilmolinar/beatmo/internal/ui/eq_panel_zone.go:1364.14,1366.4 1 1
github.com/ingyamilmolinar/beatmo/internal/ui/eq_panel_zone.go:1368.2,1368.33 1 1
github.com/ingyamilmolinar/beatmo/internal/ui/eq_panel_zone.go:1368.33,1370.13 2 1
github.com/ingyamilmolinar/beatmo/internal/ui/eq_panel_zone.go:1370.13,1372.4 1 1
github.com/ingyamilmolinar/beatmo/internal/ui/eq_panel_zone.go:1373.3,1373.29 1 1
github.com/ingyamilmolinar/beatmo/internal/ui/eq_panel_zone.go:1373.29,1375.4 1 1
github.com/ingyamilmolinar/beatmo/internal/ui/eq_panel_zone.go:1376.3,1378.29 3 1
github.com/ingyamilmolinar/beatmo/internal/ui/eq_panel_zone.go:1378.29,1380.4 1 1
github.com/ingyamilmolinar/beatmo/internal/ui/eq_panel_zone.go:1381.3,1388.5 2 1
github.com/ingyamilmolinar/beatmo/internal/ui/eq_panel_zone.go:1391.2,1391.63 1 1
github.com/ingyamilmolinar/beatmo/internal/ui/eq_panel_zone.go:1391.63,1393.37 2 1
github.com/ingyamilmolinar/beatmo/internal/ui/eq_panel_zone.go:1393.37,1395.4 1 1
github.com/ingyamilmolinar/beatmo/internal/ui/eq_panel_zone.go:1396.3,1396.17 1 1
github.com/ingyamilmolinar/beatmo/internal/ui/eq_panel_zone.go:1396.17,1398.4 1 1
github.com/ingyamilmolinar/beatmo/internal/ui/eq_panel_zone.go:1400.2,1400.14 1 1
github.com/ingyamilmolinar/beatmo/internal/ui/eq_panel_zone.go:1406.34,1407.13 1 1
github.com/ingyamilmolinar/beatmo/internal/ui/eq_panel_zone.go:1407.13,1409.3 1 1
github.com/ingyamilmolinar/beatmo/internal/ui/eq_panel_zone.go:1410.2,1410.33 1 1
github.com/ingyamilmolinar/beatmo/internal/ui/eq_panel_zone.go:1415.40,1417.34 2 1
github.com/ingyamilmolinar/beatmo/internal/ui/eq_panel_zone.go:1417.34,1418.16 1 1
github.com/ingyamilmolinar/beatmo/internal/ui/eq_panel_zone.go:1418.16,1419.12 1 0
github.com/ingyamilmolinar/beatmo/internal/ui/eq_panel_zone.go:1421.3,1423.33 3 1
github.com/ingyamilmolinar/beatmo/internal/ui/eq_panel_zone.go:1423.33,1428.4 3 1
github.com/ingyamilmolinar/beatmo/internal/ui/eq_panel_zone.go:1429.3,1429.33 1 1
github.com/ingyamilmolinar/beatmo/internal/ui/eq_panel_zone.go:1429.33,1432.4 1 1
github.com/ingyamilmolinar/beatmo/internal/ui/eq_panel_zone.go:1433.3,1433.19 1 1
github.com/ingyamilmolinar/beatmo/internal/ui/eq_panel_zone.go:1433.19,1435.4 1 1
github.com/ingyamilmolinar/beatmo/internal/ui/eq_panel_zone.go:1438.2,1438.21 1 1
github.com/ingyamilmolinar/beatmo/internal/ui/eq_panel_zone.go:1438.21,1439.35 1 1
github.com/ingyamilmolinar/beatmo/internal/ui/eq_panel_zone.go:1439.35,1440.52 1 1
github.com/ingyamilmolinar/beatmo/internal/ui/eq_panel_zone.go:1440.52,1443.5 2 1
github.com/ingyamilmolinar/beatmo/internal/ui/eq_panel_zone.go:1445.3,1445.32 1 1
github.com/ingyamilmolinar/beatmo/internal/ui/eq_panel_zone.go:1446.8,1448.3 1 1
github.com/ingyamilmolinar/beatmo/internal/ui/eq_panel_zone.go:1453.46,1454.43 1 1
github.com/ingyamilmolinar/beatmo/internal/ui/eq_panel_zone.go:1454.43,1456.3 1 0
github.com/ingyamilmolinar/beatmo/internal/ui/eq_panel_zone.go:1457.2,1458.15 2 1
github.com/ingyamilmolinar/beatmo/internal/ui/eq_panel_zone.go:1458.15,1460.3 1 0
github.com/ingyamilmolinar/beatmo/internal/ui/eq_panel_zone.go:1461.2,1463.29 3 1
github.com/ingyamilmolinar/beatmo/internal/ui/eq_panel_zone.go:1463.29,1468.3 3 1
github.com/ingyamilmolinar/beatmo/internal/ui/eq_panel_zone.go:1469.2,1475.37 7 1
github.com/ingyamilmolinar/beatmo/internal/ui/eq_panel_zone.go:1475.37,1477.3 1 1
github.com/ingyamilmolinar/beatmo/internal/ui/eq_panel_zone.go:1478.2,1478.34 1 1
github.com/ingyamilmolinar/beatmo/internal/ui/eq_panel_zone.go:1478.34,1480.3 1 1
github.com/ingyamilmolinar/beatmo/internal/ui/eq_panel_zone.go:1485.49,1486.22 1 1
github.com/ingyamilmolinar/beatmo/internal/ui/eq_panel_zone.go:1486.22,1488.3 1 0
github.com/ingyamilmolinar/beatmo/internal/ui/eq_panel_zone.go:1489.2,1489.43 1 1
github.com/ingyamilmolinar/beatmo/internal/ui/eq_panel_zone.go:1489.43,1491.3 1 0
github.com/ingyamilmolinar/beatmo/internal/ui/eq_panel_zone.go:1492.2,1493.31 2 1
github.com/ingyamilmolinar/beatmo/internal/ui/eq_panel_zone.go:1493.31,1495.3 1 0
github.com/ingyamilmolinar/beatmo/internal/ui/eq_panel_zone.go:1496.2,1498.26 3 1
github.com/ingyamilmolinar/beatmo/internal/ui/eq_panel_zone.go:1502.45,1503.30 1 1
github.com/ingyamilmolinar/beatmo/internal/ui/eq_panel_zone.go:1503.30,1505.3 1 1
github.com/ingyamilmolinar/beatmo/internal/ui/eq_panel_zone.go:1509.42,1511.2 1 1
github.com/ingyamilmolinar/beatmo/internal/ui/export.go:85.34,87.38 1 1
github.com/ingyamilmolinar/beatmo/internal/ui/export.go:87.38,89.3 1 0
github.com/ingyamilmolinar/beatmo/internal/ui/export.go:91.2,91.45 1 1
github.com/ingyamilmolinar/beatmo/internal/ui/export.go:91.45,92.22 1 1
github.com/ingyamilmolinar/beatmo/internal/ui/export.go:93.26,94.19 1 1
github.com/ingyamilmolinar/beatmo/internal/ui/export.go:97.2,97.18 1 1
github.com/ingyamilmolinar/beatmo/internal/ui/export.go:100.37,104.2 2 1
github.com/ingyamilmolinar/beatmo/internal/ui/export.go:107.36,110.16 3 1
github.com/ingyamilmolinar/beatmo/internal/ui/export.go:110.16,112.3 1 1
github.com/ingyamilmolinar/beatmo/internal/ui/export.go:113.2,114.45 2 1
github.com/ingyamilmolinar/beatmo/internal/ui/export.go:114.45,117.3 2 0
github.com/ingyamilmolinar/beatmo/internal/ui/export.go:118.2,119.12 2 1
github.com/ingyamilmolinar/beatmo/internal/ui/export.go:127.32,127.45 1 0
github.com/ingyamilmolinar/beatmo/internal/ui/export.go:130.51,131.34 1 1
github.com/ingyamilmolinar/beatmo/internal/ui/export.go:131.34,133.3 1 1
github.com/ingyamilmolinar/beatmo/internal/ui/export.go:134.2,136.26 3 1
github.com/ingyamilmolinar/beatmo/internal/ui/export.go:136.26,138.3 1 1
github.com/ingyamilmolinar/beatmo/internal/ui/export.go:139.2,143.25 4 1
github.com/ingyamilmolinar/beatmo/internal/ui/export.go:143.25,148.3 4 1
github.com/ingyamilmolinar/beatmo/internal/ui/export.go:149.2,150.25 2 1
github.com/ingyamilmolinar/beatmo/internal/ui/export.go:150.25,152.40 2 1
github.com/ingyamilmolinar/beatmo/internal/ui/export.go:152.40,153.12 1 0
github.com/ingyamilmolinar/beatmo/internal/ui/export.go:155.3,156.17 2 1
github.com/ingyamilmolinar/beatmo/internal/ui/export.go:157.29,158.18 1 1
github.com/ingyamilmolinar/beatmo/internal/ui/export.go:159.27,160.16 1 1
github.com/ingyamilmolinar/beatmo/internal/ui/export.go:162.3,163.30 2 1
github.com/ingyamilmolinar/beatmo/internal/ui/export.go:163.30,166.4 2 1
github.com/ingyamilmolinar/beatmo/internal/ui/export.go:167.3,167.31 1 1
github.com/ingyamilmolinar/beatmo/internal/ui/export.go:167.31,170.4 2 1
github.com/ingyamilmolinar/beatmo/internal/ui/export.go:172.3,172.26 1 1
github.com/ingyamilmolinar/beatmo/internal/ui/export.go:172.26,173.38 1 1
github.com/ingyamilmolinar/beatmo/internal/ui/export.go:173.38,175.5 1 1
github.com/ingyamilmolinar/beatmo/internal/ui/export.go:176.4,176.20 1 1
github.com/ingyamilmolinar/beatmo/internal/ui/export.go:176.20,178.5 1 1
github.com/ingyamilmolinar/beatmo/internal/ui/export.go:179.4,179.42 1 1
github.com/ingyamilmolinar/beatmo/internal/ui/export.go:179.42,181.5 1 1
github.com/ingyamilmolinar/beatmo/internal/ui/export.go:183.4,183.25 1 1
github.com/ingyamilmolinar/beatmo/internal/ui/export.go:183.25,185.21 2 1
github.com/ingyamilmolinar/beatmo/internal/ui/export.go:185.21,187.6 1 1
github.com/ingyamilmolinar/beatmo/internal/ui/export.go:188.5,188.21 1 1
github.com/ingyamilmolinar/beatmo/internal/ui/export.go:188.21,190.6 1 0
github.com/ingyamilmolinar/beatmo/internal/ui/export.go:192.4,192.26 1 1
github.com/ingyamilmolinar/beatmo/internal/ui/export.go:192.26,194.5 1 1
github.com/ingyamilmolinar/beatmo/internal/ui/export.go:195.4,195.24 1 1
github.com/ingyamilmolinar/beatmo/internal/ui/export.go:195.24,197.5 1 1
github.com/ingyamilmolinar/beatmo/internal/ui/export.go:198.4,198.34 1 1
github.com/ingyamilmolinar/beatmo/internal/ui/export.go:198.34,200.5 1 1
github.com/ingyamilmolinar/beatmo/internal/ui/export.go:201.4,201.25 1 1
github.com/ingyamilmolinar/beatmo/internal/ui/export.go:201.25,203.5 1 1
github.com/ingyamilmolinar/beatmo/internal/ui/export.go:204.4,204.24 1 1
github.com/ingyamilmolinar/beatmo/internal/ui/export.go:204.24,206.5 1 1
github.com/ingyamilmolinar/beatmo/internal/ui/export.go:207.4,207.26 1 1
github.com/ingyamilmolinar/beatmo/internal/ui/export.go:207.26,209.5 1 1
github.com/ingyamilmolinar/beatmo/internal/ui/export.go:210.4,210.25 1 1
github.com/ingyamilmolinar/beatmo/internal/ui/export.go:210.25,212.5 1 1
github.com/ingyamilmolinar/beatmo/internal/ui/export.go:213.4,213.24 1 1
github.com/ingyamilmolinar/beatmo/internal/ui/export.go:213.24,215.5 1 1
github.com/ingyamilmolinar/beatmo/internal/ui/export.go:216.4,216.25 1 1
github.com/ingyamilmolinar/beatmo/internal/ui/export.go:216.25,218.5 1 1
github.com/ingyamilmolinar/beatmo/internal/ui/export.go:219.4,219.30 1 1
github.com/ingyamilmolinar/beatmo/internal/ui/export.go:219.30,221.5 1 1
github.com/ingyamilmolinar/beatmo/internal/ui/export.go:223.3,223.28 1 1
github.com/ingyamilmolinar/beatmo/internal/ui/export.go:225.2,226.28 2 1
github.com/ingyamilmolinar/beatmo/internal/ui/export.go:226.28,237.27 3 1
github.com/ingyamilmolinar/beatmo/internal/ui/export.go:237.27,238.59 1 1
github.com/ingyamilmolinar/beatmo/internal/ui/export.go:238.59,242.5 2 1
github.com/ingyamilmolinar/beatmo/internal/ui/export.go:245.3,245.65 1 1
github.com/ingyamilmolinar/beatmo/internal/ui/export.go:245.65,246.76 1 1
github.com/ingyamilmolinar/beatmo/internal/ui/export.go:246.76,248.5 1 1
github.com/ingyamilmolinar/beatmo/internal/ui/export.go:251.3,251.17 1 1
github.com/ingyamilmolinar/beatmo/internal/ui/export.go:251.17,253.4 1 1
github.com/ingyamilmolinar/beatmo/internal/ui/export.go:254.3,254.23 1 1
github.com/ingyamilmolinar/beatmo/internal/ui/export.go:254.23,256.4 1 1
github.com/ingyamilmolinar/beatmo/internal/ui/export.go:257.3,257.24 1 1
github.com/ingyamilmolinar/beatmo/internal/ui/export.go:257.24,259.4 1 1
github.com/ingyamilmolinar/beatmo/internal/ui/export.go:261.3,262.33 2 1
github.com/ingyamilmolinar/beatmo/internal/ui/export.go:262.33,263.14 1 1
github.com/ingyamilmolinar/beatmo/internal/ui/export.go:263.14,265.10 2 1
github.com/ingyamilmolinar/beatmo/internal/ui/export.go:268.3,269.35 2 1
github.com/ingyamilmolinar/beatmo/internal/ui/export.go:269.35,270.9 1 0
github.com/ingyamilmolinar/beatmo/internal/ui/export.go:270.9,272.10 2 0
github.com/ingyamilmolinar/beatmo/internal/ui/export.go:275.3,277.25 2 1
github.com/ingyamilmolinar/beatmo/internal/ui/export.go:277.25,279.4 1 1
github.com/ingyamilmolinar/beatmo/internal/ui/export.go:280.3,280.51 1 1
github.com/ingyamilmolinar/beatmo/internal/ui/export.go:280.51,283.33 3 1
github.com/ingyamilmolinar/beatmo/internal/ui/export.go:283.33,285.5 1 1
github.com/ingyamilmolinar/beatmo/internal/ui/export.go:286.4,286.20 1 1
github.com/ingyamilmolinar/beatmo/internal/ui/export.go:286.20,288.5 1 0
github.com/ingyamilmolinar/beatmo/internal/ui/export.go:289.4,293.15 5 1
github.com/ingyamilmolinar/beatmo/internal/ui/export.go:295.3,295.28 1 1
github.com/ingyamilmolinar/beatmo/internal/ui/export.go:297.2,300.13 3 1
github.com/ingyamilmolinar/beatmo/internal/ui/export.go:300.13,302.3 1 1
github.com/ingyamilmolinar/beatmo/internal/ui/export.go:304.2,305.39 2 1
github.com/ingyamilmolinar/beatmo/internal/ui/export.go:305.39,306.13 1 1
github.com/ingyamilmolinar/beatmo/internal/ui/export.go:306.13,308.9 2 1
github.com/ingyamilmolinar/beatmo/internal/ui/export.go:311.2,312.37 2 1
github.com/ingyamilmolinar/beatmo/internal/ui/export.go:312.37,313.8 1 1
github.com/ingyamilmolinar/beatmo/internal/ui/export.go:313.8,315.9 2 1
github.com/ingyamilmolinar/beatmo/internal/ui/export.go:318.2,319.68 2 1
github.com/ingyamilmolinar/beatmo/internal/ui/export.go:319.68,322.32 3 1
github.com/ingyamilmolinar/beatmo/internal/ui/export.go:322.32,324.4 1 1
github.com/ingyamilmolinar/beatmo/internal/ui/export.go:325.3,325.25 1 1
github.com/ingyamilmolinar/beatmo/internal/ui/export.go:325.25,327.4 1 1
github.com/ingyamilmolinar/beatmo/internal/ui/export.go:328.3,332.16 5 1
github.com/ingyamilmolinar/beatmo/internal/ui/export.go:334.2,334.43 1 1
github.com/ingyamilmolinar/beatmo/internal/ui/export.go:338.83,341.16 3 1
github.com/ingyamilmolinar/beatmo/internal/ui/export.go:341.16,341.35 1 1
github.com/ingyamilmolinar/beatmo/internal/ui/filepicker_stub.go:16.24,16.25 0 0
github.com/ingyamilmolinar/beatmo/internal/ui/filepicker_stub.go:18.71,19.40 1 1
github.com/ingyamilmolinar/beatmo/internal/ui/filepicker_stub.go:19.40,23.3 1 1
github.com/ingyamilmolinar/beatmo/internal/ui/filepicker_stub.go:26.29,27.40 1 1
github.com/ingyamilmolinar/beatmo/internal/ui/filepicker_stub.go:27.40,29.3 1 1
github.com/ingyamilmolinar/beatmo/internal/ui/fuzzy_search.go:25.51,31.22 5 1
github.com/ingyamilmolinar/beatmo/internal/ui/fuzzy_search.go:31.22,33.3 1 1
github.com/ingyamilmolinar/beatmo/internal/ui/fuzzy_search.go:34.2,34.31 1 1
github.com/ingyamilmolinar/beatmo/internal/ui/fuzzy_search.go:34.31,36.3 1 1
github.com/ingyamilmolinar/beatmo/internal/ui/fuzzy_search.go:39.2,39.85 1 1
github.com/ingyamilmolinar/beatmo/internal/ui/fuzzy_search.go:39.85,43.28 4 1
github.com/ingyamilmolinar/beatmo/internal/ui/fuzzy_search.go:43.28,44.76 1 1
github.com/ingyamilmolinar/beatmo/internal/ui/fuzzy_search.go:44.76,46.36 2 1
github.com/ingyamilmolinar/beatmo/internal/ui/fuzzy_search.go:46.36,48.6 1 1
github.com/ingyamilmolinar/beatmo/internal/ui/fuzzy_search.go:50.4,51.13 2 1
github.com/ingyamilmolinar/beatmo/internal/ui/fuzzy_search.go:54.3,55.28 2 1
github.com/ingyamilmolinar/beatmo/internal/ui/fuzzy_search.go:55.28,57.4 1 1
github.com/ingyamilmolinar/beatmo/internal/ui/fuzzy_search.go:58.3,60.57 3 1
github.com/ingyamilmolinar/beatmo/internal/ui/fuzzy_search.go:64.2,66.58 3 1
github.com/ingyamilmolinar/beatmo/internal/ui/fuzzy_search.go:66.58,67.31 1 1
github.com/ingyamilmolinar/beatmo/internal/ui/fuzzy_search.go:67.31,70.4 2 1
github.com/ingyamilmolinar/beatmo/internal/ui/fuzzy_search.go:72.2,72.22 1 1
github.com/ingyamilmolinar/beatmo/internal/ui/fuzzy_search.go:72.22,74.3 1 1
github.com/ingyamilmolinar/beatmo/internal/ui/fuzzy_search.go:76.2,77.56 2 1
github.com/ingyamilmolinar/beatmo/internal/ui/fuzzy_search.go:81.43,84.22 3 1
github.com/ingyamilmolinar/beatmo/internal/ui/fuzzy_search.go:84.22,85.14 1 1
github.com/ingyamilmolinar/beatmo/internal/ui/fuzzy_search.go:85.14,87.4 1 1
github.com/ingyamilmolinar/beatmo/internal/ui/fuzzy_search.go:88.3,89.7 2 1
github.com/ingyamilmolinar/beatmo/internal/ui/fuzzy_search.go:91.2,91.11 1 0
github.com/ingyamilmolinar/beatmo/internal/ui/fuzzy_search.go:95.71,97.32 2 1
github.com/ingyamilmolinar/beatmo/internal/ui/fuzzy_search.go:97.32,100.67 2 1
github.com/ingyamilmolinar/beatmo/internal/ui/fuzzy_search.go:100.67,102.4 1 1
github.com/ingyamilmolinar/beatmo/internal/ui/fuzzy_search.go:104.3,104.39 1 1
github.com/ingyamilmolinar/beatmo/internal/ui/fuzzy_search.go:104.39,106.4 1 1
github.com/ingyamilmolinar/beatmo/internal/ui/fuzzy_search.go:108.3,108.15 1 1
github.com/ingyamilmolinar/beatmo/internal/ui/fuzzy_search.go:108.15,110.4 1 1
github.com/ingyamilmolinar/beatmo/internal/ui/fuzzy_search.go:110.9,110.82 1 1
github.com/ingyamilmolinar/beatmo/internal/ui/fuzzy_search.go:110.82,113.4 1 1
github.com/ingyamilmolinar/beatmo/internal/ui/fuzzy_search.go:116.2,117.21 2 1
github.com/ingyamilmolinar/beatmo/internal/ui/fuzzy_search.go:117.21,119.3 1 0
github.com/ingyamilmolinar/beatmo/internal/ui/fuzzy_search.go:120.2,121.14 2 1
github.com/ingyamilmolinar/beatmo/internal/ui/fuzzy_search.go:146.88,148.13 2 1
github.com/ingyamilmolinar/beatmo/internal/ui/fuzzy_search.go:148.13,150.30 2 1
github.com/ingyamilmolinar/beatmo/internal/ui/fuzzy_search.go:150.30,152.4 1 1
github.com/ingyamilmolinar/beatmo/internal/ui/fuzzy_search.go:153.3,153.17 1 1
github.com/ingyamilmolinar/beatmo/internal/ui/fuzzy_search.go:156.2,157.29 2 1
github.com/ingyamilmolinar/beatmo/internal/ui/fuzzy_search.go:157.29,163.35 3 1
github.com/ingyamilmolinar/beatmo/internal/ui/fuzzy_search.go:163.35,164.12 1 1
github.com/ingyamilmolinar/beatmo/internal/ui/fuzzy_search.go:167.3,170.20 2 1
github.com/ingyamilmolinar/beatmo/internal/ui/fuzzy_search.go:170.20,173.4 2 1
github.com/ingyamilmolinar/beatmo/internal/ui/fuzzy_search.go:173.9,175.4 1 1
github.com/ingyamilmolinar/beatmo/internal/ui/fuzzy_search.go:176.3,176.33 1 1
github.com/ingyamilmolinar/beatmo/internal/ui/fuzzy_search.go:179.2,179.42 1 1
github.com/ingyamilmolinar/beatmo/internal/ui/fuzzy_search.go:179.42,181.3 1 1
github.com/ingyamilmolinar/beatmo/internal/ui/fuzzy_search.go:182.2,182.16 1 1
github.com/ingyamilmolinar/beatmo/internal/ui/game.go:16.26,17.26 1 1
github.com/ingyamilmolinar/beatmo/internal/ui/game.go:17.26,19.3 1 1
github.com/ingyamilmolinar/beatmo/internal/ui/game.go:20.2,20.25 1 1
github.com/ingyamilmolinar/beatmo/internal/ui/game.go:32.43,32.71 1 1
github.com/ingyamilmolinar/beatmo/internal/ui/game.go:33.46,35.13 2 1
github.com/ingyamilmolinar/beatmo/internal/ui/game.go:35.13,38.3 1 1
github.com/ingyamilmolinar/beatmo/internal/ui/game.go:40.35,40.65 1 1
github.com/ingyamilmolinar/beatmo/internal/ui/game.go:41.47,43.2 1 1
github.com/ingyamilmolinar/beatmo/internal/ui/game.go:49.13,50.113 1 1
github.com/ingyamilmolinar/beatmo/internal/ui/game.go:50.113,52.3 1 0
github.com/ingyamilmolinar/beatmo/internal/ui/game.go:56.35,57.20 1 1
github.com/ingyamilmolinar/beatmo/internal/ui/game.go:57.20,59.3 1 1
github.com/ingyamilmolinar/beatmo/internal/ui/game.go:60.2,60.51 1 0
github.com/ingyamilmolinar/beatmo/internal/ui/game.go:60.51,61.58 1 0
github.com/ingyamilmolinar/beatmo/internal/ui/game.go:61.58,63.4 1 0
github.com/ingyamilmolinar/beatmo/internal/ui/game.go:65.2,65.10 1 0
github.com/ingyamilmolinar/beatmo/internal/ui/game.go:68.42,68.73 1 1
github.com/ingyamilmolinar/beatmo/internal/ui/game.go:70.46,71.14 1 1
github.com/ingyamilmolinar/beatmo/internal/ui/game.go:71.14,73.3 1 0
github.com/ingyamilmolinar/beatmo/internal/ui/game.go:74.2,74.33 1 1
github.com/ingyamilmolinar/beatmo/internal/ui/game.go:79.13,81.64 2 1
github.com/ingyamilmolinar/beatmo/internal/ui/game.go:81.64,82.48 1 0
github.com/ingyamilmolinar/beatmo/internal/ui/game.go:82.48,84.4 1 0
github.com/ingyamilmolinar/beatmo/internal/ui/game.go:88.35,88.72 1 1
github.com/ingyamilmolinar/beatmo/internal/ui/game.go:100.13,102.64 2 1
github.com/ingyamilmolinar/beatmo/internal/ui/game.go:102.64,103.29 1 0
github.com/ingyamilmolinar/beatmo/internal/ui/game.go:104.27,105.39 1 0
github.com/ingyamilmolinar/beatmo/internal/ui/game.go:106.25,109.34 2 0
github.com/ingyamilmolinar/beatmo/internal/ui/game.go:117.13,118.26 1 1
github.com/ingyamilmolinar/beatmo/internal/ui/game.go:118.26,120.3 1 1
github.com/ingyamilmolinar/beatmo/internal/ui/game.go:121.2,121.118 1 0
github.com/ingyamilmolinar/beatmo/internal/ui/game.go:121.118,123.3 1 0
github.com/ingyamilmolinar/beatmo/internal/ui/game.go:124.2,126.37 2 0
github.com/ingyamilmolinar/beatmo/internal/ui/game_audio_loop.go:10.28,11.31 1 1
github.com/ingyamilmolinar/beatmo/internal/ui/game_audio_loop.go:11.31,12.17 1 1
github.com/ingyamilmolinar/beatmo/internal/ui/game_audio_loop.go:12.17,14.12 2 0
github.com/ingyamilmolinar/beatmo/internal/ui/game_audio_loop.go:18.3,19.27 2 1
github.com/ingyamilmolinar/beatmo/internal/ui/game_audio_loop.go:19.27,21.4 1 0
github.com/ingyamilmolinar/beatmo/internal/ui/game_audio_loop.go:22.3,23.24 2 1
github.com/ingyamilmolinar/beatmo/internal/ui/game_audio_loop.go:23.24,25.4 1 0
github.com/ingyamilmolinar/beatmo/internal/ui/game_audio_loop.go:26.3,30.37 4 1
github.com/ingyamilmolinar/beatmo/internal/ui/game_audio_loop.go:30.37,31.11 1 1
github.com/ingyamilmolinar/beatmo/internal/ui/game_audio_loop.go:32.28,33.19 1 1
github.com/ingyamilmolinar/beatmo/internal/ui/game_audio_loop.go:33.19,35.14 2 0
github.com/ingyamilmolinar/beatmo/internal/ui/game_audio_loop.go:37.5,37.29 1 1
github.com/ingyamilmolinar/beatmo/internal/ui/game_audio_loop.go:38.12,39.18 1 1
github.com/ingyamilmolinar/beatmo/internal/ui/game_audio_loop.go:43.3,47.28 5 1
github.com/ingyamilmolinar/beatmo/internal/ui/game_audio_loop.go:47.28,50.20 1 1
github.com/ingyamilmolinar/beatmo/internal/ui/game_audio_loop.go:50.20,52.26 2 1
github.com/ingyamilmolinar/beatmo/internal/ui/game_audio_loop.go:52.26,54.14 2 1
github.com/ingyamilmolinar/beatmo/internal/ui/game_audio_loop.go:56.5,56.21 1 1
github.com/ingyamilmolinar/beatmo/internal/ui/game_audio_loop.go:56.21,58.14 2 1
github.com/ingyamilmolinar/beatmo/internal/ui/game_audio_loop.go:61.4,61.15 1 1
github.com/ingyamilmolinar/beatmo/internal/ui/game_audio_loop.go:61.15,64.5 2 1
github.com/ingyamilmolinar/beatmo/internal/ui/game_audio_loop.go:65.4,66.35 2 1
github.com/ingyamilmolinar/beatmo/internal/ui/game_audio_loop.go:66.35,68.46 2 0
github.com/ingyamilmolinar/beatmo/internal/ui/game_audio_loop.go:68.46,70.24 2 0
github.com/ingyamilmolinar/beatmo/internal/ui/game_audio_loop.go:70.24,72.7 1 0
github.com/ingyamilmolinar/beatmo/internal/ui/game_audio_loop.go:72.12,74.7 1 0
github.com/ingyamilmolinar/beatmo/internal/ui/game_audio_loop.go:77.4,80.19 2 1
github.com/ingyamilmolinar/beatmo/internal/ui/game_audio_loop.go:80.19,82.5 1 1
github.com/ingyamilmolinar/beatmo/internal/ui/game_audio_loop.go:82.10,84.5 1 1
github.com/ingyamilmolinar/beatmo/internal/ui/game_audio_loop.go:86.4,87.19 2 1
github.com/ingyamilmolinar/beatmo/internal/ui/game_audio_loop.go:87.19,90.5 2 1
github.com/ingyamilmolinar/beatmo/internal/ui/game_audio_loop.go:91.4,91.28 1 1
github.com/ingyamilmolinar/beatmo/internal/ui/game_audio_loop.go:93.3,93.22 1 1
github.com/ingyamilmolinar/beatmo/internal/ui/game_audio_loop.go:93.22,94.12 1 1
github.com/ingyamilmolinar/beatmo/internal/ui/game_audio_loop.go:97.3,97.22 1 1
github.com/ingyamilmolinar/beatmo/internal/ui/game_audio_loop.go:97.22,99.28 1 1
github.com/ingyamilmolinar/beatmo/internal/ui/game_audio_loop.go:99.28,100.18 1 1
github.com/ingyamilmolinar/beatmo/internal/ui/game_audio_loop.go:100.18,102.6 1 1
github.com/ingyamilmolinar/beatmo/internal/ui/game_audio_loop.go:102.11,104.6 1 1
github.com/ingyamilmolinar/beatmo/internal/ui/game_audio_loop.go:106.4,106.12 1 1
github.com/ingyamilmolinar/beatmo/internal/ui/game_audio_loop.go:110.3,114.29 5 1
github.com/ingyamilmolinar/beatmo/internal/ui/game_audio_loop.go:114.29,116.4 1 1
github.com/ingyamilmolinar/beatmo/internal/ui/game_audio_loop.go:117.3,117.38 1 1
github.com/ingyamilmolinar/beatmo/internal/ui/game_audio_schedule.go:20.69,27.13 2 1
github.com/ingyamilmolinar/beatmo/internal/ui/game_audio_schedule.go:27.13,29.3 1 0
github.com/ingyamilmolinar/beatmo/internal/ui/game_audio_schedule.go:30.2,31.11 2 1
github.com/ingyamilmolinar/beatmo/internal/ui/game_audio_schedule.go:31.11,34.3 2 0
github.com/ingyamilmolinar/beatmo/internal/ui/game_audio_schedule.go:35.2,37.44 3 1
github.com/ingyamilmolinar/beatmo/internal/ui/game_audio_schedule.go:41.94,42.13 1 1
github.com/ingyamilmolinar/beatmo/internal/ui/game_audio_schedule.go:42.13,44.3 1 0
github.com/ingyamilmolinar/beatmo/internal/ui/game_audio_schedule.go:45.2,48.44 4 1
github.com/ingyamilmolinar/beatmo/internal/ui/game_audio_schedule.go:51.48,53.14 2 1
github.com/ingyamilmolinar/beatmo/internal/ui/game_audio_schedule.go:53.14,55.3 1 0
github.com/ingyamilmolinar/beatmo/internal/ui/game_audio_schedule.go:56.2,56.18 1 1
github.com/ingyamilmolinar/beatmo/internal/ui/game_audio_schedule.go:56.18,57.18 1 1
github.com/ingyamilmolinar/beatmo/internal/ui/game_audio_schedule.go:57.18,59.4 1 0
github.com/ingyamilmolinar/beatmo/internal/ui/game_audio_schedule.go:60.3,60.14 1 1
github.com/ingyamilmolinar/beatmo/internal/ui/game_audio_schedule.go:65.2,65.15 1 1
github.com/ingyamilmolinar/beatmo/internal/ui/game_audio_schedule.go:65.15,67.3 1 1
github.com/ingyamilmolinar/beatmo/internal/ui/game_audio_schedule.go:68.2,70.25 3 1
github.com/ingyamilmolinar/beatmo/internal/ui/game_audio_schedule.go:70.25,72.3 1 0
github.com/ingyamilmolinar/beatmo/internal/ui/game_audio_schedule.go:72.8,72.32 1 1
github.com/ingyamilmolinar/beatmo/internal/ui/game_audio_schedule.go:72.32,74.3 1 0
github.com/ingyamilmolinar/beatmo/internal/ui/game_audio_schedule.go:75.2,75.48 1 1
github.com/ingyamilmolinar/beatmo/internal/ui/game_audio_schedule.go:75.48,77.3 1 1
github.com/ingyamilmolinar/beatmo/internal/ui/game_audio_schedule.go:77.8,77.55 1 1
github.com/ingyamilmolinar/beatmo/internal/ui/game_audio_schedule.go:77.55,79.3 1 1
github.com/ingyamilmolinar/beatmo/internal/ui/game_audio_schedule.go:79.8,79.54 1 1
github.com/ingyamilmolinar/beatmo/internal/ui/game_audio_schedule.go:79.54,81.3 1 0
github.com/ingyamilmolinar/beatmo/internal/ui/game_audio_schedule.go:82.2,83.17 2 1
github.com/ingyamilmolinar/beatmo/internal/ui/game_audio_schedule.go:83.17,85.3 1 1
github.com/ingyamilmolinar/beatmo/internal/ui/game_audio_schedule.go:86.2,86.13 1 1
github.com/ingyamilmolinar/beatmo/internal/ui/game_audio_schedule.go:93.39,95.2 1 1
github.com/ingyamilmolinar/beatmo/internal/ui/game_audio_schedule.go:98.128,99.41 1 1
github.com/ingyamilmolinar/beatmo/internal/ui/game_audio_schedule.go:99.41,101.34 2 1
github.com/ingyamilmolinar/beatmo/internal/ui/game_audio_schedule.go:101.34,104.37 3 1
github.com/ingyamilmolinar/beatmo/internal/ui/game_audio_schedule.go:104.37,106.5 1 1
github.com/ingyamilmolinar/beatmo/internal/ui/game_audio_schedule.go:108.3,109.39 2 1
github.com/ingyamilmolinar/beatmo/internal/ui/game_audio_schedule.go:109.39,111.4 1 1
github.com/ingyamilmolinar/beatmo/internal/ui/game_audio_schedule.go:112.3,114.9 3 1
github.com/ingyamilmolinar/beatmo/internal/ui/game_audio_schedule.go:116.2,117.17 2 1
github.com/ingyamilmolinar/beatmo/internal/ui/game_audio_schedule.go:117.17,119.3 1 1
github.com/ingyamilmolinar/beatmo/internal/ui/game_audio_schedule.go:120.2,122.49 3 1
github.com/ingyamilmolinar/beatmo/internal/ui/game_audio_schedule.go:122.49,124.3 1 1
github.com/ingyamilmolinar/beatmo/internal/ui/game_audio_schedule.go:125.2,126.15 2 1
github.com/ingyamilmolinar/beatmo/internal/ui/game_audio_schedule.go:126.15,128.3 1 1
github.com/ingyamilmolinar/beatmo/internal/ui/game_audio_schedule.go:129.2,131.66 2 1
github.com/ingyamilmolinar/beatmo/internal/ui/game_audio_schedule.go:131.66,134.17 2 1
github.com/ingyamilmolinar/beatmo/internal/ui/game_audio_schedule.go:134.17,136.4 1 0
github.com/ingyamilmolinar/beatmo/internal/ui/game_audio_schedule.go:137.3,143.32 3 1
github.com/ingyamilmolinar/beatmo/internal/ui/game_audio_schedule.go:150.82,152.15 2 1
github.com/ingyamilmolinar/beatmo/internal/ui/game_audio_schedule.go:152.15,155.32 2 1
github.com/ingyamilmolinar/beatmo/internal/ui/game_audio_schedule.go:155.32,157.4 1 1
github.com/ingyamilmolinar/beatmo/internal/ui/game_audio_schedule.go:158.3,158.32 1 1
github.com/ingyamilmolinar/beatmo/internal/ui/game_audio_schedule.go:158.32,160.4 1 1
github.com/ingyamilmolinar/beatmo/internal/ui/game_audio_schedule.go:161.3,161.13 1 1
github.com/ingyamilmolinar/beatmo/internal/ui/game_audio_schedule.go:163.2,163.14 1 0
github.com/ingyamilmolinar/beatmo/internal/ui/game_audio_schedule.go:163.14,165.3 1 0
github.com/ingyamilmolinar/beatmo/internal/ui/game_audio_schedule.go:166.2,167.15 2 0
github.com/ingyamilmolinar/beatmo/internal/ui/game_audio_schedule.go:167.15,169.3 1 0
github.com/ingyamilmolinar/beatmo/internal/ui/game_audio_schedule.go:170.2,173.31 2 0
github.com/ingyamilmolinar/beatmo/internal/ui/game_audio_schedule.go:173.31,175.3 1 0
github.com/ingyamilmolinar/beatmo/internal/ui/game_audio_schedule.go:177.2,177.31 1 0
github.com/ingyamilmolinar/beatmo/internal/ui/game_audio_schedule.go:177.31,179.3 1 0
github.com/ingyamilmolinar/beatmo/internal/ui/game_audio_schedule.go:180.2,180.12 1 0
github.com/ingyamilmolinar/beatmo/internal/ui/game_beat_display.go:10.38,12.14 2 1
github.com/ingyamilmolinar/beatmo/internal/ui/game_beat_display.go:12.14,14.3 1 0
github.com/ingyamilmolinar/beatmo/internal/ui/game_beat_display.go:15.2,16.18 2 1
github.com/ingyamilmolinar/beatmo/internal/ui/game_beat_display.go:16.18,18.3 1 1
github.com/ingyamilmolinar/beatmo/internal/ui/game_beat_display.go:19.2,22.42 4 1
github.com/ingyamilmolinar/beatmo/internal/ui/game_beat_display.go:22.42,24.3 1 1
github.com/ingyamilmolinar/beatmo/internal/ui/game_beat_display.go:24.8,24.28 1 1
github.com/ingyamilmolinar/beatmo/internal/ui/game_beat_display.go:24.28,26.3 1 1
github.com/ingyamilmolinar/beatmo/internal/ui/game_beat_display.go:27.2,30.18 4 1
github.com/ingyamilmolinar/beatmo/internal/ui/game_beat_display.go:30.18,32.3 1 0
github.com/ingyamilmolinar/beatmo/internal/ui/game_beat_display.go:33.2,35.10 3 1
github.com/ingyamilmolinar/beatmo/internal/ui/game_beat_display.go:42.38,44.14 2 1
github.com/ingyamilmolinar/beatmo/internal/ui/game_beat_display.go:44.14,46.3 1 0
github.com/ingyamilmolinar/beatmo/internal/ui/game_beat_display.go:47.2,48.18 2 1
github.com/ingyamilmolinar/beatmo/internal/ui/game_beat_display.go:48.18,49.22 1 1
github.com/ingyamilmolinar/beatmo/internal/ui/game_beat_display.go:49.22,51.4 1 1
github.com/ingyamilmolinar/beatmo/internal/ui/game_beat_display.go:52.3,52.48 1 1
github.com/ingyamilmolinar/beatmo/internal/ui/game_beat_display.go:54.2,54.34 1 1
github.com/ingyamilmolinar/beatmo/internal/ui/game_beat_display.go:54.34,57.38 3 1
github.com/ingyamilmolinar/beatmo/internal/ui/game_beat_display.go:57.38,59.16 2 1
github.com/ingyamilmolinar/beatmo/internal/ui/game_beat_display.go:59.16,62.17 3 0
github.com/ingyamilmolinar/beatmo/internal/ui/game_beat_display.go:62.17,64.6 1 0
github.com/ingyamilmolinar/beatmo/internal/ui/game_beat_display.go:66.4,68.16 3 1
github.com/ingyamilmolinar/beatmo/internal/ui/game_beat_display.go:68.16,70.5 1 0
github.com/ingyamilmolinar/beatmo/internal/ui/game_beat_display.go:71.4,71.15 1 1
github.com/ingyamilmolinar/beatmo/internal/ui/game_beat_display.go:71.15,73.33 2 1
github.com/ingyamilmolinar/beatmo/internal/ui/game_beat_display.go:73.33,76.26 3 1
github.com/ingyamilmolinar/beatmo/internal/ui/game_beat_display.go:76.26,78.7 1 1
github.com/ingyamilmolinar/beatmo/internal/ui/game_beat_display.go:78.12,80.7 1 0
github.com/ingyamilmolinar/beatmo/internal/ui/game_beat_display.go:83.4,83.23 1 1
github.com/ingyamilmolinar/beatmo/internal/ui/game_beat_display.go:83.23,85.5 1 0
github.com/ingyamilmolinar/beatmo/internal/ui/game_beat_display.go:86.4,87.12 2 1
github.com/ingyamilmolinar/beatmo/internal/ui/game_beat_display.go:89.3,92.43 4 1
github.com/ingyamilmolinar/beatmo/internal/ui/game_beat_display.go:92.43,94.4 1 1
github.com/ingyamilmolinar/beatmo/internal/ui/game_beat_display.go:94.9,94.29 1 1
github.com/ingyamilmolinar/beatmo/internal/ui/game_beat_display.go:94.29,96.4 1 0
github.com/ingyamilmolinar/beatmo/internal/ui/game_beat_display.go:97.3,98.22 2 1
github.com/ingyamilmolinar/beatmo/internal/ui/game_beat_display.go:98.22,100.4 1 1
github.com/ingyamilmolinar/beatmo/internal/ui/game_beat_display.go:101.3,103.11 3 1
github.com/ingyamilmolinar/beatmo/internal/ui/game_beat_display.go:106.2,107.14 2 1
github.com/ingyamilmolinar/beatmo/internal/ui/game_beat_display.go:107.14,109.3 1 0
github.com/ingyamilmolinar/beatmo/internal/ui/game_beat_display.go:110.2,110.14 1 1
github.com/ingyamilmolinar/beatmo/internal/ui/game_beat_display.go:110.14,112.3 1 0
github.com/ingyamilmolinar/beatmo/internal/ui/game_beat_display.go:113.2,115.47 3 1
github.com/ingyamilmolinar/beatmo/internal/ui/game_beat_display.go:115.47,117.3 1 0
github.com/ingyamilmolinar/beatmo/internal/ui/game_beat_display.go:117.8,117.42 1 1
github.com/ingyamilmolinar/beatmo/internal/ui/game_beat_display.go:117.42,119.3 1 1
github.com/ingyamilmolinar/beatmo/internal/ui/game_beat_display.go:119.8,121.3 1 0
github.com/ingyamilmolinar/beatmo/internal/ui/game_beat_display.go:122.2,123.21 2 1
github.com/ingyamilmolinar/beatmo/internal/ui/game_beat_display.go:123.21,125.3 1 0
github.com/ingyamilmolinar/beatmo/internal/ui/game_beat_display.go:126.2,127.10 2 1
github.com/ingyamilmolinar/beatmo/internal/ui/game_beat_display.go:130.44,131.35 1 1
github.com/ingyamilmolinar/beatmo/internal/ui/game_beat_display.go:131.35,132.19 1 1
github.com/ingyamilmolinar/beatmo/internal/ui/game_beat_display.go:132.19,134.4 1 1
github.com/ingyamilmolinar/beatmo/internal/ui/game_beat_display.go:136.2,136.12 1 1
github.com/ingyamilmolinar/beatmo/internal/ui/game_beat_path.go:7.36,7.75 1 1
github.com/ingyamilmolinar/beatmo/internal/ui/game_beat_path.go:9.43,9.77 1 1
github.com/ingyamilmolinar/beatmo/internal/ui/game_beat_path.go:11.59,12.37 1 1
github.com/ingyamilmolinar/beatmo/internal/ui/game_beat_path.go:12.37,14.3 1 0
github.com/ingyamilmolinar/beatmo/internal/ui/game_beat_path.go:15.2,16.41 2 1
github.com/ingyamilmolinar/beatmo/internal/ui/game_beat_path.go:16.41,17.31 1 1
github.com/ingyamilmolinar/beatmo/internal/ui/game_beat_path.go:17.31,19.4 1 0
github.com/ingyamilmolinar/beatmo/internal/ui/game_beat_path.go:21.2,21.26 1 1
github.com/ingyamilmolinar/beatmo/internal/ui/game_beat_path.go:28.72,31.13 1 1
github.com/ingyamilmolinar/beatmo/internal/ui/game_beat_path.go:31.13,33.3 1 1
github.com/ingyamilmolinar/beatmo/internal/ui/game_beat_path.go:34.2,34.45 1 1
github.com/ingyamilmolinar/beatmo/internal/ui/game_beat_path.go:34.45,36.3 1 0
github.com/ingyamilmolinar/beatmo/internal/ui/game_beat_path.go:37.2,38.45 2 1
github.com/ingyamilmolinar/beatmo/internal/ui/game_beat_path.go:38.45,39.31 1 1
github.com/ingyamilmolinar/beatmo/internal/ui/game_beat_path.go:39.31,41.4 1 0
github.com/ingyamilmolinar/beatmo/internal/ui/game_beat_path.go:43.2,43.18 1 1
github.com/ingyamilmolinar/beatmo/internal/ui/game_bpm_loop.go:9.26,10.6 1 1
github.com/ingyamilmolinar/beatmo/internal/ui/game_bpm_loop.go:10.6,13.10 2 1
github.com/ingyamilmolinar/beatmo/internal/ui/game_bpm_loop.go:13.10,15.4 1 1
github.com/ingyamilmolinar/beatmo/internal/ui/game_bpm_loop.go:17.3,17.7 1 1
github.com/ingyamilmolinar/beatmo/internal/ui/game_bpm_loop.go:17.7,18.11 1 1
github.com/ingyamilmolinar/beatmo/internal/ui/game_bpm_loop.go:19.23,19.23 0 1
github.com/ingyamilmolinar/beatmo/internal/ui/game_bpm_loop.go:21.12,24.29 3 1
github.com/ingyamilmolinar/beatmo/internal/ui/game_bpm_loop.go:24.29,25.18 1 0
github.com/ingyamilmolinar/beatmo/internal/ui/game_bpm_loop.go:27.5,36.9 5 1
github.com/ingyamilmolinar/beatmo/internal/ui/game_bpm_loop.go:36.9,38.18 2 1
github.com/ingyamilmolinar/beatmo/internal/ui/game_bpm_loop.go:38.18,39.12 1 1
github.com/ingyamilmolinar/beatmo/internal/ui/game_bpm_loop.go:41.6,44.30 4 1
github.com/ingyamilmolinar/beatmo/internal/ui/game_bpm_loop.go:44.30,45.12 1 0
github.com/ingyamilmolinar/beatmo/internal/ui/game_bpm_loop.go:47.6,50.34 4 1
github.com/ingyamilmolinar/beatmo/internal/ui/game_bpm_loop.go:52.5,52.17 1 1
github.com/ingyamilmolinar/beatmo/internal/ui/game_channel_helpers.go:8.61,9.9 1 1
github.com/ingyamilmolinar/beatmo/internal/ui/game_channel_helpers.go:10.15,11.9 1 1
github.com/ingyamilmolinar/beatmo/internal/ui/game_channel_helpers.go:12.10,13.19 1 1
github.com/ingyamilmolinar/beatmo/internal/ui/game_channel_helpers.go:13.19,15.4 1 1
github.com/ingyamilmolinar/beatmo/internal/ui/game_channel_helpers.go:16.3,16.10 1 1
github.com/ingyamilmolinar/beatmo/internal/ui/game_channel_helpers.go:17.13,17.13 0 1
github.com/ingyamilmolinar/beatmo/internal/ui/game_channel_helpers.go:18.11,18.11 0 1
github.com/ingyamilmolinar/beatmo/internal/ui/game_channel_helpers.go:20.3,20.10 1 1
github.com/ingyamilmolinar/beatmo/internal/ui/game_channel_helpers.go:21.16,21.16 0 1
github.com/ingyamilmolinar/beatmo/internal/ui/game_channel_helpers.go:22.11,22.11 0 1
github.com/ingyamilmolinar/beatmo/internal/ui/game_channel_helpers.go:31.40,32.25 1 1
github.com/ingyamilmolinar/beatmo/internal/ui/game_channel_helpers.go:32.25,33.10 1 1
github.com/ingyamilmolinar/beatmo/internal/ui/game_channel_helpers.go:34.16,35.10 1 1
github.com/ingyamilmolinar/beatmo/internal/ui/game_channel_helpers.go:36.11,36.11 0 1
github.com/ingyamilmolinar/beatmo/internal/ui/game_channel_helpers.go:39.3,39.10 1 1
github.com/ingyamilmolinar/beatmo/internal/ui/game_channel_helpers.go:40.13,40.13 0 1
github.com/ingyamilmolinar/beatmo/internal/ui/game_channel_helpers.go:41.11,41.11 0 0
github.com/ingyamilmolinar/beatmo/internal/ui/game_channel_helpers.go:45.2,45.9 1 0
github.com/ingyamilmolinar/beatmo/internal/ui/game_channel_helpers.go:46.15,46.15 0 0
github.com/ingyamilmolinar/beatmo/internal/ui/game_channel_helpers.go:47.10,47.10 0 0
github.com/ingyamilmolinar/beatmo/internal/ui/game_close.go:8.24,9.26 1 1
github.com/ingyamilmolinar/beatmo/internal/ui/game_close.go:9.26,11.3 1 1
github.com/ingyamilmolinar/beatmo/internal/ui/game_close.go:12.2,14.21 3 1
github.com/ingyamilmolinar/beatmo/internal/ui/game_close.go:14.21,16.3 1 1
github.com/ingyamilmolinar/beatmo/internal/ui/game_close.go:17.2,18.36 2 1
github.com/ingyamilmolinar/beatmo/internal/ui/game_close.go:18.36,19.16 1 1
github.com/ingyamilmolinar/beatmo/internal/ui/game_close.go:19.16,19.33 1 1
github.com/ingyamilmolinar/beatmo/internal/ui/game_close.go:20.3,20.25 1 1
github.com/ingyamilmolinar/beatmo/internal/ui/game_close.go:21.22,22.12 1 1
github.com/ingyamilmolinar/beatmo/internal/ui/game_close.go:23.17,24.12 1 1
github.com/ingyamilmolinar/beatmo/internal/ui/game_close.go:25.22,26.12 1 0
github.com/ingyamilmolinar/beatmo/internal/ui/game_close.go:29.2,29.22 1 1
github.com/ingyamilmolinar/beatmo/internal/ui/game_close.go:29.22,31.3 1 1
github.com/ingyamilmolinar/beatmo/internal/ui/game_close.go:32.2,32.20 1 1
github.com/ingyamilmolinar/beatmo/internal/ui/game_close.go:32.20,34.3 1 1
github.com/ingyamilmolinar/beatmo/internal/ui/game_close.go:35.2,35.17 1 1
github.com/ingyamilmolinar/beatmo/internal/ui/game_close_popups.go:6.33,11.2 4 1
github.com/ingyamilmolinar/beatmo/internal/ui/game_connect_mode.go:14.47,18.18 3 1
github.com/ingyamilmolinar/beatmo/internal/ui/game_connect_mode.go:18.18,20.3 1 1
github.com/ingyamilmolinar/beatmo/internal/ui/game_connect_mode.go:21.2,23.25 3 1
github.com/ingyamilmolinar/beatmo/internal/ui/game_connect_mode.go:27.47,29.19 2 1
github.com/ingyamilmolinar/beatmo/internal/ui/game_connect_mode.go:29.19,33.3 2 1
github.com/ingyamilmolinar/beatmo/internal/ui/game_connect_mode.go:35.2,35.39 1 1
github.com/ingyamilmolinar/beatmo/internal/ui/game_connect_mode.go:35.39,37.3 1 1
github.com/ingyamilmolinar/beatmo/internal/ui/game_connect_mode.go:39.2,39.88 1 1
github.com/ingyamilmolinar/beatmo/internal/ui/game_connect_mode.go:39.88,40.20 1 0
github.com/ingyamilmolinar/beatmo/internal/ui/game_connect_mode.go:40.20,42.4 1 0
github.com/ingyamilmolinar/beatmo/internal/ui/game_connect_mode.go:43.3,43.9 1 0
github.com/ingyamilmolinar/beatmo/internal/ui/game_connect_mode.go:46.2,47.46 2 1
github.com/ingyamilmolinar/beatmo/internal/ui/game_connect_mode.go:47.46,48.20 1 1
github.com/ingyamilmolinar/beatmo/internal/ui/game_connect_mode.go:48.20,50.4 1 1
github.com/ingyamilmolinar/beatmo/internal/ui/game_connect_mode.go:51.3,51.9 1 1
github.com/ingyamilmolinar/beatmo/internal/ui/game_connect_mode.go:54.2,55.23 2 1
github.com/ingyamilmolinar/beatmo/internal/ui/game_connect_mode.go:59.36,62.2 2 1
github.com/ingyamilmolinar/beatmo/internal/ui/game_connect_mode.go:66.51,67.48 1 1
github.com/ingyamilmolinar/beatmo/internal/ui/game_connect_mode.go:67.48,69.3 1 1
github.com/ingyamilmolinar/beatmo/internal/ui/game_connect_mode.go:71.2,74.17 4 1
github.com/ingyamilmolinar/beatmo/internal/ui/game_connect_mode.go:74.17,76.3 1 0
github.com/ingyamilmolinar/beatmo/internal/ui/game_connect_mode.go:77.2,89.61 11 1
github.com/ingyamilmolinar/beatmo/internal/ui/game_draw.go:12.43,14.22 2 1
github.com/ingyamilmolinar/beatmo/internal/ui/game_draw.go:14.22,16.3 1 0
github.com/ingyamilmolinar/beatmo/internal/ui/game_draw.go:17.2,20.27 2 1
github.com/ingyamilmolinar/beatmo/internal/ui/game_draw.go:20.27,22.74 2 1
github.com/ingyamilmolinar/beatmo/internal/ui/game_draw.go:22.74,23.43 1 1
github.com/ingyamilmolinar/beatmo/internal/ui/game_draw.go:23.43,28.5 4 1
github.com/ingyamilmolinar/beatmo/internal/ui/game_draw.go:31.3,31.21 1 1
github.com/ingyamilmolinar/beatmo/internal/ui/game_draw.go:33.2,34.17 2 1
github.com/ingyamilmolinar/beatmo/internal/ui/game_draw.go:34.17,35.73 1 1
github.com/ingyamilmolinar/beatmo/internal/ui/game_draw.go:35.73,38.4 2 1
github.com/ingyamilmolinar/beatmo/internal/ui/game_draw.go:38.9,40.4 1 0
github.com/ingyamilmolinar/beatmo/internal/ui/game_draw.go:41.3,41.25 1 1
github.com/ingyamilmolinar/beatmo/internal/ui/game_draw.go:43.2,56.22 13 1
github.com/ingyamilmolinar/beatmo/internal/ui/game_draw.go:56.22,58.3 1 1
github.com/ingyamilmolinar/beatmo/internal/ui/game_draw.go:59.2,59.22 1 1
github.com/ingyamilmolinar/beatmo/internal/ui/game_draw.go:59.22,61.3 1 1
github.com/ingyamilmolinar/beatmo/internal/ui/game_draw.go:63.2,63.28 1 1
github.com/ingyamilmolinar/beatmo/internal/ui/game_draw.go:63.28,65.30 2 0
github.com/ingyamilmolinar/beatmo/internal/ui/game_draw.go:65.30,66.50 1 0
github.com/ingyamilmolinar/beatmo/internal/ui/game_draw.go:66.50,68.5 1 0
github.com/ingyamilmolinar/beatmo/internal/ui/game_draw.go:68.10,70.5 1 0
github.com/ingyamilmolinar/beatmo/internal/ui/game_draw_grid_pane.go:28.51,41.19 7 1
github.com/ingyamilmolinar/beatmo/internal/ui/game_draw_grid_pane.go:41.19,42.21 1 0
github.com/ingyamilmolinar/beatmo/internal/ui/game_draw_grid_pane.go:42.21,44.4 1 0
github.com/ingyamilmolinar/beatmo/internal/ui/game_draw_grid_pane.go:45.8,49.25 2 1
github.com/ingyamilmolinar/beatmo/internal/ui/game_draw_grid_pane.go:49.25,51.4 1 0
github.com/ingyamilmolinar/beatmo/internal/ui/game_draw_grid_pane.go:53.3,53.91 1 1
github.com/ingyamilmolinar/beatmo/internal/ui/game_draw_grid_pane.go:53.91,54.22 1 1
github.com/ingyamilmolinar/beatmo/internal/ui/game_draw_grid_pane.go:54.22,56.5 1 0
github.com/ingyamilmolinar/beatmo/internal/ui/game_draw_grid_pane.go:57.4,59.36 3 1
github.com/ingyamilmolinar/beatmo/internal/ui/game_draw_grid_pane.go:61.3,61.38 1 1
github.com/ingyamilmolinar/beatmo/internal/ui/game_draw_grid_pane.go:61.38,73.246 8 1
github.com/ingyamilmolinar/beatmo/internal/ui/game_draw_grid_pane.go:73.246,76.63 3 1
github.com/ingyamilmolinar/beatmo/internal/ui/game_draw_grid_pane.go:76.63,79.24 3 1
github.com/ingyamilmolinar/beatmo/internal/ui/game_draw_grid_pane.go:79.24,81.7 1 0
github.com/ingyamilmolinar/beatmo/internal/ui/game_draw_grid_pane.go:84.4,84.14 1 1
github.com/ingyamilmolinar/beatmo/internal/ui/game_draw_grid_pane.go:84.14,86.275 1 1
github.com/ingyamilmolinar/beatmo/internal/ui/game_draw_grid_pane.go:86.275,89.62 3 0
github.com/ingyamilmolinar/beatmo/internal/ui/game_draw_grid_pane.go:89.62,91.31 1 0
github.com/ingyamilmolinar/beatmo/internal/ui/game_draw_grid_pane.go:91.31,93.32 2 0
github.com/ingyamilmolinar/beatmo/internal/ui/game_draw_grid_pane.go:93.32,95.9 1 0
github.com/ingyamilmolinar/beatmo/internal/ui/game_draw_grid_pane.go:100.5,115.40 13 1
github.com/ingyamilmolinar/beatmo/internal/ui/game_draw_grid_pane.go:115.40,116.41 1 1
github.com/ingyamilmolinar/beatmo/internal/ui/game_draw_grid_pane.go:116.41,120.7 3 1
github.com/ingyamilmolinar/beatmo/internal/ui/game_draw_grid_pane.go:122.5,123.23 2 1
github.com/ingyamilmolinar/beatmo/internal/ui/game_draw_grid_pane.go:123.23,125.6 1 0
github.com/ingyamilmolinar/beatmo/internal/ui/game_draw_grid_pane.go:131.2,134.20 4 1
github.com/ingyamilmolinar/beatmo/internal/ui/game_draw_grid_pane.go:134.20,137.3 2 0
github.com/ingyamilmolinar/beatmo/internal/ui/game_draw_grid_pane.go:138.2,139.20 2 1
github.com/ingyamilmolinar/beatmo/internal/ui/game_draw_grid_pane.go:139.20,144.17 4 0
github.com/ingyamilmolinar/beatmo/internal/ui/game_draw_grid_pane.go:144.17,146.4 1 0
github.com/ingyamilmolinar/beatmo/internal/ui/game_draw_grid_pane.go:147.3,147.33 1 0
github.com/ingyamilmolinar/beatmo/internal/ui/game_draw_grid_pane.go:147.33,149.4 1 0
github.com/ingyamilmolinar/beatmo/internal/ui/game_draw_grid_pane.go:150.3,150.21 1 0
github.com/ingyamilmolinar/beatmo/internal/ui/game_draw_grid_pane.go:150.21,152.4 1 0
github.com/ingyamilmolinar/beatmo/internal/ui/game_draw_grid_pane.go:153.3,153.237 1 0
github.com/ingyamilmolinar/beatmo/internal/ui/game_draw_grid_pane.go:155.2,162.39 4 1
github.com/ingyamilmolinar/beatmo/internal/ui/game_draw_grid_pane.go:162.39,162.83 1 1
github.com/ingyamilmolinar/beatmo/internal/ui/game_draw_grid_pane.go:163.2,167.30 3 1
github.com/ingyamilmolinar/beatmo/internal/ui/game_draw_grid_pane.go:167.30,170.16 3 0
github.com/ingyamilmolinar/beatmo/internal/ui/game_draw_grid_pane.go:170.16,172.4 1 0
github.com/ingyamilmolinar/beatmo/internal/ui/game_draw_grid_pane.go:172.9,172.33 1 0
github.com/ingyamilmolinar/beatmo/internal/ui/game_draw_grid_pane.go:172.33,174.4 1 0
github.com/ingyamilmolinar/beatmo/internal/ui/game_draw_grid_pane.go:175.3,176.23 2 0
github.com/ingyamilmolinar/beatmo/internal/ui/game_draw_grid_pane.go:180.2,189.62 4 1
github.com/ingyamilmolinar/beatmo/internal/ui/game_draw_grid_pane.go:189.62,191.3 1 1
github.com/ingyamilmolinar/beatmo/internal/ui/game_draw_grid_pane.go:192.2,196.23 5 1
github.com/ingyamilmolinar/beatmo/internal/ui/game_draw_grid_pane.go:196.23,198.3 1 0
github.com/ingyamilmolinar/beatmo/internal/ui/game_draw_grid_pane.go:200.2,201.13 2 1
github.com/ingyamilmolinar/beatmo/internal/ui/game_draw_grid_pane.go:201.13,203.3 1 1
github.com/ingyamilmolinar/beatmo/internal/ui/game_draw_grid_pane.go:205.2,208.19 4 1
github.com/ingyamilmolinar/beatmo/internal/ui/game_draw_grid_pane.go:208.19,209.190 1 1
github.com/ingyamilmolinar/beatmo/internal/ui/game_draw_grid_pane.go:209.190,212.62 3 1
github.com/ingyamilmolinar/beatmo/internal/ui/game_draw_grid_pane.go:212.62,216.23 4 1
github.com/ingyamilmolinar/beatmo/internal/ui/game_draw_grid_pane.go:216.23,218.6 1 0
github.com/ingyamilmolinar/beatmo/internal/ui/game_draw_grid_pane.go:221.3,221.18 1 1
github.com/ingyamilmolinar/beatmo/internal/ui/game_draw_grid_pane.go:221.18,223.219 1 1
github.com/ingyamilmolinar/beatmo/internal/ui/game_draw_grid_pane.go:223.219,226.63 3 0
github.com/ingyamilmolinar/beatmo/internal/ui/game_draw_grid_pane.go:226.63,227.30 1 0
github.com/ingyamilmolinar/beatmo/internal/ui/game_draw_grid_pane.go:227.30,229.31 2 0
github.com/ingyamilmolinar/beatmo/internal/ui/game_draw_grid_pane.go:229.31,231.8 1 0
github.com/ingyamilmolinar/beatmo/internal/ui/game_draw_grid_pane.go:236.4,250.27 14 1
github.com/ingyamilmolinar/beatmo/internal/ui/game_draw_grid_pane.go:250.27,254.18 4 1
github.com/ingyamilmolinar/beatmo/internal/ui/game_draw_grid_pane.go:254.18,256.6 1 1
github.com/ingyamilmolinar/beatmo/internal/ui/game_draw_grid_pane.go:257.5,258.18 2 1
github.com/ingyamilmolinar/beatmo/internal/ui/game_draw_grid_pane.go:258.18,260.6 1 1
github.com/ingyamilmolinar/beatmo/internal/ui/game_draw_grid_pane.go:261.5,265.65 5 1
github.com/ingyamilmolinar/beatmo/internal/ui/game_draw_grid_pane.go:265.65,266.14 1 1
github.com/ingyamilmolinar/beatmo/internal/ui/game_draw_grid_pane.go:268.5,271.80 4 1
github.com/ingyamilmolinar/beatmo/internal/ui/game_draw_grid_pane.go:271.80,274.6 2 1
github.com/ingyamilmolinar/beatmo/internal/ui/game_draw_grid_pane.go:275.5,282.10 6 1
github.com/ingyamilmolinar/beatmo/internal/ui/game_draw_grid_pane.go:284.4,288.22 5 1
github.com/ingyamilmolinar/beatmo/internal/ui/game_draw_grid_pane.go:288.22,290.5 1 0
github.com/ingyamilmolinar/beatmo/internal/ui/game_draw_grid_pane.go:293.2,293.25 1 1
github.com/ingyamilmolinar/beatmo/internal/ui/game_draw_grid_pane.go:293.25,298.78 5 1
github.com/ingyamilmolinar/beatmo/internal/ui/game_draw_grid_pane.go:298.78,301.4 2 1
github.com/ingyamilmolinar/beatmo/internal/ui/game_draw_grid_pane.go:304.3,304.21 1 1
github.com/ingyamilmolinar/beatmo/internal/ui/game_draw_grid_pane.go:304.21,313.16 9 1
github.com/ingyamilmolinar/beatmo/internal/ui/game_draw_grid_pane.go:313.16,314.16 1 1
github.com/ingyamilmolinar/beatmo/internal/ui/game_draw_grid_pane.go:314.16,316.6 1 0
github.com/ingyamilmolinar/beatmo/internal/ui/game_draw_grid_pane.go:317.5,318.44 2 1
github.com/ingyamilmolinar/beatmo/internal/ui/game_draw_grid_pane.go:319.10,319.23 1 0
github.com/ingyamilmolinar/beatmo/internal/ui/game_draw_grid_pane.go:319.23,320.16 1 0
github.com/ingyamilmolinar/beatmo/internal/ui/game_draw_grid_pane.go:320.16,322.6 1 0
github.com/ingyamilmolinar/beatmo/internal/ui/game_draw_grid_pane.go:323.5,324.44 2 0
github.com/ingyamilmolinar/beatmo/internal/ui/game_draw_grid_pane.go:325.10,330.5 3 0
github.com/ingyamilmolinar/beatmo/internal/ui/game_draw_grid_pane.go:332.4,332.16 1 1
github.com/ingyamilmolinar/beatmo/internal/ui/game_draw_grid_pane.go:332.16,336.16 3 1
github.com/ingyamilmolinar/beatmo/internal/ui/game_draw_grid_pane.go:336.16,338.14 2 0
github.com/ingyamilmolinar/beatmo/internal/ui/game_draw_grid_pane.go:340.5,348.68 9 1
github.com/ingyamilmolinar/beatmo/internal/ui/game_draw_grid_pane.go:350.4,351.12 2 1
github.com/ingyamilmolinar/beatmo/internal/ui/game_draw_grid_pane.go:354.3,356.16 3 1
github.com/ingyamilmolinar/beatmo/internal/ui/game_draw_grid_pane.go:356.16,358.4 1 1
github.com/ingyamilmolinar/beatmo/internal/ui/game_draw_grid_pane.go:359.3,360.16 2 1
github.com/ingyamilmolinar/beatmo/internal/ui/game_draw_grid_pane.go:360.16,362.4 1 1
github.com/ingyamilmolinar/beatmo/internal/ui/game_draw_grid_pane.go:363.3,367.59 5 1
github.com/ingyamilmolinar/beatmo/internal/ui/game_draw_grid_pane.go:367.59,368.12 1 1
github.com/ingyamilmolinar/beatmo/internal/ui/game_draw_grid_pane.go:372.3,372.19 1 1
github.com/ingyamilmolinar/beatmo/internal/ui/game_draw_grid_pane.go:372.19,377.4 4 0
github.com/ingyamilmolinar/beatmo/internal/ui/game_draw_grid_pane.go:377.9,377.21 1 1
github.com/ingyamilmolinar/beatmo/internal/ui/game_draw_grid_pane.go:377.21,382.4 4 1
github.com/ingyamilmolinar/beatmo/internal/ui/game_draw_grid_pane.go:383.3,383.21 1 1
github.com/ingyamilmolinar/beatmo/internal/ui/game_draw_grid_pane.go:383.21,399.68 14 0
github.com/ingyamilmolinar/beatmo/internal/ui/game_draw_grid_pane.go:399.68,401.5 1 0
github.com/ingyamilmolinar/beatmo/internal/ui/game_draw_grid_pane.go:406.3,406.66 1 1
github.com/ingyamilmolinar/beatmo/internal/ui/game_draw_grid_pane.go:406.66,413.4 6 0
github.com/ingyamilmolinar/beatmo/internal/ui/game_draw_grid_pane.go:417.2,417.40 1 1
github.com/ingyamilmolinar/beatmo/internal/ui/game_draw_grid_pane.go:417.40,433.3 13 0
github.com/ingyamilmolinar/beatmo/internal/ui/game_draw_grid_pane.go:436.2,436.40 1 1
github.com/ingyamilmolinar/beatmo/internal/ui/game_draw_grid_pane.go:436.40,453.3 12 0
github.com/ingyamilmolinar/beatmo/internal/ui/game_draw_grid_pane.go:456.2,456.23 1 1
github.com/ingyamilmolinar/beatmo/internal/ui/game_draw_grid_pane.go:456.23,460.90 4 0
github.com/ingyamilmolinar/beatmo/internal/ui/game_draw_grid_pane.go:460.90,463.4 2 0
github.com/ingyamilmolinar/beatmo/internal/ui/game_draw_grid_pane.go:464.3,465.41 1 0
github.com/ingyamilmolinar/beatmo/internal/ui/game_draw_grid_pane.go:470.2,470.42 1 1
github.com/ingyamilmolinar/beatmo/internal/ui/game_draw_grid_pane.go:470.42,472.3 1 1
github.com/ingyamilmolinar/beatmo/internal/ui/game_draw_grid_pane.go:472.8,474.3 1 1
github.com/ingyamilmolinar/beatmo/internal/ui/game_draw_grid_pane.go:475.2,475.28 1 1
github.com/ingyamilmolinar/beatmo/internal/ui/game_draw_grid_pane.go:475.28,477.3 1 1
github.com/ingyamilmolinar/beatmo/internal/ui/game_draw_grid_pane.go:480.2,488.18 4 1
github.com/ingyamilmolinar/beatmo/internal/ui/game_draw_grid_pane.go:488.18,497.18 4 1
github.com/ingyamilmolinar/beatmo/internal/ui/game_draw_grid_pane.go:497.18,498.102 1 1
github.com/ingyamilmolinar/beatmo/internal/ui/game_draw_grid_pane.go:498.102,500.5 1 1
github.com/ingyamilmolinar/beatmo/internal/ui/game_draw_grid_pane.go:500.10,502.5 1 1
github.com/ingyamilmolinar/beatmo/internal/ui/game_draw_grid_pane.go:503.4,503.32 1 1
github.com/ingyamilmolinar/beatmo/internal/ui/game_draw_grid_pane.go:503.32,505.5 1 1
github.com/ingyamilmolinar/beatmo/internal/ui/game_draw_grid_pane.go:506.4,507.36 2 1
github.com/ingyamilmolinar/beatmo/internal/ui/game_draw_grid_pane.go:507.36,509.56 2 1
github.com/ingyamilmolinar/beatmo/internal/ui/game_draw_grid_pane.go:509.56,510.14 1 0
github.com/ingyamilmolinar/beatmo/internal/ui/game_draw_grid_pane.go:512.5,513.89 2 1
github.com/ingyamilmolinar/beatmo/internal/ui/game_draw_grid_pane.go:513.89,514.14 1 1
github.com/ingyamilmolinar/beatmo/internal/ui/game_draw_grid_pane.go:516.5,517.77 2 1
github.com/ingyamilmolinar/beatmo/internal/ui/game_draw_grid_pane.go:517.77,518.14 1 0
github.com/ingyamilmolinar/beatmo/internal/ui/game_draw_grid_pane.go:520.5,521.16 2 1
github.com/ingyamilmolinar/beatmo/internal/ui/game_draw_grid_pane.go:521.16,523.6 1 1
github.com/ingyamilmolinar/beatmo/internal/ui/game_draw_grid_pane.go:524.5,525.59 2 1
github.com/ingyamilmolinar/beatmo/internal/ui/game_draw_grid_pane.go:525.59,527.6 1 1
github.com/ingyamilmolinar/beatmo/internal/ui/game_draw_grid_pane.go:528.5,530.14 3 1
github.com/ingyamilmolinar/beatmo/internal/ui/game_draw_grid_pane.go:530.14,532.17 2 1
github.com/ingyamilmolinar/beatmo/internal/ui/game_draw_grid_pane.go:532.17,534.7 1 1
github.com/ingyamilmolinar/beatmo/internal/ui/game_draw_grid_pane.go:534.12,536.7 1 1
github.com/ingyamilmolinar/beatmo/internal/ui/game_draw_grid_pane.go:537.6,537.39 1 1
github.com/ingyamilmolinar/beatmo/internal/ui/game_draw_grid_pane.go:539.5,543.19 5 1
github.com/ingyamilmolinar/beatmo/internal/ui/game_draw_grid_pane.go:543.19,546.6 2 1
github.com/ingyamilmolinar/beatmo/internal/ui/game_draw_grid_pane.go:547.5,552.10 6 1
github.com/ingyamilmolinar/beatmo/internal/ui/game_draw_grid_pane.go:554.4,558.25 5 1
github.com/ingyamilmolinar/beatmo/internal/ui/game_draw_grid_pane.go:562.3,565.35 2 1
github.com/ingyamilmolinar/beatmo/internal/ui/game_draw_grid_pane.go:565.35,567.55 2 1
github.com/ingyamilmolinar/beatmo/internal/ui/game_draw_grid_pane.go:567.55,568.13 1 0
github.com/ingyamilmolinar/beatmo/internal/ui/game_draw_grid_pane.go:570.4,572.58 3 1
github.com/ingyamilmolinar/beatmo/internal/ui/game_draw_grid_pane.go:572.58,575.5 2 1
github.com/ingyamilmolinar/beatmo/internal/ui/game_draw_grid_pane.go:576.4,577.14 2 1
github.com/ingyamilmolinar/beatmo/internal/ui/game_draw_grid_pane.go:577.14,579.5 1 0
github.com/ingyamilmolinar/beatmo/internal/ui/game_draw_grid_pane.go:579.10,579.20 1 1
github.com/ingyamilmolinar/beatmo/internal/ui/game_draw_grid_pane.go:579.20,581.5 1 1
github.com/ingyamilmolinar/beatmo/internal/ui/game_draw_grid_pane.go:582.4,583.51 2 1
github.com/ingyamilmolinar/beatmo/internal/ui/game_draw_grid_pane.go:583.51,584.40 1 1
github.com/ingyamilmolinar/beatmo/internal/ui/game_draw_grid_pane.go:584.40,585.67 1 1
github.com/ingyamilmolinar/beatmo/internal/ui/game_draw_grid_pane.go:585.67,588.7 2 1
github.com/ingyamilmolinar/beatmo/internal/ui/game_draw_grid_pane.go:591.4,591.56 1 1
github.com/ingyamilmolinar/beatmo/internal/ui/game_draw_grid_pane.go:591.56,593.34 2 1
github.com/ingyamilmolinar/beatmo/internal/ui/game_draw_grid_pane.go:593.34,596.6 2 0
github.com/ingyamilmolinar/beatmo/internal/ui/game_draw_grid_pane.go:598.4,600.49 3 1
github.com/ingyamilmolinar/beatmo/internal/ui/game_draw_grid_pane.go:600.49,601.13 1 1
github.com/ingyamilmolinar/beatmo/internal/ui/game_draw_grid_pane.go:603.4,604.88 2 1
github.com/ingyamilmolinar/beatmo/internal/ui/game_draw_grid_pane.go:604.88,605.13 1 1
github.com/ingyamilmolinar/beatmo/internal/ui/game_draw_grid_pane.go:607.4,608.76 2 1
github.com/ingyamilmolinar/beatmo/internal/ui/game_draw_grid_pane.go:608.76,609.13 1 0
github.com/ingyamilmolinar/beatmo/internal/ui/game_draw_grid_pane.go:611.4,611.18 1 1
github.com/ingyamilmolinar/beatmo/internal/ui/game_draw_grid_pane.go:611.18,613.16 2 1
github.com/ingyamilmolinar/beatmo/internal/ui/game_draw_grid_pane.go:613.16,615.6 1 0
github.com/ingyamilmolinar/beatmo/internal/ui/game_draw_grid_pane.go:616.5,618.14 3 1
github.com/ingyamilmolinar/beatmo/internal/ui/game_draw_grid_pane.go:618.14,620.17 2 1
github.com/ingyamilmolinar/beatmo/internal/ui/game_draw_grid_pane.go:620.17,622.7 1 1
github.com/ingyamilmolinar/beatmo/internal/ui/game_draw_grid_pane.go:622.12,624.7 1 1
github.com/ingyamilmolinar/beatmo/internal/ui/game_draw_grid_pane.go:625.6,625.30 1 1
github.com/ingyamilmolinar/beatmo/internal/ui/game_draw_grid_pane.go:628.5,628.37 1 1
github.com/ingyamilmolinar/beatmo/internal/ui/game_draw_grid_pane.go:628.37,633.25 5 1
github.com/ingyamilmolinar/beatmo/internal/ui/game_draw_grid_pane.go:633.25,635.7 1 0
github.com/ingyamilmolinar/beatmo/internal/ui/game_draw_grid_pane.go:636.6,636.19 1 1
github.com/ingyamilmolinar/beatmo/internal/ui/game_draw_grid_pane.go:636.19,638.7 1 0
github.com/ingyamilmolinar/beatmo/internal/ui/game_draw_grid_pane.go:639.6,644.37 6 1
github.com/ingyamilmolinar/beatmo/internal/ui/game_draw_grid_pane.go:647.5,647.40 1 1
github.com/ingyamilmolinar/beatmo/internal/ui/game_draw_grid_pane.go:647.40,652.19 5 1
github.com/ingyamilmolinar/beatmo/internal/ui/game_draw_grid_pane.go:652.19,654.7 1 0
github.com/ingyamilmolinar/beatmo/internal/ui/game_draw_grid_pane.go:655.6,656.26 2 1
github.com/ingyamilmolinar/beatmo/internal/ui/game_draw_grid_pane.go:656.26,658.7 1 1
github.com/ingyamilmolinar/beatmo/internal/ui/game_draw_grid_pane.go:659.6,659.19 1 1
github.com/ingyamilmolinar/beatmo/internal/ui/game_draw_grid_pane.go:659.19,661.7 1 0
github.com/ingyamilmolinar/beatmo/internal/ui/game_draw_grid_pane.go:662.6,662.20 1 1
github.com/ingyamilmolinar/beatmo/internal/ui/game_draw_grid_pane.go:662.20,664.7 1 0
github.com/ingyamilmolinar/beatmo/internal/ui/game_draw_grid_pane.go:665.6,670.78 6 1
github.com/ingyamilmolinar/beatmo/internal/ui/game_draw_grid_pane.go:673.5,673.33 1 1
github.com/ingyamilmolinar/beatmo/internal/ui/game_draw_grid_pane.go:673.33,675.6 1 0
github.com/ingyamilmolinar/beatmo/internal/ui/game_draw_grid_pane.go:676.5,680.19 5 1
github.com/ingyamilmolinar/beatmo/internal/ui/game_draw_grid_pane.go:680.19,683.6 2 1
github.com/ingyamilmolinar/beatmo/internal/ui/game_draw_grid_pane.go:684.5,688.29 5 1
github.com/ingyamilmolinar/beatmo/internal/ui/game_draw_grid_pane.go:691.4,693.18 3 1
github.com/ingyamilmolinar/beatmo/internal/ui/game_draw_grid_pane.go:693.18,698.5 4 1
github.com/ingyamilmolinar/beatmo/internal/ui/game_draw_grid_pane.go:698.10,698.25 1 1
github.com/ingyamilmolinar/beatmo/internal/ui/game_draw_grid_pane.go:698.25,704.5 5 1
github.com/ingyamilmolinar/beatmo/internal/ui/game_draw_grid_pane.go:706.8,708.34 1 1
github.com/ingyamilmolinar/beatmo/internal/ui/game_draw_grid_pane.go:708.34,710.54 2 1
github.com/ingyamilmolinar/beatmo/internal/ui/game_draw_grid_pane.go:710.54,711.12 1 1
github.com/ingyamilmolinar/beatmo/internal/ui/game_draw_grid_pane.go:714.3,716.57 3 1
github.com/ingyamilmolinar/beatmo/internal/ui/game_draw_grid_pane.go:716.57,719.4 2 1
github.com/ingyamilmolinar/beatmo/internal/ui/game_draw_grid_pane.go:721.3,722.13 2 1
github.com/ingyamilmolinar/beatmo/internal/ui/game_draw_grid_pane.go:722.13,724.4 1 0
github.com/ingyamilmolinar/beatmo/internal/ui/game_draw_grid_pane.go:724.9,724.19 1 1
github.com/ingyamilmolinar/beatmo/internal/ui/game_draw_grid_pane.go:724.19,726.4 1 1
github.com/ingyamilmolinar/beatmo/internal/ui/game_draw_grid_pane.go:729.3,730.87 2 1
github.com/ingyamilmolinar/beatmo/internal/ui/game_draw_grid_pane.go:730.87,731.12 1 0
github.com/ingyamilmolinar/beatmo/internal/ui/game_draw_grid_pane.go:734.3,739.50 3 1
github.com/ingyamilmolinar/beatmo/internal/ui/game_draw_grid_pane.go:739.50,740.39 1 1
github.com/ingyamilmolinar/beatmo/internal/ui/game_draw_grid_pane.go:740.39,744.66 1 0
github.com/ingyamilmolinar/beatmo/internal/ui/game_draw_grid_pane.go:744.66,748.6 3 0
github.com/ingyamilmolinar/beatmo/internal/ui/game_draw_grid_pane.go:751.3,751.55 1 1
github.com/ingyamilmolinar/beatmo/internal/ui/game_draw_grid_pane.go:751.55,753.33 2 0
github.com/ingyamilmolinar/beatmo/internal/ui/game_draw_grid_pane.go:753.33,756.5 2 0
github.com/ingyamilmolinar/beatmo/internal/ui/game_draw_grid_pane.go:758.3,759.12 2 1
github.com/ingyamilmolinar/beatmo/internal/ui/game_draw_grid_pane.go:759.12,761.15 2 1
github.com/ingyamilmolinar/beatmo/internal/ui/game_draw_grid_pane.go:761.15,763.5 1 1
github.com/ingyamilmolinar/beatmo/internal/ui/game_draw_grid_pane.go:763.10,765.5 1 0
github.com/ingyamilmolinar/beatmo/internal/ui/game_draw_grid_pane.go:766.4,767.22 2 1
github.com/ingyamilmolinar/beatmo/internal/ui/game_draw_grid_pane.go:767.22,774.5 4 0
github.com/ingyamilmolinar/beatmo/internal/ui/game_draw_grid_pane.go:778.3,780.107 2 1
github.com/ingyamilmolinar/beatmo/internal/ui/game_draw_grid_pane.go:780.107,781.12 1 0
github.com/ingyamilmolinar/beatmo/internal/ui/game_draw_grid_pane.go:785.3,785.20 1 1
github.com/ingyamilmolinar/beatmo/internal/ui/game_draw_grid_pane.go:785.20,787.15 2 1
github.com/ingyamilmolinar/beatmo/internal/ui/game_draw_grid_pane.go:787.15,789.5 1 0
github.com/ingyamilmolinar/beatmo/internal/ui/game_draw_grid_pane.go:790.4,792.13 3 1
github.com/ingyamilmolinar/beatmo/internal/ui/game_draw_grid_pane.go:792.13,794.16 2 1
github.com/ingyamilmolinar/beatmo/internal/ui/game_draw_grid_pane.go:794.16,796.6 1 1
github.com/ingyamilmolinar/beatmo/internal/ui/game_draw_grid_pane.go:796.11,798.6 1 0
github.com/ingyamilmolinar/beatmo/internal/ui/game_draw_grid_pane.go:799.5,800.19 2 1
github.com/ingyamilmolinar/beatmo/internal/ui/game_draw_grid_pane.go:800.19,802.6 1 0
github.com/ingyamilmolinar/beatmo/internal/ui/game_draw_grid_pane.go:804.4,811.21 8 1
github.com/ingyamilmolinar/beatmo/internal/ui/game_draw_grid_pane.go:812.9,812.30 1 0
github.com/ingyamilmolinar/beatmo/internal/ui/game_draw_grid_pane.go:812.30,816.4 2 0
github.com/ingyamilmolinar/beatmo/internal/ui/game_draw_grid_pane.go:816.9,820.15 2 0
github.com/ingyamilmolinar/beatmo/internal/ui/game_draw_grid_pane.go:820.15,822.5 1 0
github.com/ingyamilmolinar/beatmo/internal/ui/game_draw_grid_pane.go:824.4,826.13 3 0
github.com/ingyamilmolinar/beatmo/internal/ui/game_draw_grid_pane.go:826.13,828.16 2 0
github.com/ingyamilmolinar/beatmo/internal/ui/game_draw_grid_pane.go:828.16,830.6 1 0
github.com/ingyamilmolinar/beatmo/internal/ui/game_draw_grid_pane.go:830.11,832.6 1 0
github.com/ingyamilmolinar/beatmo/internal/ui/game_draw_grid_pane.go:833.5,834.19 2 0
github.com/ingyamilmolinar/beatmo/internal/ui/game_draw_grid_pane.go:834.19,837.6 1 0
github.com/ingyamilmolinar/beatmo/internal/ui/game_draw_grid_pane.go:841.4,841.50 1 0
github.com/ingyamilmolinar/beatmo/internal/ui/game_draw_grid_pane.go:841.50,847.24 5 0
github.com/ingyamilmolinar/beatmo/internal/ui/game_draw_grid_pane.go:847.24,849.6 1 0
github.com/ingyamilmolinar/beatmo/internal/ui/game_draw_grid_pane.go:850.5,850.18 1 0
github.com/ingyamilmolinar/beatmo/internal/ui/game_draw_grid_pane.go:850.18,852.6 1 0
github.com/ingyamilmolinar/beatmo/internal/ui/game_draw_grid_pane.go:853.5,858.36 6 0
github.com/ingyamilmolinar/beatmo/internal/ui/game_draw_grid_pane.go:861.4,861.55 1 0
github.com/ingyamilmolinar/beatmo/internal/ui/game_draw_grid_pane.go:861.55,867.18 5 0
github.com/ingyamilmolinar/beatmo/internal/ui/game_draw_grid_pane.go:867.18,869.6 1 0
github.com/ingyamilmolinar/beatmo/internal/ui/game_draw_grid_pane.go:871.5,872.41 2 0
github.com/ingyamilmolinar/beatmo/internal/ui/game_draw_grid_pane.go:872.41,874.6 1 0
github.com/ingyamilmolinar/beatmo/internal/ui/game_draw_grid_pane.go:875.5,875.18 1 0
github.com/ingyamilmolinar/beatmo/internal/ui/game_draw_grid_pane.go:875.18,877.6 1 0
github.com/ingyamilmolinar/beatmo/internal/ui/game_draw_grid_pane.go:878.5,878.19 1 0
github.com/ingyamilmolinar/beatmo/internal/ui/game_draw_grid_pane.go:878.19,880.6 1 0
github.com/ingyamilmolinar/beatmo/internal/ui/game_draw_grid_pane.go:881.5,888.77 6 0
github.com/ingyamilmolinar/beatmo/internal/ui/game_draw_grid_pane.go:890.4,890.32 1 0
github.com/ingyamilmolinar/beatmo/internal/ui/game_draw_grid_pane.go:890.32,892.5 1 0
github.com/ingyamilmolinar/beatmo/internal/ui/game_draw_grid_pane.go:893.4,897.18 5 0
github.com/ingyamilmolinar/beatmo/internal/ui/game_draw_grid_pane.go:897.18,900.5 2 0
github.com/ingyamilmolinar/beatmo/internal/ui/game_draw_grid_pane.go:901.4,909.22 9 0
github.com/ingyamilmolinar/beatmo/internal/ui/game_draw_grid_pane.go:909.22,916.5 6 0
github.com/ingyamilmolinar/beatmo/internal/ui/game_draw_grid_pane.go:919.3,921.42 3 1
github.com/ingyamilmolinar/beatmo/internal/ui/game_draw_grid_pane.go:921.42,926.4 4 1
github.com/ingyamilmolinar/beatmo/internal/ui/game_draw_grid_pane.go:926.9,926.81 1 1
github.com/ingyamilmolinar/beatmo/internal/ui/game_draw_grid_pane.go:926.81,932.4 5 0
github.com/ingyamilmolinar/beatmo/internal/ui/game_draw_grid_pane.go:937.2,937.40 1 1
github.com/ingyamilmolinar/beatmo/internal/ui/game_draw_grid_pane.go:937.40,951.3 13 0
github.com/ingyamilmolinar/beatmo/internal/ui/game_draw_grid_pane.go:954.2,954.24 1 1
github.com/ingyamilmolinar/beatmo/internal/ui/game_draw_grid_pane.go:954.24,956.3 1 0
github.com/ingyamilmolinar/beatmo/internal/ui/game_draw_grid_pane.go:961.2,962.35 2 1
github.com/ingyamilmolinar/beatmo/internal/ui/game_draw_grid_pane.go:962.35,965.50 1 1
github.com/ingyamilmolinar/beatmo/internal/ui/game_draw_grid_pane.go:965.50,966.12 1 0
github.com/ingyamilmolinar/beatmo/internal/ui/game_draw_grid_pane.go:968.3,971.45 4 1
github.com/ingyamilmolinar/beatmo/internal/ui/game_draw_grid_pane.go:971.45,974.4 2 1
github.com/ingyamilmolinar/beatmo/internal/ui/game_draw_grid_pane.go:975.3,979.21 5 1
github.com/ingyamilmolinar/beatmo/internal/ui/game_draw_grid_pane.go:979.21,983.4 3 0
github.com/ingyamilmolinar/beatmo/internal/ui/game_draw_grid_pane.go:987.2,987.40 1 1
github.com/ingyamilmolinar/beatmo/internal/ui/game_draw_grid_pane.go:987.40,990.26 3 0
github.com/ingyamilmolinar/beatmo/internal/ui/game_draw_grid_pane.go:990.26,1002.18 12 0
github.com/ingyamilmolinar/beatmo/internal/ui/game_draw_grid_pane.go:1002.18,1004.5 1 0
github.com/ingyamilmolinar/beatmo/internal/ui/game_draw_grid_pane.go:1005.4,1005.18 1 0
github.com/ingyamilmolinar/beatmo/internal/ui/game_draw_grid_pane.go:1005.18,1007.5 1 0
github.com/ingyamilmolinar/beatmo/internal/ui/game_draw_grid_pane.go:1009.3,1009.134 1 0
github.com/ingyamilmolinar/beatmo/internal/ui/game_draw_grid_pane.go:1013.2,1013.29 1 1
github.com/ingyamilmolinar/beatmo/internal/ui/game_draw_grid_pane.go:1013.29,1015.27 2 1
github.com/ingyamilmolinar/beatmo/internal/ui/game_draw_grid_pane.go:1015.27,1019.4 1 0
github.com/ingyamilmolinar/beatmo/internal/ui/game_draw_grid_pane.go:1019.9,1022.4 1 1
github.com/ingyamilmolinar/beatmo/internal/ui/game_draw_grid_pane.go:1023.3,1023.17 1 1
github.com/ingyamilmolinar/beatmo/internal/ui/game_draw_grid_pane.go:1023.17,1025.4 1 0
github.com/ingyamilmolinar/beatmo/internal/ui/game_draw_grid_pane.go:1025.9,1029.15 4 1
github.com/ingyamilmolinar/beatmo/internal/ui/game_draw_grid_pane.go:1029.15,1031.5 1 0
github.com/ingyamilmolinar/beatmo/internal/ui/game_draw_grid_pane.go:1032.4,1037.66 6 1
github.com/ingyamilmolinar/beatmo/internal/ui/game_draw_grid_pane.go:1042.2,1042.39 1 1
github.com/ingyamilmolinar/beatmo/internal/ui/game_draw_grid_pane.go:1042.39,1045.28 2 0
github.com/ingyamilmolinar/beatmo/internal/ui/game_draw_grid_pane.go:1045.28,1047.4 1 0
github.com/ingyamilmolinar/beatmo/internal/ui/game_draw_grid_pane.go:1048.3,1050.18 3 0
github.com/ingyamilmolinar/beatmo/internal/ui/game_draw_grid_pane.go:1050.18,1052.4 1 0
github.com/ingyamilmolinar/beatmo/internal/ui/game_draw_grid_pane.go:1053.3,1069.61 13 0
github.com/ingyamilmolinar/beatmo/internal/ui/game_draw_grid_pane.go:1069.61,1079.4 9 0
github.com/ingyamilmolinar/beatmo/internal/ui/game_draw_grid_pane.go:1083.2,1083.19 1 1
github.com/ingyamilmolinar/beatmo/internal/ui/game_draw_grid_pane.go:1083.19,1099.3 14 0
github.com/ingyamilmolinar/beatmo/internal/ui/game_draw_grid_pane.go:1102.2,1109.61 4 1
github.com/ingyamilmolinar/beatmo/internal/ui/game_draw_grid_pane.go:1109.61,1118.14 9 1
github.com/ingyamilmolinar/beatmo/internal/ui/game_draw_grid_pane.go:1118.14,1120.4 1 1
github.com/ingyamilmolinar/beatmo/internal/ui/game_draw_grid_pane.go:1121.3,1121.14 1 1
github.com/ingyamilmolinar/beatmo/internal/ui/game_draw_grid_pane.go:1121.14,1123.4 1 1
github.com/ingyamilmolinar/beatmo/internal/ui/game_draw_grid_pane.go:1124.3,1125.49 2 1
github.com/ingyamilmolinar/beatmo/internal/ui/game_draw_grid_pane.go:1126.8,1128.3 1 1
github.com/ingyamilmolinar/beatmo/internal/ui/game_draw_grid_pane.go:1135.45,1137.28 2 1
github.com/ingyamilmolinar/beatmo/internal/ui/game_draw_grid_pane.go:1137.28,1139.10 2 1
github.com/ingyamilmolinar/beatmo/internal/ui/game_draw_grid_pane.go:1139.10,1140.12 1 0
github.com/ingyamilmolinar/beatmo/internal/ui/game_draw_grid_pane.go:1142.3,1143.14 2 1
github.com/ingyamilmolinar/beatmo/internal/ui/game_draw_grid_pane.go:1143.14,1145.4 1 1
github.com/ingyamilmolinar/beatmo/internal/ui/game_draw_grid_pane.go:1146.3,1147.78 2 1
github.com/ingyamilmolinar/beatmo/internal/ui/game_draw_grid_pane.go:1147.78,1151.4 3 1
github.com/ingyamilmolinar/beatmo/internal/ui/game_draw_grid_pane.go:1153.2,1153.10 1 1
github.com/ingyamilmolinar/beatmo/internal/ui/game_draw_helpers.go:15.50,22.24 7 1
github.com/ingyamilmolinar/beatmo/internal/ui/game_draw_helpers.go:22.24,24.3 1 1
github.com/ingyamilmolinar/beatmo/internal/ui/game_draw_helpers.go:24.8,26.3 1 0
github.com/ingyamilmolinar/beatmo/internal/ui/game_draw_helpers.go:27.2,28.11 2 1
github.com/ingyamilmolinar/beatmo/internal/ui/game_draw_helpers.go:28.11,31.3 2 1
github.com/ingyamilmolinar/beatmo/internal/ui/game_draw_helpers.go:32.2,37.24 6 1
github.com/ingyamilmolinar/beatmo/internal/ui/game_draw_helpers.go:37.24,39.13 2 1
github.com/ingyamilmolinar/beatmo/internal/ui/game_draw_helpers.go:39.13,41.4 1 0
github.com/ingyamilmolinar/beatmo/internal/ui/game_draw_helpers.go:41.9,45.4 3 1
github.com/ingyamilmolinar/beatmo/internal/ui/game_draw_helpers.go:46.3,46.55 1 1
github.com/ingyamilmolinar/beatmo/internal/ui/game_draw_helpers.go:47.8,49.13 2 0
github.com/ingyamilmolinar/beatmo/internal/ui/game_draw_helpers.go:49.13,51.4 1 0
github.com/ingyamilmolinar/beatmo/internal/ui/game_draw_helpers.go:51.9,55.4 3 0
github.com/ingyamilmolinar/beatmo/internal/ui/game_draw_helpers.go:56.3,56.56 1 0
github.com/ingyamilmolinar/beatmo/internal/ui/game_draw_helpers.go:61.74,69.2 5 0
github.com/ingyamilmolinar/beatmo/internal/ui/game_draw_helpers.go:71.29,72.14 1 0
github.com/ingyamilmolinar/beatmo/internal/ui/game_draw_helpers.go:72.14,74.3 1 0
github.com/ingyamilmolinar/beatmo/internal/ui/game_draw_helpers.go:75.2,75.13 1 0
github.com/ingyamilmolinar/beatmo/internal/ui/game_draw_helpers.go:81.56,82.17 1 1
github.com/ingyamilmolinar/beatmo/internal/ui/game_draw_helpers.go:82.17,84.3 1 0
github.com/ingyamilmolinar/beatmo/internal/ui/game_draw_helpers.go:85.2,86.20 2 1
github.com/ingyamilmolinar/beatmo/internal/ui/game_draw_helpers.go:86.20,88.3 1 0
github.com/ingyamilmolinar/beatmo/internal/ui/game_draw_helpers.go:91.2,91.34 1 1
github.com/ingyamilmolinar/beatmo/internal/ui/game_draw_helpers.go:91.34,96.33 2 1
github.com/ingyamilmolinar/beatmo/internal/ui/game_draw_helpers.go:96.33,97.12 1 1
github.com/ingyamilmolinar/beatmo/internal/ui/game_draw_helpers.go:100.3,101.12 2 1
github.com/ingyamilmolinar/beatmo/internal/ui/game_draw_helpers.go:101.12,103.4 1 0
github.com/ingyamilmolinar/beatmo/internal/ui/game_draw_helpers.go:104.3,105.16 2 1
github.com/ingyamilmolinar/beatmo/internal/ui/game_draw_helpers.go:105.16,107.4 1 0
github.com/ingyamilmolinar/beatmo/internal/ui/game_draw_helpers.go:109.3,109.32 1 1
github.com/ingyamilmolinar/beatmo/internal/ui/game_draw_helpers.go:109.32,111.19 2 1
github.com/ingyamilmolinar/beatmo/internal/ui/game_draw_helpers.go:111.19,112.13 1 0
github.com/ingyamilmolinar/beatmo/internal/ui/game_draw_helpers.go:114.4,118.34 4 1
github.com/ingyamilmolinar/beatmo/internal/ui/game_draw_helpers.go:118.34,122.5 3 1
github.com/ingyamilmolinar/beatmo/internal/ui/game_draw_helpers.go:125.3,125.32 1 1
github.com/ingyamilmolinar/beatmo/internal/ui/game_draw_helpers.go:125.32,127.19 2 1
github.com/ingyamilmolinar/beatmo/internal/ui/game_draw_helpers.go:127.19,128.13 1 0
github.com/ingyamilmolinar/beatmo/internal/ui/game_draw_helpers.go:130.4,133.34 4 1
github.com/ingyamilmolinar/beatmo/internal/ui/game_draw_helpers.go:133.34,137.5 3 1
github.com/ingyamilmolinar/beatmo/internal/ui/game_draw_helpers.go:140.2,140.12 1 1
github.com/ingyamilmolinar/beatmo/internal/ui/game_draw_helpers.go:143.48,149.14 2 1
github.com/ingyamilmolinar/beatmo/internal/ui/game_draw_helpers.go:149.14,151.3 1 0
github.com/ingyamilmolinar/beatmo/internal/ui/game_draw_helpers.go:152.2,152.13 1 1
github.com/ingyamilmolinar/beatmo/internal/ui/game_draw_helpers.go:152.13,154.3 1 1
github.com/ingyamilmolinar/beatmo/internal/ui/game_draw_helpers.go:158.2,160.105 3 1
github.com/ingyamilmolinar/beatmo/internal/ui/game_draw_helpers.go:163.29,164.14 1 1
github.com/ingyamilmolinar/beatmo/internal/ui/game_draw_helpers.go:164.14,166.3 1 0
github.com/ingyamilmolinar/beatmo/internal/ui/game_draw_helpers.go:167.2,167.26 1 1
github.com/ingyamilmolinar/beatmo/internal/ui/game_draw_helpers.go:167.26,169.3 1 1
github.com/ingyamilmolinar/beatmo/internal/ui/game_draw_helpers.go:170.2,170.35 1 0
github.com/ingyamilmolinar/beatmo/internal/ui/game_draw_helpers.go:170.35,172.3 1 0
github.com/ingyamilmolinar/beatmo/internal/ui/game_draw_helpers.go:173.2,173.19 1 0
github.com/ingyamilmolinar/beatmo/internal/ui/game_draw_worldrect.go:7.91,13.2 5 1
github.com/ingyamilmolinar/beatmo/internal/ui/game_draw_worldrect.go:16.37,17.44 1 1
github.com/ingyamilmolinar/beatmo/internal/ui/game_draw_worldrect.go:17.44,19.3 1 0
github.com/ingyamilmolinar/beatmo/internal/ui/game_draw_worldrect.go:20.2,21.29 2 1
github.com/ingyamilmolinar/beatmo/internal/ui/game_draw_worldrect.go:21.29,25.3 3 1
github.com/ingyamilmolinar/beatmo/internal/ui/game_draw_worldrect.go:26.2,26.10 1 1
github.com/ingyamilmolinar/beatmo/internal/ui/game_graph_beat_index.go:7.59,8.45 1 1
github.com/ingyamilmolinar/beatmo/internal/ui/game_graph_beat_index.go:8.45,10.3 1 1
github.com/ingyamilmolinar/beatmo/internal/ui/game_graph_beat_index.go:11.2,12.21 2 1
github.com/ingyamilmolinar/beatmo/internal/ui/game_graph_beat_index.go:12.21,14.3 1 1
github.com/ingyamilmolinar/beatmo/internal/ui/game_graph_beat_index.go:15.2,15.13 1 1
github.com/ingyamilmolinar/beatmo/internal/ui/game_graph_beat_index.go:15.13,17.3 1 0
github.com/ingyamilmolinar/beatmo/internal/ui/game_graph_beat_index.go:18.2,18.22 1 1
github.com/ingyamilmolinar/beatmo/internal/ui/game_graph_beat_index.go:18.22,20.3 1 1
github.com/ingyamilmolinar/beatmo/internal/ui/game_graph_beat_index.go:21.2,21.25 1 1
github.com/ingyamilmolinar/beatmo/internal/ui/game_graph_beat_index.go:21.25,23.3 1 1
github.com/ingyamilmolinar/beatmo/internal/ui/game_graph_beat_index.go:24.2,25.18 2 1
github.com/ingyamilmolinar/beatmo/internal/ui/game_graph_beat_index.go:25.18,27.3 1 0
github.com/ingyamilmolinar/beatmo/internal/ui/game_graph_beat_index.go:28.2,29.19 2 1
github.com/ingyamilmolinar/beatmo/internal/ui/game_graph_beat_index.go:32.51,33.45 1 1
github.com/ingyamilmolinar/beatmo/internal/ui/game_graph_beat_index.go:33.45,35.3 1 0
github.com/ingyamilmolinar/beatmo/internal/ui/game_graph_beat_index.go:36.2,37.21 2 1
github.com/ingyamilmolinar/beatmo/internal/ui/game_graph_beat_index.go:37.21,39.3 1 0
github.com/ingyamilmolinar/beatmo/internal/ui/game_graph_beat_index.go:40.2,40.13 1 1
github.com/ingyamilmolinar/beatmo/internal/ui/game_graph_beat_index.go:40.13,42.3 1 1
github.com/ingyamilmolinar/beatmo/internal/ui/game_graph_beat_index.go:43.2,43.22 1 1
github.com/ingyamilmolinar/beatmo/internal/ui/game_graph_beat_index.go:43.22,45.3 1 1
github.com/ingyamilmolinar/beatmo/internal/ui/game_graph_beat_index.go:46.2,46.25 1 1
github.com/ingyamilmolinar/beatmo/internal/ui/game_graph_beat_index.go:46.25,48.3 1 1
github.com/ingyamilmolinar/beatmo/internal/ui/game_graph_beat_index.go:49.2,50.18 2 1
github.com/ingyamilmolinar/beatmo/internal/ui/game_graph_beat_index.go:50.18,52.3 1 0
github.com/ingyamilmolinar/beatmo/internal/ui/game_graph_beat_index.go:53.2,53.68 1 1
github.com/ingyamilmolinar/beatmo/internal/ui/game_graph_beat_index.go:58.43,59.40 1 1
github.com/ingyamilmolinar/beatmo/internal/ui/game_graph_beat_index.go:59.40,61.3 1 0
github.com/ingyamilmolinar/beatmo/internal/ui/game_graph_beat_index.go:62.2,63.32 2 1
github.com/ingyamilmolinar/beatmo/internal/ui/game_graph_beat_index.go:63.32,64.13 1 1
github.com/ingyamilmolinar/beatmo/internal/ui/game_graph_beat_index.go:64.13,66.9 2 1
github.com/ingyamilmolinar/beatmo/internal/ui/game_graph_beat_index.go:69.2,69.28 1 1
github.com/ingyamilmolinar/beatmo/internal/ui/game_graph_beat_index.go:69.28,71.3 1 1
github.com/ingyamilmolinar/beatmo/internal/ui/game_graph_beat_index.go:72.2,72.39 1 1
github.com/ingyamilmolinar/beatmo/internal/ui/game_graph_beat_index.go:72.39,74.3 1 0
github.com/ingyamilmolinar/beatmo/internal/ui/game_graph_beat_index.go:75.2,75.64 1 1
github.com/ingyamilmolinar/beatmo/internal/ui/game_graph_beat_index.go:75.64,77.3 1 1
github.com/ingyamilmolinar/beatmo/internal/ui/game_graph_beat_index.go:78.2,78.13 1 1
github.com/ingyamilmolinar/beatmo/internal/ui/game_graph_beat_index.go:83.36,84.14 1 1
github.com/ingyamilmolinar/beatmo/internal/ui/game_graph_beat_index.go:84.14,86.3 1 0
github.com/ingyamilmolinar/beatmo/internal/ui/game_graph_beat_index.go:87.2,87.30 1 1
github.com/ingyamilmolinar/beatmo/internal/ui/game_graph_beat_index.go:87.30,88.25 1 0
github.com/ingyamilmolinar/beatmo/internal/ui/game_graph_beat_index.go:88.25,90.4 1 0
github.com/ingyamilmolinar/beatmo/internal/ui/game_graph_beat_index.go:91.3,91.11 1 0
github.com/ingyamilmolinar/beatmo/internal/ui/game_graph_beat_index.go:93.2,94.35 2 1
github.com/ingyamilmolinar/beatmo/internal/ui/game_graph_beat_index.go:94.35,95.14 1 1
github.com/ingyamilmolinar/beatmo/internal/ui/game_graph_beat_index.go:95.14,97.4 1 1
github.com/ingyamilmolinar/beatmo/internal/ui/game_graph_beat_index.go:99.2,99.13 1 1
github.com/ingyamilmolinar/beatmo/internal/ui/game_graph_beat_index.go:99.13,101.3 1 0
github.com/ingyamilmolinar/beatmo/internal/ui/game_graph_beat_index.go:102.2,102.12 1 1
github.com/ingyamilmolinar/beatmo/internal/ui/game_graph_beat_index.go:108.42,109.14 1 1
github.com/ingyamilmolinar/beatmo/internal/ui/game_graph_beat_index.go:109.14,111.3 1 0
github.com/ingyamilmolinar/beatmo/internal/ui/game_graph_beat_index.go:112.2,113.40 2 1
github.com/ingyamilmolinar/beatmo/internal/ui/game_graph_beat_index.go:113.40,115.3 1 1
github.com/ingyamilmolinar/beatmo/internal/ui/game_graph_beat_index.go:116.2,116.22 1 1
github.com/ingyamilmolinar/beatmo/internal/ui/game_graph_beat_index.go:116.22,118.3 1 1
github.com/ingyamilmolinar/beatmo/internal/ui/game_graph_beat_index.go:119.2,120.14 2 1
github.com/ingyamilmolinar/beatmo/internal/ui/game_graph_beat_index.go:120.14,122.3 1 0
github.com/ingyamilmolinar/beatmo/internal/ui/game_graph_beat_index.go:123.2,123.13 1 1
github.com/ingyamilmolinar/beatmo/internal/ui/game_graph_beat_index.go:129.46,130.14 1 1
github.com/ingyamilmolinar/beatmo/internal/ui/game_graph_beat_index.go:130.14,132.3 1 0
github.com/ingyamilmolinar/beatmo/internal/ui/game_graph_beat_index.go:133.2,134.43 2 1
github.com/ingyamilmolinar/beatmo/internal/ui/game_graph_beat_index.go:134.43,136.3 1 1
github.com/ingyamilmolinar/beatmo/internal/ui/game_graph_beat_index.go:137.2,137.42 1 1
github.com/ingyamilmolinar/beatmo/internal/ui/game_graph_beat_index.go:137.42,138.52 1 1
github.com/ingyamilmolinar/beatmo/internal/ui/game_graph_beat_index.go:138.52,140.4 1 1
github.com/ingyamilmolinar/beatmo/internal/ui/game_graph_beat_index.go:142.2,143.48 2 1
github.com/ingyamilmolinar/beatmo/internal/ui/game_graph_beat_index.go:143.48,145.3 1 1
github.com/ingyamilmolinar/beatmo/internal/ui/game_graph_beat_index.go:146.2,146.13 1 1
github.com/ingyamilmolinar/beatmo/internal/ui/game_graph_edges.go:9.52,10.30 1 1
github.com/ingyamilmolinar/beatmo/internal/ui/game_graph_edges.go:10.30,12.3 1 1
github.com/ingyamilmolinar/beatmo/internal/ui/game_graph_edges.go:13.2,13.28 1 1
github.com/ingyamilmolinar/beatmo/internal/ui/game_graph_edges.go:13.28,14.27 1 1
github.com/ingyamilmolinar/beatmo/internal/ui/game_graph_edges.go:14.27,16.4 1 1
github.com/ingyamilmolinar/beatmo/internal/ui/game_graph_edges.go:20.2,25.13 6 1
github.com/ingyamilmolinar/beatmo/internal/ui/game_graph_edges.go:28.38,29.31 1 1
github.com/ingyamilmolinar/beatmo/internal/ui/game_graph_edges.go:29.31,31.3 1 1
github.com/ingyamilmolinar/beatmo/internal/ui/game_graph_edges.go:32.2,32.17 1 1
github.com/ingyamilmolinar/beatmo/internal/ui/game_graph_edges.go:32.17,34.3 1 1
github.com/ingyamilmolinar/beatmo/internal/ui/game_graph_edges.go:35.2,35.48 1 1
github.com/ingyamilmolinar/beatmo/internal/ui/game_graph_edges.go:35.48,37.3 1 1
github.com/ingyamilmolinar/beatmo/internal/ui/game_graph_edges.go:38.2,38.25 1 1
github.com/ingyamilmolinar/beatmo/internal/ui/game_graph_edges.go:43.55,45.32 2 1
github.com/ingyamilmolinar/beatmo/internal/ui/game_graph_edges.go:45.32,47.55 2 1
github.com/ingyamilmolinar/beatmo/internal/ui/game_graph_edges.go:47.55,51.4 3 1
github.com/ingyamilmolinar/beatmo/internal/ui/game_graph_edges.go:51.9,53.4 1 1
github.com/ingyamilmolinar/beatmo/internal/ui/game_graph_edges.go:55.2,55.13 1 1
github.com/ingyamilmolinar/beatmo/internal/ui/game_graph_edges.go:55.13,60.3 4 1
github.com/ingyamilmolinar/beatmo/internal/ui/game_graph_edges.go:61.2,61.16 1 1
github.com/ingyamilmolinar/beatmo/internal/ui/game_graph_edges.go:64.41,65.34 1 1
github.com/ingyamilmolinar/beatmo/internal/ui/game_graph_edges.go:65.34,67.3 1 1
github.com/ingyamilmolinar/beatmo/internal/ui/game_graph_edges.go:68.2,68.17 1 1
github.com/ingyamilmolinar/beatmo/internal/ui/game_graph_edges.go:68.17,70.3 1 0
github.com/ingyamilmolinar/beatmo/internal/ui/game_graph_edges.go:71.2,72.25 2 1
github.com/ingyamilmolinar/beatmo/internal/ui/game_graph_nodes.go:9.41,10.28 1 1
github.com/ingyamilmolinar/beatmo/internal/ui/game_graph_nodes.go:10.28,11.27 1 1
github.com/ingyamilmolinar/beatmo/internal/ui/game_graph_nodes.go:11.27,13.4 1 1
github.com/ingyamilmolinar/beatmo/internal/ui/game_graph_nodes.go:15.2,15.12 1 1
github.com/ingyamilmolinar/beatmo/internal/ui/game_graph_nodes.go:18.50,19.36 1 1
github.com/ingyamilmolinar/beatmo/internal/ui/game_graph_nodes.go:19.36,21.3 1 1
github.com/ingyamilmolinar/beatmo/internal/ui/game_graph_nodes.go:22.2,22.12 1 1
github.com/ingyamilmolinar/beatmo/internal/ui/game_graph_nodes.go:25.70,30.21 3 1
github.com/ingyamilmolinar/beatmo/internal/ui/game_graph_nodes.go:30.21,32.3 1 1
github.com/ingyamilmolinar/beatmo/internal/ui/game_graph_nodes.go:33.2,33.35 1 1
github.com/ingyamilmolinar/beatmo/internal/ui/game_graph_nodes.go:33.35,36.40 1 1
github.com/ingyamilmolinar/beatmo/internal/ui/game_graph_nodes.go:36.40,37.30 1 1
github.com/ingyamilmolinar/beatmo/internal/ui/game_graph_nodes.go:37.30,39.58 2 1
github.com/ingyamilmolinar/beatmo/internal/ui/game_graph_nodes.go:39.58,41.46 1 1
github.com/ingyamilmolinar/beatmo/internal/ui/game_graph_nodes.go:41.46,45.7 1 0
github.com/ingyamilmolinar/beatmo/internal/ui/game_graph_nodes.go:47.5,47.43 1 1
github.com/ingyamilmolinar/beatmo/internal/ui/game_graph_nodes.go:47.43,48.50 1 1
github.com/ingyamilmolinar/beatmo/internal/ui/game_graph_nodes.go:48.50,50.7 1 1
github.com/ingyamilmolinar/beatmo/internal/ui/game_graph_nodes.go:51.6,54.18 4 1
github.com/ingyamilmolinar/beatmo/internal/ui/game_graph_nodes.go:54.18,57.7 2 1
github.com/ingyamilmolinar/beatmo/internal/ui/game_graph_nodes.go:58.6,59.20 2 1
github.com/ingyamilmolinar/beatmo/internal/ui/game_graph_nodes.go:59.20,61.7 1 1
github.com/ingyamilmolinar/beatmo/internal/ui/game_graph_nodes.go:65.5,66.22 2 1
github.com/ingyamilmolinar/beatmo/internal/ui/game_graph_nodes.go:67.10,67.96 1 1
github.com/ingyamilmolinar/beatmo/internal/ui/game_graph_nodes.go:67.96,71.19 4 0
github.com/ingyamilmolinar/beatmo/internal/ui/game_graph_nodes.go:71.19,73.6 1 0
github.com/ingyamilmolinar/beatmo/internal/ui/game_graph_nodes.go:74.5,76.23 3 0
github.com/ingyamilmolinar/beatmo/internal/ui/game_graph_nodes.go:76.23,80.6 3 0
github.com/ingyamilmolinar/beatmo/internal/ui/game_graph_nodes.go:81.5,81.19 1 0
github.com/ingyamilmolinar/beatmo/internal/ui/game_graph_nodes.go:81.19,83.6 1 0
github.com/ingyamilmolinar/beatmo/internal/ui/game_graph_nodes.go:86.3,86.11 1 1
github.com/ingyamilmolinar/beatmo/internal/ui/game_graph_nodes.go:88.2,92.16 5 1
github.com/ingyamilmolinar/beatmo/internal/ui/game_graph_nodes.go:92.16,94.3 1 1
github.com/ingyamilmolinar/beatmo/internal/ui/game_graph_nodes.go:96.2,96.39 1 1
github.com/ingyamilmolinar/beatmo/internal/ui/game_graph_nodes.go:96.39,97.29 1 1
github.com/ingyamilmolinar/beatmo/internal/ui/game_graph_nodes.go:97.29,99.42 2 1
github.com/ingyamilmolinar/beatmo/internal/ui/game_graph_nodes.go:99.42,103.17 4 1
github.com/ingyamilmolinar/beatmo/internal/ui/game_graph_nodes.go:103.17,106.6 2 1
github.com/ingyamilmolinar/beatmo/internal/ui/game_graph_nodes.go:110.4,111.21 2 1
github.com/ingyamilmolinar/beatmo/internal/ui/game_graph_nodes.go:112.9,112.28 1 1
github.com/ingyamilmolinar/beatmo/internal/ui/game_graph_nodes.go:112.28,116.4 3 1
github.com/ingyamilmolinar/beatmo/internal/ui/game_graph_nodes.go:118.2,120.18 3 1
github.com/ingyamilmolinar/beatmo/internal/ui/game_graph_nodes.go:121.29,122.71 1 1
github.com/ingyamilmolinar/beatmo/internal/ui/game_graph_nodes.go:123.28,124.78 1 1
github.com/ingyamilmolinar/beatmo/internal/ui/game_graph_nodes.go:125.26,126.76 1 1
github.com/ingyamilmolinar/beatmo/internal/ui/game_graph_nodes.go:127.10,128.81 1 1
github.com/ingyamilmolinar/beatmo/internal/ui/game_graph_nodes.go:131.2,131.53 1 1
github.com/ingyamilmolinar/beatmo/internal/ui/game_graph_nodes.go:131.53,132.19 1 1
github.com/ingyamilmolinar/beatmo/internal/ui/game_graph_nodes.go:132.19,134.4 1 1
github.com/ingyamilmolinar/beatmo/internal/ui/game_graph_nodes.go:135.3,139.30 5 1
github.com/ingyamilmolinar/beatmo/internal/ui/game_graph_nodes.go:143.2,143.36 1 1
github.com/ingyamilmolinar/beatmo/internal/ui/game_graph_nodes.go:143.36,148.3 1 1
github.com/ingyamilmolinar/beatmo/internal/ui/game_graph_nodes.go:149.2,149.21 1 1
github.com/ingyamilmolinar/beatmo/internal/ui/game_graph_nodes.go:149.21,151.3 1 1
github.com/ingyamilmolinar/beatmo/internal/ui/game_graph_nodes.go:152.2,152.16 1 1
github.com/ingyamilmolinar/beatmo/internal/ui/game_graph_nodes.go:152.16,154.3 1 1
github.com/ingyamilmolinar/beatmo/internal/ui/game_graph_nodes.go:155.2,155.10 1 1
github.com/ingyamilmolinar/beatmo/internal/ui/game_graph_nodes.go:160.41,161.14 1 1
github.com/ingyamilmolinar/beatmo/internal/ui/game_graph_nodes.go:161.14,163.3 1 0
github.com/ingyamilmolinar/beatmo/internal/ui/game_graph_nodes.go:165.2,167.28 3 1
github.com/ingyamilmolinar/beatmo/internal/ui/game_graph_nodes.go:167.28,170.31 2 1
github.com/ingyamilmolinar/beatmo/internal/ui/game_graph_nodes.go:170.31,173.19 2 1
github.com/ingyamilmolinar/beatmo/internal/ui/game_graph_nodes.go:173.19,175.5 1 1
github.com/ingyamilmolinar/beatmo/internal/ui/game_graph_nodes.go:176.4,176.32 1 1
github.com/ingyamilmolinar/beatmo/internal/ui/game_graph_nodes.go:176.32,178.5 1 1
github.com/ingyamilmolinar/beatmo/internal/ui/game_graph_nodes.go:179.9,179.38 1 1
github.com/ingyamilmolinar/beatmo/internal/ui/game_graph_nodes.go:179.38,182.19 2 1
github.com/ingyamilmolinar/beatmo/internal/ui/game_graph_nodes.go:182.19,184.5 1 1
github.com/ingyamilmolinar/beatmo/internal/ui/game_graph_nodes.go:185.4,185.32 1 1
github.com/ingyamilmolinar/beatmo/internal/ui/game_graph_nodes.go:185.32,187.5 1 1
github.com/ingyamilmolinar/beatmo/internal/ui/game_graph_nodes.go:191.2,192.28 2 1
github.com/ingyamilmolinar/beatmo/internal/ui/game_graph_nodes.go:192.28,193.38 1 1
github.com/ingyamilmolinar/beatmo/internal/ui/game_graph_nodes.go:193.38,195.4 1 1
github.com/ingyamilmolinar/beatmo/internal/ui/game_graph_nodes.go:196.3,196.33 1 1
github.com/ingyamilmolinar/beatmo/internal/ui/game_graph_nodes.go:196.33,198.4 1 1
github.com/ingyamilmolinar/beatmo/internal/ui/game_graph_nodes.go:199.3,199.33 1 1
github.com/ingyamilmolinar/beatmo/internal/ui/game_graph_nodes.go:199.33,201.4 1 1
github.com/ingyamilmolinar/beatmo/internal/ui/game_graph_nodes.go:203.2,203.59 1 1
github.com/ingyamilmolinar/beatmo/internal/ui/game_graph_nodes.go:203.59,204.19 1 1
github.com/ingyamilmolinar/beatmo/internal/ui/game_graph_nodes.go:204.19,206.4 1 1
github.com/ingyamilmolinar/beatmo/internal/ui/game_graph_nodes.go:208.2,208.13 1 1
github.com/ingyamilmolinar/beatmo/internal/ui/game_graph_nodes.go:208.13,209.19 1 1
github.com/ingyamilmolinar/beatmo/internal/ui/game_graph_nodes.go:209.19,211.4 1 1
github.com/ingyamilmolinar/beatmo/internal/ui/game_graph_nodes.go:215.38,217.2 1 1
github.com/ingyamilmolinar/beatmo/internal/ui/game_graph_nodes.go:219.68,223.31 3 1
github.com/ingyamilmolinar/beatmo/internal/ui/game_graph_nodes.go:223.31,224.19 1 1
github.com/ingyamilmolinar/beatmo/internal/ui/game_graph_nodes.go:224.19,225.40 1 1
github.com/ingyamilmolinar/beatmo/internal/ui/game_graph_nodes.go:225.40,227.5 1 1
github.com/ingyamilmolinar/beatmo/internal/ui/game_graph_nodes.go:229.3,229.19 1 1
github.com/ingyamilmolinar/beatmo/internal/ui/game_graph_nodes.go:229.19,230.40 1 1
github.com/ingyamilmolinar/beatmo/internal/ui/game_graph_nodes.go:230.40,232.5 1 1
github.com/ingyamilmolinar/beatmo/internal/ui/game_graph_nodes.go:237.2,237.30 1 1
github.com/ingyamilmolinar/beatmo/internal/ui/game_graph_nodes.go:237.30,238.19 1 1
github.com/ingyamilmolinar/beatmo/internal/ui/game_graph_nodes.go:238.19,240.9 2 1
github.com/ingyamilmolinar/beatmo/internal/ui/game_graph_nodes.go:244.2,245.28 2 1
github.com/ingyamilmolinar/beatmo/internal/ui/game_graph_nodes.go:245.28,246.39 1 1
github.com/ingyamilmolinar/beatmo/internal/ui/game_graph_nodes.go:246.39,248.4 1 1
github.com/ingyamilmolinar/beatmo/internal/ui/game_graph_nodes.go:250.2,261.33 8 1
github.com/ingyamilmolinar/beatmo/internal/ui/game_graph_nodes.go:261.33,263.3 1 1
github.com/ingyamilmolinar/beatmo/internal/ui/game_graph_nodes.go:266.2,267.29 2 1
github.com/ingyamilmolinar/beatmo/internal/ui/game_graph_nodes.go:267.29,268.36 1 1
github.com/ingyamilmolinar/beatmo/internal/ui/game_graph_nodes.go:268.36,270.4 1 1
github.com/ingyamilmolinar/beatmo/internal/ui/game_graph_nodes.go:272.2,272.39 1 1
github.com/ingyamilmolinar/beatmo/internal/ui/game_graph_nodes.go:272.39,274.3 1 1
github.com/ingyamilmolinar/beatmo/internal/ui/game_graph_nodes.go:278.2,278.26 1 1
github.com/ingyamilmolinar/beatmo/internal/ui/game_graph_nodes.go:278.26,279.27 1 1
github.com/ingyamilmolinar/beatmo/internal/ui/game_graph_nodes.go:279.27,280.44 1 1
github.com/ingyamilmolinar/beatmo/internal/ui/game_graph_nodes.go:280.44,281.13 1 1
github.com/ingyamilmolinar/beatmo/internal/ui/game_graph_nodes.go:283.4,283.32 1 1
github.com/ingyamilmolinar/beatmo/internal/ui/game_graph_nodes.go:283.32,284.13 1 1
github.com/ingyamilmolinar/beatmo/internal/ui/game_graph_nodes.go:287.4,287.63 1 1
github.com/ingyamilmolinar/beatmo/internal/ui/game_graph_nodes.go:287.63,288.13 1 0
github.com/ingyamilmolinar/beatmo/internal/ui/game_graph_nodes.go:290.4,290.19 1 1
github.com/ingyamilmolinar/beatmo/internal/ui/game_graph_nodes.go:294.2,294.16 1 1
github.com/ingyamilmolinar/beatmo/internal/ui/game_graph_nodes.go:294.16,296.3 1 1
github.com/ingyamilmolinar/beatmo/internal/ui/game_graph_nodes.go:297.2,297.27 1 1
github.com/ingyamilmolinar/beatmo/internal/ui/game_graph_nodes.go:297.27,299.3 1 1
github.com/ingyamilmolinar/beatmo/internal/ui/game_graph_nodes.go:300.2,300.18 1 1
github.com/ingyamilmolinar/beatmo/internal/ui/game_graph_nodes.go:300.18,302.3 1 1
github.com/ingyamilmolinar/beatmo/internal/ui/game_graph_nodes.go:303.2,303.21 1 1
github.com/ingyamilmolinar/beatmo/internal/ui/game_graph_nodes.go:303.21,305.3 1 1
github.com/ingyamilmolinar/beatmo/internal/ui/game_graph_nodes.go:311.64,313.28 2 1
github.com/ingyamilmolinar/beatmo/internal/ui/game_graph_nodes.go:313.28,314.39 1 1
github.com/ingyamilmolinar/beatmo/internal/ui/game_graph_nodes.go:314.39,315.12 1 0
github.com/ingyamilmolinar/beatmo/internal/ui/game_graph_nodes.go:317.3,318.21 2 1
github.com/ingyamilmolinar/beatmo/internal/ui/game_graph_nodes.go:318.21,320.4 1 1
github.com/ingyamilmolinar/beatmo/internal/ui/game_graph_nodes.go:321.3,321.41 1 1
github.com/ingyamilmolinar/beatmo/internal/ui/game_graph_nodes.go:321.41,323.4 1 1
github.com/ingyamilmolinar/beatmo/internal/ui/game_graph_nodes.go:325.2,325.13 1 1
github.com/ingyamilmolinar/beatmo/internal/ui/game_graph_nodes.go:330.57,332.78 1 1
github.com/ingyamilmolinar/beatmo/internal/ui/game_graph_nodes.go:332.78,334.3 1 1
github.com/ingyamilmolinar/beatmo/internal/ui/game_graph_nodes.go:337.2,341.28 3 1
github.com/ingyamilmolinar/beatmo/internal/ui/game_graph_nodes.go:341.28,342.21 1 1
github.com/ingyamilmolinar/beatmo/internal/ui/game_graph_nodes.go:342.21,344.4 1 1
github.com/ingyamilmolinar/beatmo/internal/ui/game_graph_nodes.go:344.9,344.28 1 1
github.com/ingyamilmolinar/beatmo/internal/ui/game_graph_nodes.go:344.28,346.4 1 1
github.com/ingyamilmolinar/beatmo/internal/ui/game_graph_nodes.go:350.2,350.30 1 1
github.com/ingyamilmolinar/beatmo/internal/ui/game_graph_nodes.go:350.30,352.3 1 1
github.com/ingyamilmolinar/beatmo/internal/ui/game_graph_nodes.go:355.2,366.30 8 1
github.com/ingyamilmolinar/beatmo/internal/ui/game_graph_nodes.go:366.30,368.39 2 1
github.com/ingyamilmolinar/beatmo/internal/ui/game_graph_nodes.go:368.39,370.4 1 1
github.com/ingyamilmolinar/beatmo/internal/ui/game_graph_nodes.go:373.2,382.13 7 1
github.com/ingyamilmolinar/beatmo/internal/ui/game_graph_nodes.go:386.33,394.2 7 1
github.com/ingyamilmolinar/beatmo/internal/ui/game_graph_update_beat_infos.go:13.34,15.15 2 1
github.com/ingyamilmolinar/beatmo/internal/ui/game_graph_update_beat_infos.go:15.15,15.84 1 1
github.com/ingyamilmolinar/beatmo/internal/ui/game_graph_update_beat_infos.go:17.2,53.34 25 1
github.com/ingyamilmolinar/beatmo/internal/ui/game_graph_update_beat_infos.go:53.34,55.3 1 1
github.com/ingyamilmolinar/beatmo/internal/ui/game_graph_update_beat_infos.go:56.2,57.15 2 1
github.com/ingyamilmolinar/beatmo/internal/ui/game_graph_update_beat_infos.go:57.15,61.13 4 1
github.com/ingyamilmolinar/beatmo/internal/ui/game_graph_update_beat_infos.go:61.13,63.4 1 1
github.com/ingyamilmolinar/beatmo/internal/ui/game_graph_update_beat_infos.go:64.3,66.35 3 1
github.com/ingyamilmolinar/beatmo/internal/ui/game_graph_update_beat_infos.go:66.35,67.39 1 1
github.com/ingyamilmolinar/beatmo/internal/ui/game_graph_update_beat_infos.go:67.39,69.5 1 1
github.com/ingyamilmolinar/beatmo/internal/ui/game_graph_update_beat_infos.go:70.4,70.26 1 1
github.com/ingyamilmolinar/beatmo/internal/ui/game_graph_update_beat_infos.go:70.26,72.5 1 1
github.com/ingyamilmolinar/beatmo/internal/ui/game_graph_update_beat_infos.go:74.3,74.57 1 1
github.com/ingyamilmolinar/beatmo/internal/ui/game_graph_update_beat_infos.go:77.2,79.32 2 1
github.com/ingyamilmolinar/beatmo/internal/ui/game_graph_update_beat_infos.go:79.32,81.13 2 1
github.com/ingyamilmolinar/beatmo/internal/ui/game_graph_update_beat_infos.go:81.13,83.57 1 1
github.com/ingyamilmolinar/beatmo/internal/ui/game_graph_update_beat_infos.go:83.57,86.5 2 1
github.com/ingyamilmolinar/beatmo/internal/ui/game_graph_update_beat_infos.go:87.4,87.12 1 1
github.com/ingyamilmolinar/beatmo/internal/ui/game_graph_update_beat_infos.go:89.3,89.38 1 1
github.com/ingyamilmolinar/beatmo/internal/ui/game_graph_update_beat_infos.go:89.38,91.12 2 1
github.com/ingyamilmolinar/beatmo/internal/ui/game_graph_update_beat_infos.go:93.3,100.14 8 1
github.com/ingyamilmolinar/beatmo/internal/ui/game_graph_update_beat_infos.go:100.14,102.4 1 1
github.com/ingyamilmolinar/beatmo/internal/ui/game_graph_update_beat_infos.go:103.3,104.40 2 1
github.com/ingyamilmolinar/beatmo/internal/ui/game_graph_update_beat_infos.go:104.40,105.39 1 1
github.com/ingyamilmolinar/beatmo/internal/ui/game_graph_update_beat_infos.go:105.39,106.51 1 1
github.com/ingyamilmolinar/beatmo/internal/ui/game_graph_update_beat_infos.go:106.51,108.6 1 1
github.com/ingyamilmolinar/beatmo/internal/ui/game_graph_update_beat_infos.go:110.4,110.26 1 1
github.com/ingyamilmolinar/beatmo/internal/ui/game_graph_update_beat_infos.go:110.26,112.5 1 1
github.com/ingyamilmolinar/beatmo/internal/ui/game_graph_update_beat_infos.go:114.3,114.22 1 1
github.com/ingyamilmolinar/beatmo/internal/ui/game_graph_update_beat_infos.go:114.22,116.4 1 1
github.com/ingyamilmolinar/beatmo/internal/ui/game_graph_update_beat_infos.go:121.2,137.16 12 1
github.com/ingyamilmolinar/beatmo/internal/ui/game_graph_update_beat_infos.go:137.16,139.3 1 1
github.com/ingyamilmolinar/beatmo/internal/ui/game_graph_update_beat_infos.go:140.2,140.44 1 1
github.com/ingyamilmolinar/beatmo/internal/ui/game_graph_update_beat_infos.go:140.44,147.33 3 1
github.com/ingyamilmolinar/beatmo/internal/ui/game_graph_update_beat_infos.go:147.33,148.52 1 1
github.com/ingyamilmolinar/beatmo/internal/ui/game_graph_update_beat_infos.go:148.52,150.21 2 1
github.com/ingyamilmolinar/beatmo/internal/ui/game_graph_update_beat_infos.go:150.21,152.6 1 0
github.com/ingyamilmolinar/beatmo/internal/ui/game_graph_update_beat_infos.go:155.3,159.68 4 1
github.com/ingyamilmolinar/beatmo/internal/ui/game_graph_update_beat_infos.go:160.8,164.3 1 1
github.com/ingyamilmolinar/beatmo/internal/ui/game_graph_update_beat_infos.go:168.2,169.35 2 1
github.com/ingyamilmolinar/beatmo/internal/ui/game_graph_update_beat_infos.go:169.35,170.37 1 1
github.com/ingyamilmolinar/beatmo/internal/ui/game_graph_update_beat_infos.go:170.37,171.12 1 1
github.com/ingyamilmolinar/beatmo/internal/ui/game_graph_update_beat_infos.go:173.3,174.21 2 1
github.com/ingyamilmolinar/beatmo/internal/ui/game_graph_update_beat_infos.go:174.21,175.12 1 1
github.com/ingyamilmolinar/beatmo/internal/ui/game_graph_update_beat_infos.go:177.3,187.20 11 1
github.com/ingyamilmolinar/beatmo/internal/ui/game_graph_update_beat_infos.go:187.20,189.4 1 1
github.com/ingyamilmolinar/beatmo/internal/ui/game_graph_update_beat_infos.go:190.3,190.18 1 1
github.com/ingyamilmolinar/beatmo/internal/ui/game_graph_update_beat_infos.go:190.18,192.4 1 1
github.com/ingyamilmolinar/beatmo/internal/ui/game_graph_update_beat_infos.go:195.2,198.31 3 1
github.com/ingyamilmolinar/beatmo/internal/ui/game_graph_update_beat_infos.go:198.31,200.35 2 1
github.com/ingyamilmolinar/beatmo/internal/ui/game_graph_update_beat_infos.go:200.35,202.4 1 1
github.com/ingyamilmolinar/beatmo/internal/ui/game_graph_update_beat_infos.go:203.3,203.57 1 1
github.com/ingyamilmolinar/beatmo/internal/ui/game_graph_update_beat_infos.go:205.2,212.19 4 1
github.com/ingyamilmolinar/beatmo/internal/ui/game_graph_update_beat_infos.go:212.19,214.3 1 0
github.com/ingyamilmolinar/beatmo/internal/ui/game_graph_update_beat_infos.go:215.2,215.31 1 1
github.com/ingyamilmolinar/beatmo/internal/ui/game_graph_update_beat_infos.go:215.31,217.3 1 0
github.com/ingyamilmolinar/beatmo/internal/ui/game_graph_update_beat_infos.go:218.2,223.35 4 1
github.com/ingyamilmolinar/beatmo/internal/ui/game_graph_update_beat_infos.go:223.35,227.3 3 1
github.com/ingyamilmolinar/beatmo/internal/ui/game_graph_update_beat_infos.go:228.2,228.38 1 1
github.com/ingyamilmolinar/beatmo/internal/ui/game_graph_update_beat_infos.go:228.38,230.3 1 1
github.com/ingyamilmolinar/beatmo/internal/ui/game_graph_update_beat_infos.go:231.2,231.42 1 1
github.com/ingyamilmolinar/beatmo/internal/ui/game_graph_update_beat_infos.go:231.42,233.40 2 1
github.com/ingyamilmolinar/beatmo/internal/ui/game_graph_update_beat_infos.go:233.40,235.4 1 1
github.com/ingyamilmolinar/beatmo/internal/ui/game_graph_update_beat_infos.go:237.2,239.30 3 1
github.com/ingyamilmolinar/beatmo/internal/ui/game_graph_update_beat_infos.go:239.30,241.30 2 1
github.com/ingyamilmolinar/beatmo/internal/ui/game_graph_update_beat_infos.go:241.30,243.4 1 1
github.com/ingyamilmolinar/beatmo/internal/ui/game_graph_update_beat_infos.go:244.3,245.42 2 1
github.com/ingyamilmolinar/beatmo/internal/ui/game_graph_update_beat_infos.go:245.42,250.4 2 1
github.com/ingyamilmolinar/beatmo/internal/ui/game_graph_update_beat_infos.go:251.3,253.27 3 1
github.com/ingyamilmolinar/beatmo/internal/ui/game_graph_update_beat_infos.go:253.27,256.21 3 1
github.com/ingyamilmolinar/beatmo/internal/ui/game_graph_update_beat_infos.go:256.21,258.5 1 1
github.com/ingyamilmolinar/beatmo/internal/ui/game_graph_update_beat_infos.go:259.4,259.38 1 1
github.com/ingyamilmolinar/beatmo/internal/ui/game_graph_update_beat_infos.go:259.38,261.5 1 1
github.com/ingyamilmolinar/beatmo/internal/ui/game_graph_update_beat_infos.go:263.3,267.83 2 1
github.com/ingyamilmolinar/beatmo/internal/ui/game_graph_update_beat_infos.go:267.83,269.31 2 1
github.com/ingyamilmolinar/beatmo/internal/ui/game_graph_update_beat_infos.go:269.31,271.5 1 1
github.com/ingyamilmolinar/beatmo/internal/ui/game_graph_update_beat_infos.go:272.4,273.20 2 1
github.com/ingyamilmolinar/beatmo/internal/ui/game_graph_update_beat_infos.go:273.20,276.28 3 1
github.com/ingyamilmolinar/beatmo/internal/ui/game_graph_update_beat_infos.go:276.28,278.6 1 1
github.com/ingyamilmolinar/beatmo/internal/ui/game_graph_update_beat_infos.go:279.5,279.26 1 1
github.com/ingyamilmolinar/beatmo/internal/ui/game_graph_update_beat_infos.go:279.26,280.52 1 1
github.com/ingyamilmolinar/beatmo/internal/ui/game_graph_update_beat_infos.go:280.52,282.40 2 1
github.com/ingyamilmolinar/beatmo/internal/ui/game_graph_update_beat_infos.go:282.40,284.8 1 1
github.com/ingyamilmolinar/beatmo/internal/ui/game_graph_update_beat_infos.go:286.6,286.48 1 1
github.com/ingyamilmolinar/beatmo/internal/ui/game_graph_update_beat_infos.go:286.48,288.37 2 0
github.com/ingyamilmolinar/beatmo/internal/ui/game_graph_update_beat_infos.go:288.37,290.8 1 0
github.com/ingyamilmolinar/beatmo/internal/ui/game_graph_update_beat_infos.go:291.7,292.74 1 0
github.com/ingyamilmolinar/beatmo/internal/ui/game_graph_update_beat_infos.go:294.6,296.58 3 1
github.com/ingyamilmolinar/beatmo/internal/ui/game_graph_update_beat_infos.go:296.58,297.55 1 1
github.com/ingyamilmolinar/beatmo/internal/ui/game_graph_update_beat_infos.go:297.55,299.8 1 1
github.com/ingyamilmolinar/beatmo/internal/ui/game_graph_update_beat_infos.go:301.6,301.156 1 1
github.com/ingyamilmolinar/beatmo/internal/ui/game_graph_update_beat_infos.go:305.3,305.54 1 1
github.com/ingyamilmolinar/beatmo/internal/ui/game_graph_update_beat_infos.go:305.54,308.48 3 1
github.com/ingyamilmolinar/beatmo/internal/ui/game_graph_update_beat_infos.go:308.48,310.121 2 1
github.com/ingyamilmolinar/beatmo/internal/ui/game_graph_update_beat_infos.go:310.121,312.11 2 1
github.com/ingyamilmolinar/beatmo/internal/ui/game_graph_update_beat_infos.go:315.4,315.31 1 1
github.com/ingyamilmolinar/beatmo/internal/ui/game_graph_update_beat_infos.go:315.31,317.5 1 0
github.com/ingyamilmolinar/beatmo/internal/ui/game_graph_update_beat_infos.go:318.4,319.34 2 1
github.com/ingyamilmolinar/beatmo/internal/ui/game_graph_update_beat_infos.go:319.34,321.5 1 1
github.com/ingyamilmolinar/beatmo/internal/ui/game_graph_update_beat_infos.go:322.4,322.49 1 1
github.com/ingyamilmolinar/beatmo/internal/ui/game_graph_update_beat_infos.go:322.49,324.5 1 1
github.com/ingyamilmolinar/beatmo/internal/ui/game_graph_update_beat_infos.go:325.4,326.29 2 1
github.com/ingyamilmolinar/beatmo/internal/ui/game_graph_update_beat_infos.go:326.29,328.5 1 0
github.com/ingyamilmolinar/beatmo/internal/ui/game_graph_update_beat_infos.go:329.4,329.47 1 1
github.com/ingyamilmolinar/beatmo/internal/ui/game_graph_update_beat_infos.go:329.47,331.5 1 0
github.com/ingyamilmolinar/beatmo/internal/ui/game_graph_update_beat_infos.go:332.4,332.28 1 1
github.com/ingyamilmolinar/beatmo/internal/ui/game_graph_update_beat_infos.go:332.28,333.55 1 1
github.com/ingyamilmolinar/beatmo/internal/ui/game_graph_update_beat_infos.go:333.55,334.32 1 1
github.com/ingyamilmolinar/beatmo/internal/ui/game_graph_update_beat_infos.go:334.32,336.7 1 1
github.com/ingyamilmolinar/beatmo/internal/ui/game_graph_update_beat_infos.go:337.11,337.61 1 1
github.com/ingyamilmolinar/beatmo/internal/ui/game_graph_update_beat_infos.go:337.61,339.37 2 1
github.com/ingyamilmolinar/beatmo/internal/ui/game_graph_update_beat_infos.go:339.37,341.7 1 1
github.com/ingyamilmolinar/beatmo/internal/ui/game_graph_update_beat_infos.go:343.10,343.64 1 0
github.com/ingyamilmolinar/beatmo/internal/ui/game_graph_update_beat_infos.go:343.64,345.5 1 0
github.com/ingyamilmolinar/beatmo/internal/ui/game_graph_update_beat_infos.go:346.4,346.34 1 1
github.com/ingyamilmolinar/beatmo/internal/ui/game_graph_update_beat_infos.go:346.34,347.66 1 1
github.com/ingyamilmolinar/beatmo/internal/ui/game_graph_update_beat_infos.go:347.66,349.6 1 0
github.com/ingyamilmolinar/beatmo/internal/ui/game_graph_update_beat_infos.go:351.4,351.28 1 1
github.com/ingyamilmolinar/beatmo/internal/ui/game_graph_update_beat_infos.go:354.2,356.46 3 1
github.com/ingyamilmolinar/beatmo/internal/ui/game_graph_update_beat_infos.go:356.46,357.15 1 1
github.com/ingyamilmolinar/beatmo/internal/ui/game_graph_update_beat_infos.go:357.15,358.12 1 1
github.com/ingyamilmolinar/beatmo/internal/ui/game_graph_update_beat_infos.go:360.3,362.32 3 1
github.com/ingyamilmolinar/beatmo/internal/ui/game_graph_update_beat_infos.go:362.32,364.4 1 1
github.com/ingyamilmolinar/beatmo/internal/ui/game_graph_update_beat_infos.go:365.3,366.35 2 1
github.com/ingyamilmolinar/beatmo/internal/ui/game_graph_update_beat_infos.go:366.35,368.4 1 1
github.com/ingyamilmolinar/beatmo/internal/ui/game_graph_update_beat_infos.go:369.3,371.15 3 1
github.com/ingyamilmolinar/beatmo/internal/ui/game_graph_update_beat_infos.go:371.15,373.4 1 1
github.com/ingyamilmolinar/beatmo/internal/ui/game_graph_update_beat_infos.go:374.3,380.71 4 1
github.com/ingyamilmolinar/beatmo/internal/ui/game_graph_update_beat_infos.go:380.71,382.4 1 0
github.com/ingyamilmolinar/beatmo/internal/ui/game_graph_update_beat_infos.go:383.3,384.35 2 1
github.com/ingyamilmolinar/beatmo/internal/ui/game_graph_update_beat_infos.go:384.35,386.4 1 1
github.com/ingyamilmolinar/beatmo/internal/ui/game_graph_update_beat_infos.go:388.3,388.47 1 1
github.com/ingyamilmolinar/beatmo/internal/ui/game_graph_update_beat_infos.go:388.47,389.16 1 0
github.com/ingyamilmolinar/beatmo/internal/ui/game_graph_update_beat_infos.go:389.16,391.5 1 0
github.com/ingyamilmolinar/beatmo/internal/ui/game_graph_update_beat_infos.go:391.10,393.5 1 0
github.com/ingyamilmolinar/beatmo/internal/ui/game_graph_update_beat_infos.go:395.3,395.47 1 1
github.com/ingyamilmolinar/beatmo/internal/ui/game_graph_update_beat_infos.go:395.47,396.59 1 0
github.com/ingyamilmolinar/beatmo/internal/ui/game_graph_update_beat_infos.go:396.59,398.5 1 0
github.com/ingyamilmolinar/beatmo/internal/ui/game_graph_update_beat_infos.go:398.10,400.5 1 0
github.com/ingyamilmolinar/beatmo/internal/ui/game_graph_update_beat_infos.go:403.2,403.89 1 1
github.com/ingyamilmolinar/beatmo/internal/ui/game_graph_update_beat_infos.go:403.89,404.56 1 0
github.com/ingyamilmolinar/beatmo/internal/ui/game_graph_update_beat_infos.go:404.56,406.4 1 0
github.com/ingyamilmolinar/beatmo/internal/ui/game_graph_update_beat_infos.go:406.9,408.4 1 0
github.com/ingyamilmolinar/beatmo/internal/ui/game_graph_update_beat_infos.go:410.2,410.31 1 1
github.com/ingyamilmolinar/beatmo/internal/ui/game_graph_update_beat_infos.go:410.31,411.47 1 1
github.com/ingyamilmolinar/beatmo/internal/ui/game_graph_update_beat_infos.go:411.47,412.46 1 1
github.com/ingyamilmolinar/beatmo/internal/ui/game_graph_update_beat_infos.go:412.46,414.5 1 1
github.com/ingyamilmolinar/beatmo/internal/ui/game_graph_update_beat_infos.go:417.2,423.33 2 1
github.com/ingyamilmolinar/beatmo/internal/ui/game_graph_update_beat_infos.go:423.33,433.47 4 1
github.com/ingyamilmolinar/beatmo/internal/ui/game_graph_update_beat_infos.go:433.47,434.16 1 1
github.com/ingyamilmolinar/beatmo/internal/ui/game_graph_update_beat_infos.go:434.16,435.13 1 1
github.com/ingyamilmolinar/beatmo/internal/ui/game_graph_update_beat_infos.go:437.4,437.44 1 1
github.com/ingyamilmolinar/beatmo/internal/ui/game_graph_update_beat_infos.go:437.44,438.13 1 1
github.com/ingyamilmolinar/beatmo/internal/ui/game_graph_update_beat_infos.go:440.4,441.33 2 1
github.com/ingyamilmolinar/beatmo/internal/ui/game_graph_update_beat_infos.go:441.33,443.5 1 1
github.com/ingyamilmolinar/beatmo/internal/ui/game_graph_update_beat_infos.go:444.4,444.16 1 1
github.com/ingyamilmolinar/beatmo/internal/ui/game_graph_update_beat_infos.go:444.16,446.5 1 0
github.com/ingyamilmolinar/beatmo/internal/ui/game_graph_update_beat_infos.go:447.4,447.33 1 1
github.com/ingyamilmolinar/beatmo/internal/ui/game_graph_update_beat_infos.go:447.33,449.5 1 1
github.com/ingyamilmolinar/beatmo/internal/ui/game_graph_update_beat_infos.go:451.3,454.47 3 1
github.com/ingyamilmolinar/beatmo/internal/ui/game_graph_update_beat_infos.go:454.47,455.54 1 1
github.com/ingyamilmolinar/beatmo/internal/ui/game_graph_update_beat_infos.go:455.54,456.13 1 1
github.com/ingyamilmolinar/beatmo/internal/ui/game_graph_update_beat_infos.go:458.4,458.43 1 1
github.com/ingyamilmolinar/beatmo/internal/ui/game_graph_update_beat_infos.go:460.3,465.28 6 1
github.com/ingyamilmolinar/beatmo/internal/ui/game_graph_update_beat_infos.go:472.2,472.50 1 1
github.com/ingyamilmolinar/beatmo/internal/ui/game_graph_update_beat_infos.go:472.50,475.37 3 1
github.com/ingyamilmolinar/beatmo/internal/ui/game_graph_update_beat_infos.go:475.37,477.4 1 1
github.com/ingyamilmolinar/beatmo/internal/ui/game_graph_update_beat_infos.go:478.3,488.18 9 1
github.com/ingyamilmolinar/beatmo/internal/ui/game_graph_update_beat_infos.go:488.18,490.31 2 1
github.com/ingyamilmolinar/beatmo/internal/ui/game_graph_update_beat_infos.go:490.31,492.46 2 1
github.com/ingyamilmolinar/beatmo/internal/ui/game_graph_update_beat_infos.go:492.46,493.33 1 1
github.com/ingyamilmolinar/beatmo/internal/ui/game_graph_update_beat_infos.go:493.33,495.7 1 1
github.com/ingyamilmolinar/beatmo/internal/ui/game_graph_update_beat_infos.go:497.5,497.16 1 1
github.com/ingyamilmolinar/beatmo/internal/ui/game_graph_update_beat_infos.go:497.16,499.6 1 1
github.com/ingyamilmolinar/beatmo/internal/ui/game_graph_update_beat_infos.go:501.4,501.16 1 1
github.com/ingyamilmolinar/beatmo/internal/ui/game_graph_update_beat_infos.go:501.16,503.5 1 0
github.com/ingyamilmolinar/beatmo/internal/ui/game_graph_update_beat_infos.go:504.4,506.101 3 1
github.com/ingyamilmolinar/beatmo/internal/ui/game_graph_update_beat_infos.go:508.3,510.71 3 1
github.com/ingyamilmolinar/beatmo/internal/ui/game_graph_update_beat_infos.go:511.8,518.3 6 0
github.com/ingyamilmolinar/beatmo/internal/ui/game_graph_update_beat_infos.go:521.2,525.19 3 1
github.com/ingyamilmolinar/beatmo/internal/ui/game_graph_update_beat_infos.go:525.19,527.3 1 1
github.com/ingyamilmolinar/beatmo/internal/ui/game_graph_update_beat_infos.go:528.2,530.29 3 1
github.com/ingyamilmolinar/beatmo/internal/ui/game_graph_update_beat_infos.go:530.29,532.3 1 0
github.com/ingyamilmolinar/beatmo/internal/ui/game_graph_update_beat_infos.go:533.2,543.18 5 1
github.com/ingyamilmolinar/beatmo/internal/ui/game_graph_update_beat_infos.go:543.18,547.3 3 1
github.com/ingyamilmolinar/beatmo/internal/ui/game_highlight_state.go:8.49,12.2 3 1
github.com/ingyamilmolinar/beatmo/internal/ui/game_highlight_state.go:14.41,18.2 3 1
github.com/ingyamilmolinar/beatmo/internal/ui/game_highlight_state.go:28.71,30.34 2 1
github.com/ingyamilmolinar/beatmo/internal/ui/game_highlight_state.go:30.34,33.3 2 1
github.com/ingyamilmolinar/beatmo/internal/ui/game_highlight_state.go:34.2,35.43 2 1
github.com/ingyamilmolinar/beatmo/internal/ui/game_highlight_state.go:35.43,37.32 2 1
github.com/ingyamilmolinar/beatmo/internal/ui/game_highlight_state.go:37.32,39.4 1 1
github.com/ingyamilmolinar/beatmo/internal/ui/game_highlight_state.go:41.2,42.12 2 1
github.com/ingyamilmolinar/beatmo/internal/ui/game_highlight_state.go:46.49,49.38 3 0
github.com/ingyamilmolinar/beatmo/internal/ui/game_highlight_state.go:49.38,50.42 1 0
github.com/ingyamilmolinar/beatmo/internal/ui/game_highlight_state.go:50.42,52.4 1 0
github.com/ingyamilmolinar/beatmo/internal/ui/game_highlight_state.go:54.2,54.14 1 0
github.com/ingyamilmolinar/beatmo/internal/ui/game_highlight_state.go:58.48,64.2 5 0
github.com/ingyamilmolinar/beatmo/internal/ui/game_highlight_state.go:66.34,68.25 2 1
github.com/ingyamilmolinar/beatmo/internal/ui/game_highlight_state.go:68.25,70.3 1 0
github.com/ingyamilmolinar/beatmo/internal/ui/game_highlight_state.go:70.8,71.31 1 1
github.com/ingyamilmolinar/beatmo/internal/ui/game_highlight_state.go:71.31,73.4 1 0
github.com/ingyamilmolinar/beatmo/internal/ui/game_highlight_state.go:75.2,75.25 1 1
github.com/ingyamilmolinar/beatmo/internal/ui/game_highlight_state.go:78.48,80.25 2 1
github.com/ingyamilmolinar/beatmo/internal/ui/game_highlight_state.go:80.25,82.3 1 0
github.com/ingyamilmolinar/beatmo/internal/ui/game_highlight_state.go:83.2,84.25 2 1
github.com/ingyamilmolinar/beatmo/internal/ui/game_highlight_state.go:88.52,93.2 4 0
github.com/ingyamilmolinar/beatmo/internal/ui/game_highlight_state.go:95.58,99.2 3 1
github.com/ingyamilmolinar/beatmo/internal/ui/game_highlight_state.go:101.53,106.2 4 1
github.com/ingyamilmolinar/beatmo/internal/ui/game_highlight_state.go:108.41,110.34 2 1
github.com/ingyamilmolinar/beatmo/internal/ui/game_highlight_state.go:110.34,113.3 2 1
github.com/ingyamilmolinar/beatmo/internal/ui/game_highlight_state.go:114.2,114.43 1 1
github.com/ingyamilmolinar/beatmo/internal/ui/game_highlight_state.go:114.43,116.22 2 1
github.com/ingyamilmolinar/beatmo/internal/ui/game_highlight_state.go:116.22,120.4 3 0
github.com/ingyamilmolinar/beatmo/internal/ui/game_highlight_state.go:122.2,122.24 1 1
github.com/ingyamilmolinar/beatmo/internal/ui/game_highlight_state.go:126.44,128.34 2 1
github.com/ingyamilmolinar/beatmo/internal/ui/game_highlight_state.go:128.34,131.3 2 1
github.com/ingyamilmolinar/beatmo/internal/ui/game_highlight_state.go:132.2,132.38 1 1
github.com/ingyamilmolinar/beatmo/internal/ui/game_highlight_state.go:132.38,133.42 1 1
github.com/ingyamilmolinar/beatmo/internal/ui/game_highlight_state.go:133.42,135.4 1 1
github.com/ingyamilmolinar/beatmo/internal/ui/game_highlight_state.go:137.2,137.24 1 1
github.com/ingyamilmolinar/beatmo/internal/ui/game_highlight_state.go:140.34,144.2 3 1
github.com/ingyamilmolinar/beatmo/internal/ui/game_highlight_state.go:150.42,153.6 1 1
github.com/ingyamilmolinar/beatmo/internal/ui/game_highlight_state.go:153.6,154.10 1 1
github.com/ingyamilmolinar/beatmo/internal/ui/game_highlight_state.go:155.23,156.54 1 1
github.com/ingyamilmolinar/beatmo/internal/ui/game_highlight_state.go:157.11,158.15 1 1
github.com/ingyamilmolinar/beatmo/internal/ui/game_highlight_state.go:164.2,168.32 3 1
github.com/ingyamilmolinar/beatmo/internal/ui/game_highlight_state.go:168.32,169.53 1 1
github.com/ingyamilmolinar/beatmo/internal/ui/game_highlight_state.go:169.53,171.18 2 1
github.com/ingyamilmolinar/beatmo/internal/ui/game_highlight_state.go:171.18,174.13 3 1
github.com/ingyamilmolinar/beatmo/internal/ui/game_highlight_state.go:176.4,176.20 1 1
github.com/ingyamilmolinar/beatmo/internal/ui/game_highlight_state.go:176.20,179.5 1 1
github.com/ingyamilmolinar/beatmo/internal/ui/game_highlight_state.go:179.10,182.5 1 1
github.com/ingyamilmolinar/beatmo/internal/ui/game_highlight_state.go:183.4,183.12 1 1
github.com/ingyamilmolinar/beatmo/internal/ui/game_highlight_state.go:185.3,186.15 2 1
github.com/ingyamilmolinar/beatmo/internal/ui/game_highlight_state.go:186.15,188.4 1 1
github.com/ingyamilmolinar/beatmo/internal/ui/game_highlight_state.go:188.9,190.4 1 1
github.com/ingyamilmolinar/beatmo/internal/ui/game_highlight_state.go:192.2,192.23 1 1
github.com/ingyamilmolinar/beatmo/internal/ui/game_highlight_state.go:198.83,201.16 3 1
github.com/ingyamilmolinar/beatmo/internal/ui/game_highlight_state.go:201.16,202.57 1 1
github.com/ingyamilmolinar/beatmo/internal/ui/game_highlight_state.go:202.57,204.4 1 1
github.com/ingyamilmolinar/beatmo/internal/ui/game_highlight_state.go:205.3,205.55 1 1
github.com/ingyamilmolinar/beatmo/internal/ui/game_highlight_state.go:205.55,207.78 2 1
github.com/ingyamilmolinar/beatmo/internal/ui/game_highlight_state.go:207.78,209.5 1 1
github.com/ingyamilmolinar/beatmo/internal/ui/game_highlight_state.go:214.2,214.58 1 1
github.com/ingyamilmolinar/beatmo/internal/ui/game_highlight_state.go:214.58,215.51 1 1
github.com/ingyamilmolinar/beatmo/internal/ui/game_highlight_state.go:215.51,217.46 2 1
github.com/ingyamilmolinar/beatmo/internal/ui/game_highlight_state.go:217.46,219.5 1 1
github.com/ingyamilmolinar/beatmo/internal/ui/game_highlight_state.go:222.2,223.40 2 1
github.com/ingyamilmolinar/beatmo/internal/ui/game_highlight_state.go:223.40,224.53 1 1
github.com/ingyamilmolinar/beatmo/internal/ui/game_highlight_state.go:224.53,226.9 2 1
github.com/ingyamilmolinar/beatmo/internal/ui/game_highlight_state.go:226.9,228.5 1 1
github.com/ingyamilmolinar/beatmo/internal/ui/game_highlight_state.go:231.2,232.23 2 1
github.com/ingyamilmolinar/beatmo/internal/ui/game_highlight_state.go:233.53,234.25 1 1
github.com/ingyamilmolinar/beatmo/internal/ui/game_highlight_state.go:235.26,235.26 0 1
github.com/ingyamilmolinar/beatmo/internal/ui/game_highlight_state.go:237.10,237.10 0 1
github.com/ingyamilmolinar/beatmo/internal/ui/game_highlight_state.go:240.2,240.77 1 1
github.com/ingyamilmolinar/beatmo/internal/ui/game_highlight_state.go:240.77,242.3 1 0
github.com/ingyamilmolinar/beatmo/internal/ui/game_highlight_state.go:243.2,243.22 1 1
github.com/ingyamilmolinar/beatmo/internal/ui/game_highlight_state.go:243.22,245.3 1 1
github.com/ingyamilmolinar/beatmo/internal/ui/game_highlight_state.go:246.2,248.26 3 1
github.com/ingyamilmolinar/beatmo/internal/ui/game_highlight_state.go:248.26,250.3 1 1
github.com/ingyamilmolinar/beatmo/internal/ui/game_highlight_state.go:251.2,252.82 2 1
github.com/ingyamilmolinar/beatmo/internal/ui/game_highlight_state.go:252.82,254.3 1 1
github.com/ingyamilmolinar/beatmo/internal/ui/game_highlight_state.go:255.2,255.82 1 1
github.com/ingyamilmolinar/beatmo/internal/ui/game_highlight_state.go:255.82,256.65 1 1
github.com/ingyamilmolinar/beatmo/internal/ui/game_highlight_state.go:256.65,258.4 1 0
github.com/ingyamilmolinar/beatmo/internal/ui/game_highlight_state.go:259.3,259.35 1 1
github.com/ingyamilmolinar/beatmo/internal/ui/game_highlight_state.go:259.35,261.36 2 0
github.com/ingyamilmolinar/beatmo/internal/ui/game_highlight_state.go:261.36,263.5 1 0
github.com/ingyamilmolinar/beatmo/internal/ui/game_highlight_state.go:265.3,265.35 1 1
github.com/ingyamilmolinar/beatmo/internal/ui/game_highlight_state.go:265.35,268.4 2 1
github.com/ingyamilmolinar/beatmo/internal/ui/game_highlight_state.go:270.2,270.12 1 1
github.com/ingyamilmolinar/beatmo/internal/ui/game_highlight_state.go:270.12,274.3 3 1
github.com/ingyamilmolinar/beatmo/internal/ui/game_input_drag.go:9.37,10.15 1 1
github.com/ingyamilmolinar/beatmo/internal/ui/game_input_drag.go:10.15,12.3 1 1
github.com/ingyamilmolinar/beatmo/internal/ui/game_input_drag.go:16.40,17.44 1 1
github.com/ingyamilmolinar/beatmo/internal/ui/game_input_drag.go:17.44,19.3 1 1
github.com/ingyamilmolinar/beatmo/internal/ui/game_input_drag.go:21.2,21.14 1 1
github.com/ingyamilmolinar/beatmo/internal/ui/game_input_drag.go:24.75,29.41 2 1
github.com/ingyamilmolinar/beatmo/internal/ui/game_input_drag.go:29.41,30.36 1 1
github.com/ingyamilmolinar/beatmo/internal/ui/game_input_drag.go:30.36,33.4 2 1
github.com/ingyamilmolinar/beatmo/internal/ui/game_input_drag.go:36.2,36.31 1 1
github.com/ingyamilmolinar/beatmo/internal/ui/game_input_drag.go:36.31,39.3 2 1
github.com/ingyamilmolinar/beatmo/internal/ui/game_input_drag.go:41.2,41.32 1 1
github.com/ingyamilmolinar/beatmo/internal/ui/game_input_drag.go:41.32,42.63 1 1
github.com/ingyamilmolinar/beatmo/internal/ui/game_input_drag.go:42.63,45.74 3 0
github.com/ingyamilmolinar/beatmo/internal/ui/game_input_drag.go:45.74,46.14 1 0
github.com/ingyamilmolinar/beatmo/internal/ui/game_input_drag.go:46.14,49.6 2 0
github.com/ingyamilmolinar/beatmo/internal/ui/game_input_drag.go:49.11,52.6 2 0
github.com/ingyamilmolinar/beatmo/internal/ui/game_input_drag.go:53.10,55.5 1 0
github.com/ingyamilmolinar/beatmo/internal/ui/game_input_drag.go:57.3,58.26 2 1
github.com/ingyamilmolinar/beatmo/internal/ui/game_input_drag.go:63.39,65.2 1 1
github.com/ingyamilmolinar/beatmo/internal/ui/game_input_drag.go:67.50,69.45 2 1
github.com/ingyamilmolinar/beatmo/internal/ui/game_input_drag.go:69.45,71.3 1 0
github.com/ingyamilmolinar/beatmo/internal/ui/game_input_drag.go:72.2,73.20 2 1
github.com/ingyamilmolinar/beatmo/internal/ui/game_input_drag.go:73.20,76.3 2 0
github.com/ingyamilmolinar/beatmo/internal/ui/game_input_drag.go:77.2,83.14 7 1
github.com/ingyamilmolinar/beatmo/internal/ui/game_input_drag.go:83.14,85.3 1 1
github.com/ingyamilmolinar/beatmo/internal/ui/game_input_drag.go:86.2,96.16 11 1
github.com/ingyamilmolinar/beatmo/internal/ui/game_input_drag.go:96.16,98.3 1 0
github.com/ingyamilmolinar/beatmo/internal/ui/game_input_drag.go:99.2,116.14 3 1
github.com/ingyamilmolinar/beatmo/internal/ui/game_input_drag.go:116.14,118.3 1 1
github.com/ingyamilmolinar/beatmo/internal/ui/game_input_editor.go:12.31,17.22 4 1
github.com/ingyamilmolinar/beatmo/internal/ui/game_input_editor.go:17.22,21.3 3 0
github.com/ingyamilmolinar/beatmo/internal/ui/game_input_editor.go:27.2,27.46 1 1
github.com/ingyamilmolinar/beatmo/internal/ui/game_input_editor.go:27.46,31.3 3 1
github.com/ingyamilmolinar/beatmo/internal/ui/game_input_editor.go:34.2,34.58 1 1
github.com/ingyamilmolinar/beatmo/internal/ui/game_input_editor.go:34.58,38.3 3 1
github.com/ingyamilmolinar/beatmo/internal/ui/game_input_editor.go:41.2,41.53 1 1
github.com/ingyamilmolinar/beatmo/internal/ui/game_input_editor.go:41.53,45.3 3 1
github.com/ingyamilmolinar/beatmo/internal/ui/game_input_editor.go:48.2,48.39 1 1
github.com/ingyamilmolinar/beatmo/internal/ui/game_input_editor.go:48.39,50.20 2 1
github.com/ingyamilmolinar/beatmo/internal/ui/game_input_editor.go:50.20,52.27 1 0
github.com/ingyamilmolinar/beatmo/internal/ui/game_input_editor.go:52.27,59.27 7 0
github.com/ingyamilmolinar/beatmo/internal/ui/game_input_editor.go:59.27,62.6 2 0
github.com/ingyamilmolinar/beatmo/internal/ui/game_input_editor.go:62.11,62.33 1 0
github.com/ingyamilmolinar/beatmo/internal/ui/game_input_editor.go:62.33,64.6 1 0
github.com/ingyamilmolinar/beatmo/internal/ui/game_input_editor.go:66.4,67.10 2 0
github.com/ingyamilmolinar/beatmo/internal/ui/game_input_editor.go:70.3,70.37 1 1
github.com/ingyamilmolinar/beatmo/internal/ui/game_input_editor.go:70.37,74.4 3 0
github.com/ingyamilmolinar/beatmo/internal/ui/game_input_editor.go:76.3,76.24 1 1
github.com/ingyamilmolinar/beatmo/internal/ui/game_input_editor.go:76.24,77.13 1 1
github.com/ingyamilmolinar/beatmo/internal/ui/game_input_editor.go:77.13,79.5 1 1
github.com/ingyamilmolinar/beatmo/internal/ui/game_input_editor.go:80.4,81.10 2 1
github.com/ingyamilmolinar/beatmo/internal/ui/game_input_editor.go:84.3,84.78 1 0
github.com/ingyamilmolinar/beatmo/internal/ui/game_input_editor.go:84.78,89.87 4 0
github.com/ingyamilmolinar/beatmo/internal/ui/game_input_editor.go:89.87,93.5 3 0
github.com/ingyamilmolinar/beatmo/internal/ui/game_input_editor.go:94.4,95.16 2 0
github.com/ingyamilmolinar/beatmo/internal/ui/game_input_editor.go:95.16,100.5 4 0
github.com/ingyamilmolinar/beatmo/internal/ui/game_input_editor.go:100.10,103.5 2 0
github.com/ingyamilmolinar/beatmo/internal/ui/game_input_editor.go:105.3,106.9 2 0
github.com/ingyamilmolinar/beatmo/internal/ui/game_input_editor.go:110.2,115.33 2 1
github.com/ingyamilmolinar/beatmo/internal/ui/game_input_editor.go:115.33,119.3 3 1
github.com/ingyamilmolinar/beatmo/internal/ui/game_input_editor.go:121.2,121.54 1 1
github.com/ingyamilmolinar/beatmo/internal/ui/game_input_editor.go:121.54,125.3 3 1
github.com/ingyamilmolinar/beatmo/internal/ui/game_input_editor.go:126.2,131.30 4 1
github.com/ingyamilmolinar/beatmo/internal/ui/game_input_editor.go:131.30,132.42 1 1
github.com/ingyamilmolinar/beatmo/internal/ui/game_input_editor.go:132.42,135.4 2 1
github.com/ingyamilmolinar/beatmo/internal/ui/game_input_editor.go:136.3,136.9 1 1
github.com/ingyamilmolinar/beatmo/internal/ui/game_input_editor.go:140.2,140.32 1 1
github.com/ingyamilmolinar/beatmo/internal/ui/game_input_editor.go:140.32,142.42 1 0
github.com/ingyamilmolinar/beatmo/internal/ui/game_input_editor.go:142.42,143.43 1 0
github.com/ingyamilmolinar/beatmo/internal/ui/game_input_editor.go:143.43,145.5 1 0
github.com/ingyamilmolinar/beatmo/internal/ui/game_input_editor.go:146.9,146.40 1 0
github.com/ingyamilmolinar/beatmo/internal/ui/game_input_editor.go:146.40,147.70 1 0
github.com/ingyamilmolinar/beatmo/internal/ui/game_input_editor.go:147.70,150.75 3 0
github.com/ingyamilmolinar/beatmo/internal/ui/game_input_editor.go:150.75,151.15 1 0
github.com/ingyamilmolinar/beatmo/internal/ui/game_input_editor.go:151.15,153.7 1 0
github.com/ingyamilmolinar/beatmo/internal/ui/game_input_editor.go:153.12,155.7 1 0
github.com/ingyamilmolinar/beatmo/internal/ui/game_input_editor.go:158.4,158.27 1 0
github.com/ingyamilmolinar/beatmo/internal/ui/game_input_editor.go:159.9,159.39 1 0
github.com/ingyamilmolinar/beatmo/internal/ui/game_input_editor.go:159.39,161.4 1 0
github.com/ingyamilmolinar/beatmo/internal/ui/game_input_editor.go:162.3,162.9 1 0
github.com/ingyamilmolinar/beatmo/internal/ui/game_input_editor.go:166.2,166.25 1 1
github.com/ingyamilmolinar/beatmo/internal/ui/game_input_editor.go:166.25,174.29 6 1
github.com/ingyamilmolinar/beatmo/internal/ui/game_input_editor.go:174.29,177.43 1 1
github.com/ingyamilmolinar/beatmo/internal/ui/game_input_editor.go:177.43,178.86 1 1
github.com/ingyamilmolinar/beatmo/internal/ui/game_input_editor.go:178.86,182.59 2 1
github.com/ingyamilmolinar/beatmo/internal/ui/game_input_editor.go:182.59,183.47 1 1
github.com/ingyamilmolinar/beatmo/internal/ui/game_input_editor.go:183.47,189.8 4 1
github.com/ingyamilmolinar/beatmo/internal/ui/game_input_editor.go:191.6,191.44 1 1
github.com/ingyamilmolinar/beatmo/internal/ui/game_input_editor.go:191.44,192.51 1 1
github.com/ingyamilmolinar/beatmo/internal/ui/game_input_editor.go:192.51,194.8 1 1
github.com/ingyamilmolinar/beatmo/internal/ui/game_input_editor.go:195.7,198.19 4 1
github.com/ingyamilmolinar/beatmo/internal/ui/game_input_editor.go:198.19,201.8 2 0
github.com/ingyamilmolinar/beatmo/internal/ui/game_input_editor.go:202.7,202.26 1 1
github.com/ingyamilmolinar/beatmo/internal/ui/game_input_editor.go:204.6,208.12 5 1
github.com/ingyamilmolinar/beatmo/internal/ui/game_input_editor.go:213.2,213.25 1 1
github.com/ingyamilmolinar/beatmo/internal/ui/game_input_editor.go:213.25,215.38 1 1
github.com/ingyamilmolinar/beatmo/internal/ui/game_input_editor.go:215.38,218.34 2 1
github.com/ingyamilmolinar/beatmo/internal/ui/game_input_editor.go:218.34,219.21 1 1
github.com/ingyamilmolinar/beatmo/internal/ui/game_input_editor.go:219.21,221.6 1 1
github.com/ingyamilmolinar/beatmo/internal/ui/game_input_editor.go:222.5,227.32 6 1
github.com/ingyamilmolinar/beatmo/internal/ui/game_input_editor.go:228.10,232.19 3 1
github.com/ingyamilmolinar/beatmo/internal/ui/game_input_editor.go:232.19,233.22 1 0
github.com/ingyamilmolinar/beatmo/internal/ui/game_input_editor.go:233.22,236.7 2 0
github.com/ingyamilmolinar/beatmo/internal/ui/game_input_editor.go:237.6,240.29 4 0
github.com/ingyamilmolinar/beatmo/internal/ui/game_input_editor.go:242.5,242.22 1 1
github.com/ingyamilmolinar/beatmo/internal/ui/game_input_editor.go:245.3,246.23 2 1
github.com/ingyamilmolinar/beatmo/internal/ui/game_input_editor.go:248.2,248.47 1 1
github.com/ingyamilmolinar/beatmo/internal/ui/game_input_editor.go:248.47,249.21 1 1
github.com/ingyamilmolinar/beatmo/internal/ui/game_input_editor.go:249.21,252.4 2 1
github.com/ingyamilmolinar/beatmo/internal/ui/game_input_editor.go:253.3,257.22 5 1
github.com/ingyamilmolinar/beatmo/internal/ui/game_input_editor.go:259.2,259.19 1 1
github.com/ingyamilmolinar/beatmo/internal/ui/game_input_editor.go:264.64,265.52 1 1
github.com/ingyamilmolinar/beatmo/internal/ui/game_input_editor.go:265.52,267.3 1 0
github.com/ingyamilmolinar/beatmo/internal/ui/game_input_editor.go:268.2,269.31 2 1
github.com/ingyamilmolinar/beatmo/internal/ui/game_input_touch.go:11.42,13.47 1 1
github.com/ingyamilmolinar/beatmo/internal/ui/game_input_touch.go:13.47,16.3 2 1
github.com/ingyamilmolinar/beatmo/internal/ui/game_input_touch.go:19.2,19.39 1 1
github.com/ingyamilmolinar/beatmo/internal/ui/game_input_touch.go:19.39,20.20 1 1
github.com/ingyamilmolinar/beatmo/internal/ui/game_input_touch.go:20.20,28.26 7 1
github.com/ingyamilmolinar/beatmo/internal/ui/game_input_touch.go:28.26,31.5 2 1
github.com/ingyamilmolinar/beatmo/internal/ui/game_input_touch.go:31.10,31.32 1 1
github.com/ingyamilmolinar/beatmo/internal/ui/game_input_touch.go:31.32,33.5 1 1
github.com/ingyamilmolinar/beatmo/internal/ui/game_input_touch.go:34.4,34.10 1 1
github.com/ingyamilmolinar/beatmo/internal/ui/game_input_touch.go:36.3,39.86 4 1
github.com/ingyamilmolinar/beatmo/internal/ui/game_input_touch.go:39.86,42.4 2 1
github.com/ingyamilmolinar/beatmo/internal/ui/game_input_touch.go:43.3,44.15 2 1
github.com/ingyamilmolinar/beatmo/internal/ui/game_input_touch.go:44.15,49.4 4 1
github.com/ingyamilmolinar/beatmo/internal/ui/game_input_touch.go:49.9,52.4 2 1
github.com/ingyamilmolinar/beatmo/internal/ui/game_input_touch.go:53.3,53.9 1 1
github.com/ingyamilmolinar/beatmo/internal/ui/game_input_touch.go:57.2,57.47 1 1
github.com/ingyamilmolinar/beatmo/internal/ui/game_input_touch.go:57.47,65.68 1 1
github.com/ingyamilmolinar/beatmo/internal/ui/game_input_touch.go:65.68,68.4 2 1
github.com/ingyamilmolinar/beatmo/internal/ui/game_input_touch.go:72.3,72.34 1 1
github.com/ingyamilmolinar/beatmo/internal/ui/game_input_touch.go:72.34,75.4 2 1
github.com/ingyamilmolinar/beatmo/internal/ui/game_input_touch.go:76.3,76.9 1 1
github.com/ingyamilmolinar/beatmo/internal/ui/game_input_touch.go:78.2,78.24 1 1
github.com/ingyamilmolinar/beatmo/internal/ui/game_input_touch.go:78.24,82.3 2 1
github.com/ingyamilmolinar/beatmo/internal/ui/game_input_touch.go:85.2,85.33 1 1
github.com/ingyamilmolinar/beatmo/internal/ui/game_input_touch.go:85.33,87.3 1 1
github.com/ingyamilmolinar/beatmo/internal/ui/game_input_touch.go:90.2,90.28 1 1
github.com/ingyamilmolinar/beatmo/internal/ui/game_input_touch.go:90.28,91.42 1 1
github.com/ingyamilmolinar/beatmo/internal/ui/game_input_touch.go:91.42,92.85 1 1
github.com/ingyamilmolinar/beatmo/internal/ui/game_input_touch.go:92.85,95.58 2 1
github.com/ingyamilmolinar/beatmo/internal/ui/game_input_touch.go:95.58,96.46 1 0
github.com/ingyamilmolinar/beatmo/internal/ui/game_input_touch.go:96.46,98.7 1 0
github.com/ingyamilmolinar/beatmo/internal/ui/game_input_touch.go:100.5,100.43 1 1
github.com/ingyamilmolinar/beatmo/internal/ui/game_input_touch.go:100.43,101.50 1 1
github.com/ingyamilmolinar/beatmo/internal/ui/game_input_touch.go:101.50,103.7 1 1
github.com/ingyamilmolinar/beatmo/internal/ui/game_input_touch.go:104.6,107.18 4 1
github.com/ingyamilmolinar/beatmo/internal/ui/game_input_touch.go:107.18,110.7 2 1
github.com/ingyamilmolinar/beatmo/internal/ui/game_input_touch.go:111.6,111.25 1 1
github.com/ingyamilmolinar/beatmo/internal/ui/game_input_touch.go:113.5,114.11 2 1
github.com/ingyamilmolinar/beatmo/internal/ui/game_input_touch.go:120.2,120.41 1 1
github.com/ingyamilmolinar/beatmo/internal/ui/game_input_touch.go:120.41,122.19 1 1
github.com/ingyamilmolinar/beatmo/internal/ui/game_input_touch.go:122.19,124.4 1 1
github.com/ingyamilmolinar/beatmo/internal/ui/game_input_touch.go:125.3,131.9 7 1
github.com/ingyamilmolinar/beatmo/internal/ui/game_input_touch.go:135.2,139.14 5 1
github.com/ingyamilmolinar/beatmo/internal/ui/game_input_touch.go:139.14,140.33 1 1
github.com/ingyamilmolinar/beatmo/internal/ui/game_input_touch.go:140.33,142.4 1 0
github.com/ingyamilmolinar/beatmo/internal/ui/game_input_touch.go:143.3,145.26 3 1
github.com/ingyamilmolinar/beatmo/internal/ui/game_input_touch.go:148.2,148.19 1 1
github.com/ingyamilmolinar/beatmo/internal/ui/game_input_touch.go:154.47,156.79 1 1
github.com/ingyamilmolinar/beatmo/internal/ui/game_input_touch.go:156.79,157.42 1 1
github.com/ingyamilmolinar/beatmo/internal/ui/game_input_touch.go:157.42,158.37 1 1
github.com/ingyamilmolinar/beatmo/internal/ui/game_input_touch.go:158.37,161.5 2 1
github.com/ingyamilmolinar/beatmo/internal/ui/game_input_touch.go:165.2,165.54 1 1
github.com/ingyamilmolinar/beatmo/internal/ui/game_input_touch.go:165.54,167.3 1 1
github.com/ingyamilmolinar/beatmo/internal/ui/game_input_touch.go:170.2,170.41 1 1
github.com/ingyamilmolinar/beatmo/internal/ui/game_input_touch.go:170.41,172.3 1 1
github.com/ingyamilmolinar/beatmo/internal/ui/game_input_touch.go:177.70,178.72 1 1
github.com/ingyamilmolinar/beatmo/internal/ui/game_input_touch.go:178.72,180.3 1 1
github.com/ingyamilmolinar/beatmo/internal/ui/game_input_touch.go:183.2,183.27 1 1
github.com/ingyamilmolinar/beatmo/internal/ui/game_input_touch.go:183.27,187.3 3 1
github.com/ingyamilmolinar/beatmo/internal/ui/game_input_touch.go:190.2,193.23 3 1
github.com/ingyamilmolinar/beatmo/internal/ui/game_input_touch.go:193.23,195.3 1 1
github.com/ingyamilmolinar/beatmo/internal/ui/game_input_touch.go:195.8,195.31 1 1
github.com/ingyamilmolinar/beatmo/internal/ui/game_input_touch.go:195.31,197.3 1 1
github.com/ingyamilmolinar/beatmo/internal/ui/game_input_touch.go:200.2,206.14 7 1
github.com/ingyamilmolinar/beatmo/internal/ui/game_input_touch.go:210.60,214.2 3 1
github.com/ingyamilmolinar/beatmo/internal/ui/game_input_touch.go:217.37,219.2 1 1
github.com/ingyamilmolinar/beatmo/internal/ui/game_instrumentation.go:17.58,22.31 2 1
github.com/ingyamilmolinar/beatmo/internal/ui/game_instrumentation.go:22.31,24.3 1 0
github.com/ingyamilmolinar/beatmo/internal/ui/game_instrumentation.go:25.2,25.46 1 1
github.com/ingyamilmolinar/beatmo/internal/ui/game_instrumentation.go:25.46,27.3 1 0
github.com/ingyamilmolinar/beatmo/internal/ui/game_instrumentation.go:28.2,28.34 1 1
github.com/ingyamilmolinar/beatmo/internal/ui/game_instrumentation.go:28.34,30.3 1 1
github.com/ingyamilmolinar/beatmo/internal/ui/game_instrumentation.go:31.2,31.37 1 1
github.com/ingyamilmolinar/beatmo/internal/ui/game_instrumentation.go:31.37,33.3 1 1
github.com/ingyamilmolinar/beatmo/internal/ui/game_instrumentation.go:35.2,40.79 5 1
github.com/ingyamilmolinar/beatmo/internal/ui/game_instrumentation.go:40.79,42.3 1 0
github.com/ingyamilmolinar/beatmo/internal/ui/game_instrumentation.go:43.2,43.17 1 1
github.com/ingyamilmolinar/beatmo/internal/ui/game_instrumentation.go:43.17,45.3 1 0
github.com/ingyamilmolinar/beatmo/internal/ui/game_instrumentation.go:47.2,47.50 1 1
github.com/ingyamilmolinar/beatmo/internal/ui/game_instrumentation.go:47.50,49.3 1 0
github.com/ingyamilmolinar/beatmo/internal/ui/game_instrumentation.go:50.2,54.31 5 1
github.com/ingyamilmolinar/beatmo/internal/ui/game_instrumentation.go:54.31,58.3 3 1
github.com/ingyamilmolinar/beatmo/internal/ui/game_instrumentation.go:59.2,59.13 1 1
github.com/ingyamilmolinar/beatmo/internal/ui/game_instrumentation.go:62.54,64.2 1 1
github.com/ingyamilmolinar/beatmo/internal/ui/game_instrumentation.go:66.55,67.32 1 1
github.com/ingyamilmolinar/beatmo/internal/ui/game_instrumentation.go:67.32,69.3 1 0
github.com/ingyamilmolinar/beatmo/internal/ui/game_instrumentation.go:70.2,70.27 1 1
github.com/ingyamilmolinar/beatmo/internal/ui/game_layout.go:9.44,10.22 1 1
github.com/ingyamilmolinar/beatmo/internal/ui/game_layout.go:10.22,11.12 1 1
github.com/ingyamilmolinar/beatmo/internal/ui/game_layout.go:11.12,13.4 1 1
github.com/ingyamilmolinar/beatmo/internal/ui/game_layout.go:14.3,14.12 1 1
github.com/ingyamilmolinar/beatmo/internal/ui/game_layout.go:14.12,16.4 1 1
github.com/ingyamilmolinar/beatmo/internal/ui/game_layout.go:18.2,22.74 4 1
github.com/ingyamilmolinar/beatmo/internal/ui/game_layout.go:22.74,25.3 2 1
github.com/ingyamilmolinar/beatmo/internal/ui/game_layout.go:28.2,28.20 1 1
github.com/ingyamilmolinar/beatmo/internal/ui/game_layout.go:28.20,30.3 1 0
github.com/ingyamilmolinar/beatmo/internal/ui/game_layout.go:32.2,36.72 2 1
github.com/ingyamilmolinar/beatmo/internal/ui/game_layout.go:36.72,40.20 4 0
github.com/ingyamilmolinar/beatmo/internal/ui/game_layout.go:40.20,45.4 4 0
github.com/ingyamilmolinar/beatmo/internal/ui/game_layout.go:47.3,52.40 4 0
github.com/ingyamilmolinar/beatmo/internal/ui/game_layout.go:54.2,59.61 4 1
github.com/ingyamilmolinar/beatmo/internal/ui/game_layout.go:59.61,63.20 4 1
github.com/ingyamilmolinar/beatmo/internal/ui/game_layout.go:63.20,65.4 1 1
github.com/ingyamilmolinar/beatmo/internal/ui/game_layout.go:66.3,69.40 4 1
github.com/ingyamilmolinar/beatmo/internal/ui/game_layout.go:71.2,73.24 2 1
github.com/ingyamilmolinar/beatmo/internal/ui/game_layout.go:73.24,74.25 1 1
github.com/ingyamilmolinar/beatmo/internal/ui/game_layout.go:74.25,76.4 1 1
github.com/ingyamilmolinar/beatmo/internal/ui/game_layout.go:77.3,77.23 1 1
github.com/ingyamilmolinar/beatmo/internal/ui/game_layout.go:77.23,79.4 1 1
github.com/ingyamilmolinar/beatmo/internal/ui/game_layout.go:80.8,81.25 1 0
github.com/ingyamilmolinar/beatmo/internal/ui/game_layout.go:81.25,83.4 1 0
github.com/ingyamilmolinar/beatmo/internal/ui/game_layout.go:84.3,84.23 1 0
github.com/ingyamilmolinar/beatmo/internal/ui/game_layout.go:84.23,86.4 1 0
github.com/ingyamilmolinar/beatmo/internal/ui/game_layout.go:89.2,89.83 1 1
github.com/ingyamilmolinar/beatmo/internal/ui/game_layout.go:89.83,90.27 1 1
github.com/ingyamilmolinar/beatmo/internal/ui/game_layout.go:90.27,94.4 2 1
github.com/ingyamilmolinar/beatmo/internal/ui/game_layout.go:94.9,103.16 5 1
github.com/ingyamilmolinar/beatmo/internal/ui/game_layout.go:103.16,105.5 1 0
github.com/ingyamilmolinar/beatmo/internal/ui/game_layout.go:106.4,106.16 1 1
github.com/ingyamilmolinar/beatmo/internal/ui/game_layout.go:106.16,108.5 1 0
github.com/ingyamilmolinar/beatmo/internal/ui/game_layout.go:109.4,109.17 1 1
github.com/ingyamilmolinar/beatmo/internal/ui/game_layout.go:111.3,111.25 1 1
github.com/ingyamilmolinar/beatmo/internal/ui/game_layout.go:111.25,112.13 1 1
github.com/ingyamilmolinar/beatmo/internal/ui/game_layout.go:112.13,114.5 1 1
github.com/ingyamilmolinar/beatmo/internal/ui/game_layout.go:115.9,116.13 1 0
github.com/ingyamilmolinar/beatmo/internal/ui/game_layout.go:116.13,118.5 1 0
github.com/ingyamilmolinar/beatmo/internal/ui/game_layout.go:121.2,124.66 2 1
github.com/ingyamilmolinar/beatmo/internal/ui/game_layout.go:124.66,125.26 1 1
github.com/ingyamilmolinar/beatmo/internal/ui/game_layout.go:125.26,128.4 2 0
github.com/ingyamilmolinar/beatmo/internal/ui/game_layout.go:128.9,131.4 2 1
github.com/ingyamilmolinar/beatmo/internal/ui/game_layout.go:132.3,133.20 2 1
github.com/ingyamilmolinar/beatmo/internal/ui/game_layout.go:135.2,135.40 1 1
github.com/ingyamilmolinar/beatmo/internal/ui/game_layout.go:135.40,136.28 1 1
github.com/ingyamilmolinar/beatmo/internal/ui/game_layout.go:136.28,137.24 1 0
github.com/ingyamilmolinar/beatmo/internal/ui/game_layout.go:137.24,139.5 1 0
github.com/ingyamilmolinar/beatmo/internal/ui/game_layout.go:140.9,140.31 1 1
github.com/ingyamilmolinar/beatmo/internal/ui/game_layout.go:140.31,144.4 2 1
github.com/ingyamilmolinar/beatmo/internal/ui/game_layout.go:145.8,145.52 1 1
github.com/ingyamilmolinar/beatmo/internal/ui/game_layout.go:145.52,149.3 2 0
github.com/ingyamilmolinar/beatmo/internal/ui/game_layout.go:151.2,151.63 1 1
github.com/ingyamilmolinar/beatmo/internal/ui/game_layout.go:151.63,152.26 1 0
github.com/ingyamilmolinar/beatmo/internal/ui/game_layout.go:152.26,155.4 2 0
github.com/ingyamilmolinar/beatmo/internal/ui/game_layout.go:155.9,158.4 2 0
github.com/ingyamilmolinar/beatmo/internal/ui/game_layout.go:159.3,160.20 2 0
github.com/ingyamilmolinar/beatmo/internal/ui/game_layout.go:162.2,163.13 2 1
github.com/ingyamilmolinar/beatmo/internal/ui/game_layout.go:169.55,172.19 3 1
github.com/ingyamilmolinar/beatmo/internal/ui/game_layout.go:172.19,174.3 1 1
github.com/ingyamilmolinar/beatmo/internal/ui/game_layout.go:175.2,180.21 6 1
github.com/ingyamilmolinar/beatmo/internal/ui/game_layout.go:180.21,182.3 1 1
github.com/ingyamilmolinar/beatmo/internal/ui/game_layout.go:183.2,183.21 1 1
github.com/ingyamilmolinar/beatmo/internal/ui/game_layout.go:183.21,185.3 1 1
github.com/ingyamilmolinar/beatmo/internal/ui/game_layout.go:186.2,186.18 1 1
github.com/ingyamilmolinar/beatmo/internal/ui/game_longpress_popup.go:12.69,14.53 1 1
github.com/ingyamilmolinar/beatmo/internal/ui/game_longpress_popup.go:14.53,16.3 1 0
github.com/ingyamilmolinar/beatmo/internal/ui/game_longpress_popup.go:18.2,18.24 1 1
github.com/ingyamilmolinar/beatmo/internal/ui/game_longpress_popup.go:18.24,20.3 1 1
github.com/ingyamilmolinar/beatmo/internal/ui/game_longpress_popup.go:22.2,41.12 14 1
github.com/ingyamilmolinar/beatmo/internal/ui/game_longpress_popup.go:41.12,44.3 2 1
github.com/ingyamilmolinar/beatmo/internal/ui/game_longpress_popup.go:47.2,49.12 3 1
github.com/ingyamilmolinar/beatmo/internal/ui/game_longpress_popup.go:49.12,51.3 1 1
github.com/ingyamilmolinar/beatmo/internal/ui/game_longpress_popup.go:52.2,52.23 1 1
github.com/ingyamilmolinar/beatmo/internal/ui/game_longpress_popup.go:52.23,54.3 1 0
github.com/ingyamilmolinar/beatmo/internal/ui/game_longpress_popup.go:55.2,55.12 1 1
github.com/ingyamilmolinar/beatmo/internal/ui/game_longpress_popup.go:55.12,57.3 1 0
github.com/ingyamilmolinar/beatmo/internal/ui/game_longpress_popup.go:58.2,58.23 1 1
github.com/ingyamilmolinar/beatmo/internal/ui/game_longpress_popup.go:58.23,60.3 1 0
github.com/ingyamilmolinar/beatmo/internal/ui/game_longpress_popup.go:62.2,68.81 6 1
github.com/ingyamilmolinar/beatmo/internal/ui/game_longpress_popup.go:73.60,74.23 1 1
github.com/ingyamilmolinar/beatmo/internal/ui/game_longpress_popup.go:74.23,76.3 1 0
github.com/ingyamilmolinar/beatmo/internal/ui/game_longpress_popup.go:78.2,79.33 2 1
github.com/ingyamilmolinar/beatmo/internal/ui/game_longpress_popup.go:79.33,81.3 1 1
github.com/ingyamilmolinar/beatmo/internal/ui/game_longpress_popup.go:81.8,81.40 1 1
github.com/ingyamilmolinar/beatmo/internal/ui/game_longpress_popup.go:81.40,83.3 1 1
github.com/ingyamilmolinar/beatmo/internal/ui/game_longpress_popup.go:83.8,83.39 1 1
github.com/ingyamilmolinar/beatmo/internal/ui/game_longpress_popup.go:83.39,85.3 1 1
github.com/ingyamilmolinar/beatmo/internal/ui/game_longpress_popup.go:85.8,87.3 1 1
github.com/ingyamilmolinar/beatmo/internal/ui/game_longpress_popup.go:93.2,93.10 1 1
github.com/ingyamilmolinar/beatmo/internal/ui/game_longpress_popup.go:93.10,95.3 1 1
github.com/ingyamilmolinar/beatmo/internal/ui/game_longpress_popup.go:98.2,98.25 1 1
github.com/ingyamilmolinar/beatmo/internal/ui/game_longpress_popup.go:98.25,99.36 1 1
github.com/ingyamilmolinar/beatmo/internal/ui/game_longpress_popup.go:100.15,105.28 5 1
github.com/ingyamilmolinar/beatmo/internal/ui/game_longpress_popup.go:106.18,109.28 3 1
github.com/ingyamilmolinar/beatmo/internal/ui/game_longpress_popup.go:110.17,113.22 3 1
github.com/ingyamilmolinar/beatmo/internal/ui/game_longpress_popup.go:114.11,115.29 1 1
github.com/ingyamilmolinar/beatmo/internal/ui/game_longpress_popup.go:121.40,130.2 8 1
github.com/ingyamilmolinar/beatmo/internal/ui/game_longpress_popup.go:133.54,134.23 1 1
github.com/ingyamilmolinar/beatmo/internal/ui/game_longpress_popup.go:134.23,136.3 1 1
github.com/ingyamilmolinar/beatmo/internal/ui/game_longpress_popup.go:139.2,145.15 5 1
github.com/ingyamilmolinar/beatmo/internal/ui/game_longpress_popup.go:145.15,148.3 2 0
github.com/ingyamilmolinar/beatmo/internal/ui/game_longpress_popup.go:149.2,151.15 3 1
github.com/ingyamilmolinar/beatmo/internal/ui/game_longpress_popup.go:151.15,153.3 1 0
github.com/ingyamilmolinar/beatmo/internal/ui/game_longpress_popup.go:154.2,161.15 6 1
github.com/ingyamilmolinar/beatmo/internal/ui/game_longpress_popup.go:161.15,164.3 2 0
github.com/ingyamilmolinar/beatmo/internal/ui/game_longpress_popup.go:165.2,167.15 3 1
github.com/ingyamilmolinar/beatmo/internal/ui/game_longpress_popup.go:167.15,169.3 1 0
github.com/ingyamilmolinar/beatmo/internal/ui/game_longpress_popup.go:170.2,177.14 6 1
github.com/ingyamilmolinar/beatmo/internal/ui/game_longpress_popup.go:177.14,180.3 2 0
github.com/ingyamilmolinar/beatmo/internal/ui/game_longpress_popup.go:181.2,184.37 4 1
github.com/ingyamilmolinar/beatmo/internal/ui/game_math.go:9.34,9.61 1 1
github.com/ingyamilmolinar/beatmo/internal/ui/game_math.go:10.21,11.11 1 1
github.com/ingyamilmolinar/beatmo/internal/ui/game_math.go:11.11,13.3 1 1
github.com/ingyamilmolinar/beatmo/internal/ui/game_math.go:14.2,14.10 1 1
github.com/ingyamilmolinar/beatmo/internal/ui/game_math.go:18.41,22.2 3 1
github.com/ingyamilmolinar/beatmo/internal/ui/game_media_session_stub.go:5.33,5.34 0 1
github.com/ingyamilmolinar/beatmo/internal/ui/game_new.go:22.41,25.86 2 1
github.com/ingyamilmolinar/beatmo/internal/ui/game_new.go:25.86,27.3 1 0
github.com/ingyamilmolinar/beatmo/internal/ui/game_new.go:28.2,89.26 5 1
github.com/ingyamilmolinar/beatmo/internal/ui/game_new.go:89.26,92.3 2 1
github.com/ingyamilmolinar/beatmo/internal/ui/game_new.go:93.2,93.27 1 1
github.com/ingyamilmolinar/beatmo/internal/ui/game_new.go:93.27,95.3 1 0
github.com/ingyamilmolinar/beatmo/internal/ui/game_new.go:96.2,96.28 1 1
github.com/ingyamilmolinar/beatmo/internal/ui/game_new.go:96.28,98.3 1 0
github.com/ingyamilmolinar/beatmo/internal/ui/game_new.go:99.2,100.105 2 1
github.com/ingyamilmolinar/beatmo/internal/ui/game_new.go:100.105,102.3 1 0
github.com/ingyamilmolinar/beatmo/internal/ui/game_new.go:108.2,115.16 4 1
github.com/ingyamilmolinar/beatmo/internal/ui/game_new.go:115.16,117.3 1 0
github.com/ingyamilmolinar/beatmo/internal/ui/game_new.go:118.2,120.28 3 1
github.com/ingyamilmolinar/beatmo/internal/ui/game_new.go:120.28,122.3 1 1
github.com/ingyamilmolinar/beatmo/internal/ui/game_new.go:125.2,125.44 1 1
github.com/ingyamilmolinar/beatmo/internal/ui/game_new.go:125.44,128.3 2 1
github.com/ingyamilmolinar/beatmo/internal/ui/game_new.go:129.2,132.29 3 1
github.com/ingyamilmolinar/beatmo/internal/ui/game_new.go:132.29,132.55 1 1
github.com/ingyamilmolinar/beatmo/internal/ui/game_new.go:134.2,135.31 2 1
github.com/ingyamilmolinar/beatmo/internal/ui/game_new.go:135.31,137.3 1 1
github.com/ingyamilmolinar/beatmo/internal/ui/game_new.go:138.2,149.20 8 1
github.com/ingyamilmolinar/beatmo/internal/ui/game_new.go:149.20,151.3 1 0
github.com/ingyamilmolinar/beatmo/internal/ui/game_new.go:152.2,160.76 4 1
github.com/ingyamilmolinar/beatmo/internal/ui/game_new.go:160.76,162.3 1 0
github.com/ingyamilmolinar/beatmo/internal/ui/game_new.go:163.2,168.50 2 1
github.com/ingyamilmolinar/beatmo/internal/ui/game_new.go:168.50,169.26 1 1
github.com/ingyamilmolinar/beatmo/internal/ui/game_new.go:169.26,171.21 2 1
github.com/ingyamilmolinar/beatmo/internal/ui/game_new.go:171.21,173.5 1 1
github.com/ingyamilmolinar/beatmo/internal/ui/game_new.go:175.4,175.36 1 1
github.com/ingyamilmolinar/beatmo/internal/ui/game_new.go:175.36,177.27 2 1
github.com/ingyamilmolinar/beatmo/internal/ui/game_new.go:177.27,180.6 1 0
github.com/ingyamilmolinar/beatmo/internal/ui/game_new.go:180.11,180.34 1 1
github.com/ingyamilmolinar/beatmo/internal/ui/game_new.go:180.34,182.6 1 1
github.com/ingyamilmolinar/beatmo/internal/ui/game_new.go:182.11,182.34 1 1
github.com/ingyamilmolinar/beatmo/internal/ui/game_new.go:182.34,184.6 1 1
github.com/ingyamilmolinar/beatmo/internal/ui/game_new.go:186.4,187.31 2 1
github.com/ingyamilmolinar/beatmo/internal/ui/game_new.go:187.31,188.38 1 1
github.com/ingyamilmolinar/beatmo/internal/ui/game_new.go:188.38,189.23 1 1
github.com/ingyamilmolinar/beatmo/internal/ui/game_new.go:189.23,191.7 1 1
github.com/ingyamilmolinar/beatmo/internal/ui/game_new.go:194.4,194.28 1 1
github.com/ingyamilmolinar/beatmo/internal/ui/game_new.go:194.28,196.5 1 0
github.com/ingyamilmolinar/beatmo/internal/ui/game_new.go:197.4,197.22 1 1
github.com/ingyamilmolinar/beatmo/internal/ui/game_new.go:199.3,199.27 1 1
github.com/ingyamilmolinar/beatmo/internal/ui/game_new.go:199.27,202.4 2 1
github.com/ingyamilmolinar/beatmo/internal/ui/game_new.go:202.9,204.4 1 0
github.com/ingyamilmolinar/beatmo/internal/ui/game_new.go:207.2,215.26 4 1
github.com/ingyamilmolinar/beatmo/internal/ui/game_new.go:215.26,218.3 2 0
github.com/ingyamilmolinar/beatmo/internal/ui/game_new.go:218.8,225.3 1 1
github.com/ingyamilmolinar/beatmo/internal/ui/game_new.go:231.2,233.51 3 1
github.com/ingyamilmolinar/beatmo/internal/ui/game_new.go:233.51,236.18 3 1
github.com/ingyamilmolinar/beatmo/internal/ui/game_new.go:236.18,239.4 2 1
github.com/ingyamilmolinar/beatmo/internal/ui/game_new.go:240.3,244.18 5 1
github.com/ingyamilmolinar/beatmo/internal/ui/game_new.go:244.18,252.4 7 1
github.com/ingyamilmolinar/beatmo/internal/ui/game_new.go:253.3,254.32 2 1
github.com/ingyamilmolinar/beatmo/internal/ui/game_new.go:254.32,256.4 1 1
github.com/ingyamilmolinar/beatmo/internal/ui/game_new.go:257.3,257.36 1 1
github.com/ingyamilmolinar/beatmo/internal/ui/game_new.go:257.36,259.4 1 1
github.com/ingyamilmolinar/beatmo/internal/ui/game_new.go:261.2,263.26 3 1
github.com/ingyamilmolinar/beatmo/internal/ui/game_new.go:263.26,265.3 1 1
github.com/ingyamilmolinar/beatmo/internal/ui/game_new.go:266.2,266.10 1 1
github.com/ingyamilmolinar/beatmo/internal/ui/game_node_highlight_until.go:14.75,16.26 2 1
github.com/ingyamilmolinar/beatmo/internal/ui/game_node_highlight_until.go:16.26,18.3 1 0
github.com/ingyamilmolinar/beatmo/internal/ui/game_node_highlight_until.go:19.2,20.22 2 1
github.com/ingyamilmolinar/beatmo/internal/ui/game_node_highlight_until.go:23.82,26.26 3 1
github.com/ingyamilmolinar/beatmo/internal/ui/game_node_highlight_until.go:26.26,28.3 1 0
github.com/ingyamilmolinar/beatmo/internal/ui/game_node_highlight_until.go:29.2,30.31 2 1
github.com/ingyamilmolinar/beatmo/internal/ui/game_node_highlight_until.go:33.52,35.26 2 1
github.com/ingyamilmolinar/beatmo/internal/ui/game_node_highlight_until.go:35.26,37.3 1 1
github.com/ingyamilmolinar/beatmo/internal/ui/game_node_highlight_until.go:38.2,38.22 1 1
github.com/ingyamilmolinar/beatmo/internal/ui/game_node_interaction.go:10.47,13.28 3 1
github.com/ingyamilmolinar/beatmo/internal/ui/game_node_interaction.go:13.28,15.48 2 1
github.com/ingyamilmolinar/beatmo/internal/ui/game_node_interaction.go:15.48,16.12 1 1
github.com/ingyamilmolinar/beatmo/internal/ui/game_node_interaction.go:18.3,24.87 6 1
github.com/ingyamilmolinar/beatmo/internal/ui/game_node_interaction.go:24.87,28.20 4 1
github.com/ingyamilmolinar/beatmo/internal/ui/game_node_interaction.go:28.20,31.5 2 1
github.com/ingyamilmolinar/beatmo/internal/ui/game_node_interaction.go:34.2,34.13 1 1
github.com/ingyamilmolinar/beatmo/internal/ui/game_node_interaction.go:37.46,48.14 6 1
github.com/ingyamilmolinar/beatmo/internal/ui/game_node_interaction.go:48.14,49.38 1 1
github.com/ingyamilmolinar/beatmo/internal/ui/game_node_interaction.go:49.38,54.4 3 1
github.com/ingyamilmolinar/beatmo/internal/ui/game_node_interaction.go:60.2,61.49 2 1
github.com/ingyamilmolinar/beatmo/internal/ui/game_node_interaction.go:61.49,66.37 2 1
github.com/ingyamilmolinar/beatmo/internal/ui/game_node_interaction.go:66.37,68.4 1 1
github.com/ingyamilmolinar/beatmo/internal/ui/game_node_interaction.go:68.9,68.31 1 1
github.com/ingyamilmolinar/beatmo/internal/ui/game_node_interaction.go:68.31,71.4 1 1
github.com/ingyamilmolinar/beatmo/internal/ui/game_node_interaction.go:74.2,74.18 1 1
github.com/ingyamilmolinar/beatmo/internal/ui/game_node_interaction.go:74.18,76.3 1 1
github.com/ingyamilmolinar/beatmo/internal/ui/game_node_interaction.go:78.2,78.14 1 1
github.com/ingyamilmolinar/beatmo/internal/ui/game_node_interaction.go:78.14,80.3 1 0
github.com/ingyamilmolinar/beatmo/internal/ui/game_node_interaction.go:80.8,80.26 1 1
github.com/ingyamilmolinar/beatmo/internal/ui/game_node_interaction.go:80.26,82.3 1 1
github.com/ingyamilmolinar/beatmo/internal/ui/game_node_interaction.go:83.2,83.21 1 1
github.com/ingyamilmolinar/beatmo/internal/ui/game_node_interaction.go:87.38,89.18 2 1
github.com/ingyamilmolinar/beatmo/internal/ui/game_node_interaction.go:89.18,91.3 1 1
github.com/ingyamilmolinar/beatmo/internal/ui/game_node_interaction.go:92.2,92.25 1 1
github.com/ingyamilmolinar/beatmo/internal/ui/game_node_interaction.go:92.25,93.28 1 1
github.com/ingyamilmolinar/beatmo/internal/ui/game_node_interaction.go:93.28,95.4 1 1
github.com/ingyamilmolinar/beatmo/internal/ui/game_node_interaction.go:95.9,95.35 1 1
github.com/ingyamilmolinar/beatmo/internal/ui/game_node_interaction.go:95.35,97.4 1 1
github.com/ingyamilmolinar/beatmo/internal/ui/game_node_interaction.go:101.35,103.19 2 1
github.com/ingyamilmolinar/beatmo/internal/ui/game_node_interaction.go:103.19,105.3 1 1
github.com/ingyamilmolinar/beatmo/internal/ui/game_node_interaction.go:106.2,106.35 1 1
github.com/ingyamilmolinar/beatmo/internal/ui/game_node_interaction.go:106.35,110.3 3 0
github.com/ingyamilmolinar/beatmo/internal/ui/game_node_interaction.go:113.69,117.2 1 1
github.com/ingyamilmolinar/beatmo/internal/ui/game_node_screen_rect.go:8.67,12.20 3 1
github.com/ingyamilmolinar/beatmo/internal/ui/game_node_screen_rect.go:12.20,15.3 2 0
github.com/ingyamilmolinar/beatmo/internal/ui/game_node_screen_rect.go:15.8,18.3 2 1
github.com/ingyamilmolinar/beatmo/internal/ui/game_node_screen_rect.go:20.2,25.39 4 1
github.com/ingyamilmolinar/beatmo/internal/ui/game_node_sidebar.go:32.58,34.2 1 1
github.com/ingyamilmolinar/beatmo/internal/ui/game_node_sidebar.go:71.43,81.2 1 1
github.com/ingyamilmolinar/beatmo/internal/ui/game_node_sidebar.go:84.43,99.2 13 1
github.com/ingyamilmolinar/beatmo/internal/ui/game_node_sidebar.go:102.32,108.2 5 1
github.com/ingyamilmolinar/beatmo/internal/ui/game_node_sidebar.go:111.38,111.56 1 1
github.com/ingyamilmolinar/beatmo/internal/ui/game_node_sidebar.go:114.39,114.57 1 1
github.com/ingyamilmolinar/beatmo/internal/ui/game_node_sidebar.go:117.42,117.67 1 1
github.com/ingyamilmolinar/beatmo/internal/ui/game_node_sidebar.go:120.47,121.24 1 1
github.com/ingyamilmolinar/beatmo/internal/ui/game_node_sidebar.go:121.24,123.3 1 1
github.com/ingyamilmolinar/beatmo/internal/ui/game_node_sidebar.go:127.43,128.18 1 1
github.com/ingyamilmolinar/beatmo/internal/ui/game_node_sidebar.go:128.18,131.3 2 1
github.com/ingyamilmolinar/beatmo/internal/ui/game_node_sidebar.go:132.2,132.32 1 1
github.com/ingyamilmolinar/beatmo/internal/ui/game_node_sidebar.go:132.32,134.3 1 1
github.com/ingyamilmolinar/beatmo/internal/ui/game_node_sidebar.go:135.2,135.36 1 1
github.com/ingyamilmolinar/beatmo/internal/ui/game_node_sidebar.go:135.36,137.3 1 1
github.com/ingyamilmolinar/beatmo/internal/ui/game_node_sidebar.go:138.2,138.14 1 0
github.com/ingyamilmolinar/beatmo/internal/ui/game_node_sidebar.go:142.44,143.84 1 1
github.com/ingyamilmolinar/beatmo/internal/ui/game_node_sidebar.go:143.84,145.3 1 1
github.com/ingyamilmolinar/beatmo/internal/ui/game_node_sidebar.go:149.56,152.2 2 1
github.com/ingyamilmolinar/beatmo/internal/ui/game_node_sidebar.go:155.59,157.26 2 1
github.com/ingyamilmolinar/beatmo/internal/ui/game_node_sidebar.go:157.26,159.3 1 0
github.com/ingyamilmolinar/beatmo/internal/ui/game_node_sidebar.go:160.2,162.42 3 1
github.com/ingyamilmolinar/beatmo/internal/ui/game_node_sidebar.go:168.33,170.32 2 1
github.com/ingyamilmolinar/beatmo/internal/ui/game_node_sidebar.go:170.32,172.3 1 0
github.com/ingyamilmolinar/beatmo/internal/ui/game_node_sidebar.go:173.2,178.21 4 1
github.com/ingyamilmolinar/beatmo/internal/ui/game_node_sidebar.go:178.21,180.3 1 1
github.com/ingyamilmolinar/beatmo/internal/ui/game_node_sidebar.go:181.2,181.21 1 1
github.com/ingyamilmolinar/beatmo/internal/ui/game_node_sidebar.go:181.21,183.3 1 1
github.com/ingyamilmolinar/beatmo/internal/ui/game_node_sidebar.go:184.2,184.16 1 1
github.com/ingyamilmolinar/beatmo/internal/ui/game_node_sidebar.go:184.16,186.3 1 0
github.com/ingyamilmolinar/beatmo/internal/ui/game_node_sidebar.go:187.2,194.50 4 1
github.com/ingyamilmolinar/beatmo/internal/ui/game_node_sidebar.go:194.50,196.3 1 1
github.com/ingyamilmolinar/beatmo/internal/ui/game_node_sidebar.go:197.2,221.51 17 1
github.com/ingyamilmolinar/beatmo/internal/ui/game_node_sidebar.go:221.51,223.3 1 1
github.com/ingyamilmolinar/beatmo/internal/ui/game_node_sidebar.go:226.2,226.13 1 1
github.com/ingyamilmolinar/beatmo/internal/ui/game_node_sidebar.go:226.13,228.3 1 1
github.com/ingyamilmolinar/beatmo/internal/ui/game_node_sidebar.go:230.2,230.15 1 1
github.com/ingyamilmolinar/beatmo/internal/ui/game_node_sidebar.go:230.15,232.3 1 1
github.com/ingyamilmolinar/beatmo/internal/ui/game_node_sidebar.go:234.2,234.13 1 1
github.com/ingyamilmolinar/beatmo/internal/ui/game_node_sidebar.go:234.13,236.3 1 1
github.com/ingyamilmolinar/beatmo/internal/ui/game_node_sidebar.go:238.2,238.15 1 1
github.com/ingyamilmolinar/beatmo/internal/ui/game_node_sidebar.go:238.15,240.3 1 1
github.com/ingyamilmolinar/beatmo/internal/ui/game_node_sidebar.go:242.2,242.16 1 1
github.com/ingyamilmolinar/beatmo/internal/ui/game_node_sidebar.go:242.16,244.3 1 1
github.com/ingyamilmolinar/beatmo/internal/ui/game_node_sidebar.go:246.2,249.28 3 1
github.com/ingyamilmolinar/beatmo/internal/ui/game_node_sidebar.go:249.28,252.4 2 1
github.com/ingyamilmolinar/beatmo/internal/ui/game_node_sidebar.go:255.2,255.27 1 1
github.com/ingyamilmolinar/beatmo/internal/ui/game_node_sidebar.go:255.27,258.29 3 1
github.com/ingyamilmolinar/beatmo/internal/ui/game_node_sidebar.go:258.29,261.4 2 1
github.com/ingyamilmolinar/beatmo/internal/ui/game_node_sidebar.go:265.2,272.18 6 1
github.com/ingyamilmolinar/beatmo/internal/ui/game_node_sidebar.go:276.89,279.25 3 1
github.com/ingyamilmolinar/beatmo/internal/ui/game_node_sidebar.go:279.25,281.3 1 1
github.com/ingyamilmolinar/beatmo/internal/ui/game_node_sidebar.go:282.2,282.16 1 1
github.com/ingyamilmolinar/beatmo/internal/ui/game_node_sidebar.go:282.16,285.3 2 1
github.com/ingyamilmolinar/beatmo/internal/ui/game_node_sidebar.go:286.2,287.10 2 1
github.com/ingyamilmolinar/beatmo/internal/ui/game_node_sidebar.go:291.76,294.30 3 1
github.com/ingyamilmolinar/beatmo/internal/ui/game_node_sidebar.go:294.30,296.3 1 1
github.com/ingyamilmolinar/beatmo/internal/ui/game_node_sidebar.go:298.2,301.26 3 1
github.com/ingyamilmolinar/beatmo/internal/ui/game_node_sidebar.go:301.26,303.26 2 1
github.com/ingyamilmolinar/beatmo/internal/ui/game_node_sidebar.go:303.26,307.4 3 1
github.com/ingyamilmolinar/beatmo/internal/ui/game_node_sidebar.go:308.3,308.22 1 1
github.com/ingyamilmolinar/beatmo/internal/ui/game_node_sidebar.go:309.8,313.15 3 1
github.com/ingyamilmolinar/beatmo/internal/ui/game_node_sidebar.go:313.15,317.4 3 1
github.com/ingyamilmolinar/beatmo/internal/ui/game_node_sidebar.go:317.9,317.22 1 1
github.com/ingyamilmolinar/beatmo/internal/ui/game_node_sidebar.go:317.22,321.4 3 1
github.com/ingyamilmolinar/beatmo/internal/ui/game_node_sidebar.go:323.2,323.10 1 1
github.com/ingyamilmolinar/beatmo/internal/ui/game_node_sidebar.go:327.64,330.31 3 1
github.com/ingyamilmolinar/beatmo/internal/ui/game_node_sidebar.go:330.31,332.3 1 1
github.com/ingyamilmolinar/beatmo/internal/ui/game_node_sidebar.go:334.2,337.27 3 1
github.com/ingyamilmolinar/beatmo/internal/ui/game_node_sidebar.go:337.27,338.54 1 1
github.com/ingyamilmolinar/beatmo/internal/ui/game_node_sidebar.go:338.54,342.4 3 1
github.com/ingyamilmolinar/beatmo/internal/ui/game_node_sidebar.go:343.3,343.22 1 1
github.com/ingyamilmolinar/beatmo/internal/ui/game_node_sidebar.go:344.8,349.3 3 1
github.com/ingyamilmolinar/beatmo/internal/ui/game_node_sidebar.go:350.2,350.10 1 1
github.com/ingyamilmolinar/beatmo/internal/ui/game_node_sidebar.go:355.38,358.17 3 1
github.com/ingyamilmolinar/beatmo/internal/ui/game_node_sidebar.go:358.17,360.3 1 0
github.com/ingyamilmolinar/beatmo/internal/ui/game_node_sidebar.go:362.2,362.47 1 1
github.com/ingyamilmolinar/beatmo/internal/ui/game_node_sidebar.go:362.47,364.23 2 1
github.com/ingyamilmolinar/beatmo/internal/ui/game_node_sidebar.go:364.23,367.4 2 1
github.com/ingyamilmolinar/beatmo/internal/ui/game_node_sidebar.go:368.3,368.32 1 1
github.com/ingyamilmolinar/beatmo/internal/ui/game_node_sidebar.go:368.32,369.60 1 1
github.com/ingyamilmolinar/beatmo/internal/ui/game_node_sidebar.go:369.60,372.5 2 1
github.com/ingyamilmolinar/beatmo/internal/ui/game_node_sidebar.go:373.9,375.33 2 1
github.com/ingyamilmolinar/beatmo/internal/ui/game_node_sidebar.go:375.33,378.5 2 1
github.com/ingyamilmolinar/beatmo/internal/ui/game_node_sidebar.go:380.3,382.43 3 1
github.com/ingyamilmolinar/beatmo/internal/ui/game_node_sidebar.go:386.2,386.25 1 1
github.com/ingyamilmolinar/beatmo/internal/ui/game_node_sidebar.go:386.25,387.49 1 1
github.com/ingyamilmolinar/beatmo/internal/ui/game_node_sidebar.go:387.49,389.21 2 1
github.com/ingyamilmolinar/beatmo/internal/ui/game_node_sidebar.go:389.21,391.5 1 0
github.com/ingyamilmolinar/beatmo/internal/ui/game_node_sidebar.go:392.4,393.20 2 1
github.com/ingyamilmolinar/beatmo/internal/ui/game_node_sidebar.go:393.20,395.5 1 0
github.com/ingyamilmolinar/beatmo/internal/ui/game_node_sidebar.go:396.4,397.34 2 1
github.com/ingyamilmolinar/beatmo/internal/ui/game_node_sidebar.go:400.2,400.25 1 1
github.com/ingyamilmolinar/beatmo/internal/ui/game_node_sidebar.go:400.25,401.49 1 1
github.com/ingyamilmolinar/beatmo/internal/ui/game_node_sidebar.go:401.49,403.21 2 1
github.com/ingyamilmolinar/beatmo/internal/ui/game_node_sidebar.go:403.21,405.5 1 0
github.com/ingyamilmolinar/beatmo/internal/ui/game_node_sidebar.go:406.4,408.34 3 1
github.com/ingyamilmolinar/beatmo/internal/ui/game_node_sidebar.go:412.2,412.25 1 1
github.com/ingyamilmolinar/beatmo/internal/ui/game_node_sidebar.go:412.25,413.49 1 1
github.com/ingyamilmolinar/beatmo/internal/ui/game_node_sidebar.go:413.49,418.4 4 1
github.com/ingyamilmolinar/beatmo/internal/ui/game_node_sidebar.go:420.2,420.25 1 1
github.com/ingyamilmolinar/beatmo/internal/ui/game_node_sidebar.go:420.25,421.49 1 1
github.com/ingyamilmolinar/beatmo/internal/ui/game_node_sidebar.go:421.49,426.4 4 1
github.com/ingyamilmolinar/beatmo/internal/ui/game_node_sidebar.go:429.2,429.25 1 1
github.com/ingyamilmolinar/beatmo/internal/ui/game_node_sidebar.go:429.25,430.49 1 1
github.com/ingyamilmolinar/beatmo/internal/ui/game_node_sidebar.go:430.49,435.4 4 1
github.com/ingyamilmolinar/beatmo/internal/ui/game_node_sidebar.go:437.2,437.25 1 1
github.com/ingyamilmolinar/beatmo/internal/ui/game_node_sidebar.go:437.25,438.49 1 1
github.com/ingyamilmolinar/beatmo/internal/ui/game_node_sidebar.go:438.49,443.4 4 1
github.com/ingyamilmolinar/beatmo/internal/ui/game_node_sidebar.go:446.2,446.25 1 1
github.com/ingyamilmolinar/beatmo/internal/ui/game_node_sidebar.go:446.25,448.27 2 1
github.com/ingyamilmolinar/beatmo/internal/ui/game_node_sidebar.go:448.27,450.4 1 1
github.com/ingyamilmolinar/beatmo/internal/ui/game_node_sidebar.go:453.2,453.26 1 1
github.com/ingyamilmolinar/beatmo/internal/ui/game_node_sidebar.go:453.26,462.26 2 1
github.com/ingyamilmolinar/beatmo/internal/ui/game_node_sidebar.go:462.26,464.38 2 1
github.com/ingyamilmolinar/beatmo/internal/ui/game_node_sidebar.go:464.38,465.51 1 1
github.com/ingyamilmolinar/beatmo/internal/ui/game_node_sidebar.go:465.51,468.62 3 1
github.com/ingyamilmolinar/beatmo/internal/ui/game_node_sidebar.go:468.62,469.24 1 1
github.com/ingyamilmolinar/beatmo/internal/ui/game_node_sidebar.go:469.24,471.8 1 1
github.com/ingyamilmolinar/beatmo/internal/ui/game_node_sidebar.go:473.6,473.31 1 1
github.com/ingyamilmolinar/beatmo/internal/ui/game_node_sidebar.go:473.31,474.24 1 1
github.com/ingyamilmolinar/beatmo/internal/ui/game_node_sidebar.go:474.24,476.8 1 1
github.com/ingyamilmolinar/beatmo/internal/ui/game_node_sidebar.go:478.6,479.36 2 1
github.com/ingyamilmolinar/beatmo/internal/ui/game_node_sidebar.go:481.5,482.53 2 1
github.com/ingyamilmolinar/beatmo/internal/ui/game_node_sidebar.go:482.53,484.6 1 1
github.com/ingyamilmolinar/beatmo/internal/ui/game_node_sidebar.go:489.2,489.24 1 1
github.com/ingyamilmolinar/beatmo/internal/ui/game_node_sidebar.go:489.24,490.49 1 0
github.com/ingyamilmolinar/beatmo/internal/ui/game_node_sidebar.go:490.49,495.52 5 0
github.com/ingyamilmolinar/beatmo/internal/ui/game_node_sidebar.go:495.52,497.5 1 0
github.com/ingyamilmolinar/beatmo/internal/ui/game_node_sidebar.go:500.2,500.24 1 1
github.com/ingyamilmolinar/beatmo/internal/ui/game_node_sidebar.go:500.24,501.49 1 1
github.com/ingyamilmolinar/beatmo/internal/ui/game_node_sidebar.go:501.49,506.52 5 1
github.com/ingyamilmolinar/beatmo/internal/ui/game_node_sidebar.go:506.52,508.5 1 1
github.com/ingyamilmolinar/beatmo/internal/ui/game_node_sidebar.go:512.2,512.24 1 1
github.com/ingyamilmolinar/beatmo/internal/ui/game_node_sidebar.go:512.24,513.49 1 1
github.com/ingyamilmolinar/beatmo/internal/ui/game_node_sidebar.go:513.49,516.20 3 1
github.com/ingyamilmolinar/beatmo/internal/ui/game_node_sidebar.go:516.20,518.5 1 0
github.com/ingyamilmolinar/beatmo/internal/ui/game_node_sidebar.go:519.4,521.52 3 1
github.com/ingyamilmolinar/beatmo/internal/ui/game_node_sidebar.go:521.52,523.5 1 1
github.com/ingyamilmolinar/beatmo/internal/ui/game_node_sidebar.go:526.2,526.24 1 1
github.com/ingyamilmolinar/beatmo/internal/ui/game_node_sidebar.go:526.24,527.49 1 1
github.com/ingyamilmolinar/beatmo/internal/ui/game_node_sidebar.go:527.49,530.20 3 1
github.com/ingyamilmolinar/beatmo/internal/ui/game_node_sidebar.go:530.20,532.5 1 0
github.com/ingyamilmolinar/beatmo/internal/ui/game_node_sidebar.go:533.4,535.52 3 1
github.com/ingyamilmolinar/beatmo/internal/ui/game_node_sidebar.go:535.52,537.5 1 1
github.com/ingyamilmolinar/beatmo/internal/ui/game_node_sidebar.go:541.2,541.23 1 1
github.com/ingyamilmolinar/beatmo/internal/ui/game_node_sidebar.go:541.23,543.28 2 1
github.com/ingyamilmolinar/beatmo/internal/ui/game_node_sidebar.go:543.28,545.4 1 1
github.com/ingyamilmolinar/beatmo/internal/ui/game_node_sidebar.go:548.2,548.27 1 1
github.com/ingyamilmolinar/beatmo/internal/ui/game_node_sidebar.go:548.27,552.26 2 1
github.com/ingyamilmolinar/beatmo/internal/ui/game_node_sidebar.go:552.26,554.39 2 1
github.com/ingyamilmolinar/beatmo/internal/ui/game_node_sidebar.go:554.39,555.51 1 1
github.com/ingyamilmolinar/beatmo/internal/ui/game_node_sidebar.go:555.51,558.25 3 1
github.com/ingyamilmolinar/beatmo/internal/ui/game_node_sidebar.go:558.25,560.7 1 0
github.com/ingyamilmolinar/beatmo/internal/ui/game_node_sidebar.go:561.6,561.25 1 1
github.com/ingyamilmolinar/beatmo/internal/ui/game_node_sidebar.go:561.25,563.7 1 0
github.com/ingyamilmolinar/beatmo/internal/ui/game_node_sidebar.go:564.6,565.36 2 1
github.com/ingyamilmolinar/beatmo/internal/ui/game_node_sidebar.go:567.5,567.34 1 1
github.com/ingyamilmolinar/beatmo/internal/ui/game_node_sidebar.go:572.2,572.24 1 1
github.com/ingyamilmolinar/beatmo/internal/ui/game_node_sidebar.go:572.24,573.49 1 0
github.com/ingyamilmolinar/beatmo/internal/ui/game_node_sidebar.go:573.49,576.23 3 0
github.com/ingyamilmolinar/beatmo/internal/ui/game_node_sidebar.go:576.23,578.5 1 0
github.com/ingyamilmolinar/beatmo/internal/ui/game_node_sidebar.go:579.4,580.34 2 0
github.com/ingyamilmolinar/beatmo/internal/ui/game_node_sidebar.go:583.2,583.24 1 1
github.com/ingyamilmolinar/beatmo/internal/ui/game_node_sidebar.go:583.24,584.49 1 0
github.com/ingyamilmolinar/beatmo/internal/ui/game_node_sidebar.go:584.49,587.23 3 0
github.com/ingyamilmolinar/beatmo/internal/ui/game_node_sidebar.go:587.23,589.5 1 0
github.com/ingyamilmolinar/beatmo/internal/ui/game_node_sidebar.go:590.4,591.34 2 0
github.com/ingyamilmolinar/beatmo/internal/ui/game_node_sidebar.go:595.2,595.30 1 1
github.com/ingyamilmolinar/beatmo/internal/ui/game_node_sidebar.go:595.30,596.48 1 1
github.com/ingyamilmolinar/beatmo/internal/ui/game_node_sidebar.go:596.48,597.18 1 1
github.com/ingyamilmolinar/beatmo/internal/ui/game_node_sidebar.go:598.30,599.32 1 1
github.com/ingyamilmolinar/beatmo/internal/ui/game_node_sidebar.go:600.28,601.35 1 1
github.com/ingyamilmolinar/beatmo/internal/ui/game_node_sidebar.go:602.12,603.34 1 1
github.com/ingyamilmolinar/beatmo/internal/ui/game_node_sidebar.go:605.4,608.23 4 1
github.com/ingyamilmolinar/beatmo/internal/ui/game_node_sidebar.go:612.2,612.33 1 1
github.com/ingyamilmolinar/beatmo/internal/ui/game_node_sidebar.go:612.33,617.3 4 0
github.com/ingyamilmolinar/beatmo/internal/ui/game_node_sidebar.go:619.2,621.23 2 1
github.com/ingyamilmolinar/beatmo/internal/ui/game_node_sidebar.go:621.23,622.46 1 1
github.com/ingyamilmolinar/beatmo/internal/ui/game_node_sidebar.go:622.46,623.63 1 1
github.com/ingyamilmolinar/beatmo/internal/ui/game_node_sidebar.go:623.63,625.6 1 0
github.com/ingyamilmolinar/beatmo/internal/ui/game_node_sidebar.go:626.5,627.49 2 1
github.com/ingyamilmolinar/beatmo/internal/ui/game_node_sidebar.go:628.10,629.39 1 1
github.com/ingyamilmolinar/beatmo/internal/ui/game_node_sidebar.go:629.39,631.6 1 1
github.com/ingyamilmolinar/beatmo/internal/ui/game_node_sidebar.go:633.4,634.42 2 1
github.com/ingyamilmolinar/beatmo/internal/ui/game_node_sidebar.go:642.54,643.18 1 1
github.com/ingyamilmolinar/beatmo/internal/ui/game_node_sidebar.go:643.18,645.3 1 1
github.com/ingyamilmolinar/beatmo/internal/ui/game_node_sidebar.go:646.2,646.36 1 1
github.com/ingyamilmolinar/beatmo/internal/ui/game_node_sidebar.go:646.36,648.3 1 1
github.com/ingyamilmolinar/beatmo/internal/ui/game_node_sidebar.go:649.2,649.26 1 0
github.com/ingyamilmolinar/beatmo/internal/ui/game_node_sidebar.go:653.37,653.51 1 1
github.com/ingyamilmolinar/beatmo/internal/ui/game_node_sidebar.go:658.72,659.18 1 1
github.com/ingyamilmolinar/beatmo/internal/ui/game_node_sidebar.go:659.18,660.14 1 1
github.com/ingyamilmolinar/beatmo/internal/ui/game_node_sidebar.go:660.14,663.4 2 1
github.com/ingyamilmolinar/beatmo/internal/ui/game_node_sidebar.go:664.3,664.23 1 1
github.com/ingyamilmolinar/beatmo/internal/ui/game_node_sidebar.go:666.2,666.32 1 1
github.com/ingyamilmolinar/beatmo/internal/ui/game_node_sidebar.go:666.32,668.3 1 1
github.com/ingyamilmolinar/beatmo/internal/ui/game_node_sidebar.go:670.2,676.84 5 1
github.com/ingyamilmolinar/beatmo/internal/ui/game_node_sidebar.go:676.84,677.30 1 1
github.com/ingyamilmolinar/beatmo/internal/ui/game_node_sidebar.go:677.30,679.50 2 1
github.com/ingyamilmolinar/beatmo/internal/ui/game_node_sidebar.go:679.50,683.5 3 1
github.com/ingyamilmolinar/beatmo/internal/ui/game_node_sidebar.go:686.2,686.17 1 1
github.com/ingyamilmolinar/beatmo/internal/ui/game_node_sidebar.go:686.17,687.14 1 1
github.com/ingyamilmolinar/beatmo/internal/ui/game_node_sidebar.go:687.14,690.30 3 1
github.com/ingyamilmolinar/beatmo/internal/ui/game_node_sidebar.go:690.30,692.5 1 0
github.com/ingyamilmolinar/beatmo/internal/ui/game_node_sidebar.go:693.4,693.30 1 1
github.com/ingyamilmolinar/beatmo/internal/ui/game_node_sidebar.go:693.30,695.5 1 0
github.com/ingyamilmolinar/beatmo/internal/ui/game_node_sidebar.go:696.4,696.24 1 1
github.com/ingyamilmolinar/beatmo/internal/ui/game_node_sidebar.go:698.3,699.23 2 1
github.com/ingyamilmolinar/beatmo/internal/ui/game_node_sidebar.go:703.2,703.26 1 1
github.com/ingyamilmolinar/beatmo/internal/ui/game_node_sidebar.go:703.26,704.14 1 1
github.com/ingyamilmolinar/beatmo/internal/ui/game_node_sidebar.go:704.14,706.4 1 1
github.com/ingyamilmolinar/beatmo/internal/ui/game_node_sidebar.go:706.9,708.4 1 1
github.com/ingyamilmolinar/beatmo/internal/ui/game_node_sidebar.go:709.3,709.23 1 1
github.com/ingyamilmolinar/beatmo/internal/ui/game_node_sidebar.go:713.2,713.36 1 1
github.com/ingyamilmolinar/beatmo/internal/ui/game_node_sidebar.go:713.36,714.14 1 1
github.com/ingyamilmolinar/beatmo/internal/ui/game_node_sidebar.go:714.14,716.4 1 1
github.com/ingyamilmolinar/beatmo/internal/ui/game_node_sidebar.go:716.9,719.4 2 1
github.com/ingyamilmolinar/beatmo/internal/ui/game_node_sidebar.go:720.3,720.23 1 1
github.com/ingyamilmolinar/beatmo/internal/ui/game_node_sidebar.go:725.2,725.29 1 1
github.com/ingyamilmolinar/beatmo/internal/ui/game_node_sidebar.go:725.29,726.14 1 1
github.com/ingyamilmolinar/beatmo/internal/ui/game_node_sidebar.go:726.14,728.4 1 1
github.com/ingyamilmolinar/beatmo/internal/ui/game_node_sidebar.go:728.9,731.14 3 1
github.com/ingyamilmolinar/beatmo/internal/ui/game_node_sidebar.go:731.14,733.5 1 1
github.com/ingyamilmolinar/beatmo/internal/ui/game_node_sidebar.go:733.10,735.5 1 0
github.com/ingyamilmolinar/beatmo/internal/ui/game_node_sidebar.go:737.3,737.23 1 1
github.com/ingyamilmolinar/beatmo/internal/ui/game_node_sidebar.go:740.2,743.27 2 1
github.com/ingyamilmolinar/beatmo/internal/ui/game_node_sidebar.go:743.27,745.34 2 1
github.com/ingyamilmolinar/beatmo/internal/ui/game_node_sidebar.go:745.34,748.4 2 1
github.com/ingyamilmolinar/beatmo/internal/ui/game_node_sidebar.go:753.2,757.106 5 1
github.com/ingyamilmolinar/beatmo/internal/ui/game_node_sidebar.go:757.106,758.33 1 1
github.com/ingyamilmolinar/beatmo/internal/ui/game_node_sidebar.go:758.33,761.4 2 1
github.com/ingyamilmolinar/beatmo/internal/ui/game_node_sidebar.go:765.2,768.27 2 1
github.com/ingyamilmolinar/beatmo/internal/ui/game_node_sidebar.go:768.27,770.28 2 1
github.com/ingyamilmolinar/beatmo/internal/ui/game_node_sidebar.go:770.28,772.11 2 1
github.com/ingyamilmolinar/beatmo/internal/ui/game_node_sidebar.go:772.11,773.13 1 1
github.com/ingyamilmolinar/beatmo/internal/ui/game_node_sidebar.go:775.4,776.24 2 1
github.com/ingyamilmolinar/beatmo/internal/ui/game_node_sidebar.go:776.24,777.13 1 0
github.com/ingyamilmolinar/beatmo/internal/ui/game_node_sidebar.go:779.4,780.33 2 1
github.com/ingyamilmolinar/beatmo/internal/ui/game_node_sidebar.go:780.33,782.5 1 1
github.com/ingyamilmolinar/beatmo/internal/ui/game_node_sidebar.go:787.2,787.27 1 1
github.com/ingyamilmolinar/beatmo/internal/ui/game_node_sidebar.go:787.27,789.32 2 1
github.com/ingyamilmolinar/beatmo/internal/ui/game_node_sidebar.go:789.32,791.24 2 1
github.com/ingyamilmolinar/beatmo/internal/ui/game_node_sidebar.go:791.24,792.13 1 1
github.com/ingyamilmolinar/beatmo/internal/ui/game_node_sidebar.go:794.4,794.27 1 1
github.com/ingyamilmolinar/beatmo/internal/ui/game_node_sidebar.go:794.27,797.5 2 1
github.com/ingyamilmolinar/beatmo/internal/ui/game_node_sidebar.go:802.2,802.38 1 1
github.com/ingyamilmolinar/beatmo/internal/ui/game_node_sidebar.go:802.38,804.3 1 1
github.com/ingyamilmolinar/beatmo/internal/ui/game_node_sidebar.go:807.2,807.68 1 1
github.com/ingyamilmolinar/beatmo/internal/ui/game_node_sidebar.go:807.68,810.17 3 1
github.com/ingyamilmolinar/beatmo/internal/ui/game_node_sidebar.go:810.17,813.20 3 1
github.com/ingyamilmolinar/beatmo/internal/ui/game_node_sidebar.go:813.20,815.5 1 0
github.com/ingyamilmolinar/beatmo/internal/ui/game_node_sidebar.go:816.4,817.24 2 1
github.com/ingyamilmolinar/beatmo/internal/ui/game_node_sidebar.go:819.3,819.23 1 1
github.com/ingyamilmolinar/beatmo/internal/ui/game_node_sidebar.go:823.2,823.14 1 1
github.com/ingyamilmolinar/beatmo/internal/ui/game_node_sidebar.go:823.14,824.27 1 1
github.com/ingyamilmolinar/beatmo/internal/ui/game_node_sidebar.go:824.27,826.4 1 0
github.com/ingyamilmolinar/beatmo/internal/ui/game_node_sidebar.go:827.3,827.30 1 1
github.com/ingyamilmolinar/beatmo/internal/ui/game_node_sidebar.go:827.30,829.4 1 0
github.com/ingyamilmolinar/beatmo/internal/ui/game_node_sidebar.go:833.2,833.22 1 1
github.com/ingyamilmolinar/beatmo/internal/ui/game_node_sidebar.go:837.50,839.30 2 1
github.com/ingyamilmolinar/beatmo/internal/ui/game_node_sidebar.go:839.30,841.3 1 1
github.com/ingyamilmolinar/beatmo/internal/ui/game_node_sidebar.go:842.2,842.31 1 1
github.com/ingyamilmolinar/beatmo/internal/ui/game_node_sidebar.go:842.31,844.3 1 1
github.com/ingyamilmolinar/beatmo/internal/ui/game_node_sidebar.go:848.56,850.26 2 1
github.com/ingyamilmolinar/beatmo/internal/ui/game_node_sidebar.go:850.26,852.49 2 1
github.com/ingyamilmolinar/beatmo/internal/ui/game_node_sidebar.go:852.49,854.4 1 0
github.com/ingyamilmolinar/beatmo/internal/ui/game_node_sidebar.go:855.3,855.31 1 1
github.com/ingyamilmolinar/beatmo/internal/ui/game_node_sidebar.go:855.31,856.51 1 1
github.com/ingyamilmolinar/beatmo/internal/ui/game_node_sidebar.go:856.51,858.10 2 0
github.com/ingyamilmolinar/beatmo/internal/ui/game_node_sidebar.go:861.3,861.14 1 1
github.com/ingyamilmolinar/beatmo/internal/ui/game_node_sidebar.go:861.14,863.4 1 1
github.com/ingyamilmolinar/beatmo/internal/ui/game_node_sidebar.go:865.2,865.27 1 1
github.com/ingyamilmolinar/beatmo/internal/ui/game_node_sidebar.go:865.27,867.47 2 0
github.com/ingyamilmolinar/beatmo/internal/ui/game_node_sidebar.go:867.47,869.4 1 0
github.com/ingyamilmolinar/beatmo/internal/ui/game_node_sidebar.go:870.3,870.31 1 0
github.com/ingyamilmolinar/beatmo/internal/ui/game_node_sidebar.go:870.31,871.52 1 0
github.com/ingyamilmolinar/beatmo/internal/ui/game_node_sidebar.go:871.52,873.10 2 0
github.com/ingyamilmolinar/beatmo/internal/ui/game_node_sidebar.go:876.3,876.14 1 0
github.com/ingyamilmolinar/beatmo/internal/ui/game_node_sidebar.go:876.14,878.4 1 0
github.com/ingyamilmolinar/beatmo/internal/ui/game_node_sidebar.go:885.44,889.51 2 1
github.com/ingyamilmolinar/beatmo/internal/ui/game_node_sidebar.go:889.51,890.71 1 1
github.com/ingyamilmolinar/beatmo/internal/ui/game_node_sidebar.go:890.71,893.4 2 1
github.com/ingyamilmolinar/beatmo/internal/ui/game_node_sidebar.go:897.2,898.27 2 1
github.com/ingyamilmolinar/beatmo/internal/ui/game_node_sidebar.go:898.27,899.20 1 1
github.com/ingyamilmolinar/beatmo/internal/ui/game_node_sidebar.go:899.20,900.12 1 1
github.com/ingyamilmolinar/beatmo/internal/ui/game_node_sidebar.go:902.3,903.24 2 1
github.com/ingyamilmolinar/beatmo/internal/ui/game_node_sidebar.go:903.24,904.12 1 1
github.com/ingyamilmolinar/beatmo/internal/ui/game_node_sidebar.go:906.3,907.23 2 1
github.com/ingyamilmolinar/beatmo/internal/ui/game_node_sidebar.go:907.23,908.12 1 0
github.com/ingyamilmolinar/beatmo/internal/ui/game_node_sidebar.go:910.3,910.37 1 1
github.com/ingyamilmolinar/beatmo/internal/ui/game_node_sidebar.go:910.37,913.4 2 1
github.com/ingyamilmolinar/beatmo/internal/ui/game_node_sidebar.go:917.2,918.31 2 1
github.com/ingyamilmolinar/beatmo/internal/ui/game_node_sidebar.go:918.31,920.23 2 1
github.com/ingyamilmolinar/beatmo/internal/ui/game_node_sidebar.go:920.23,921.12 1 0
github.com/ingyamilmolinar/beatmo/internal/ui/game_node_sidebar.go:923.3,923.15 1 1
github.com/ingyamilmolinar/beatmo/internal/ui/game_node_sidebar.go:923.15,926.4 2 1
github.com/ingyamilmolinar/beatmo/internal/ui/game_node_sidebar.go:930.2,930.32 1 0
github.com/ingyamilmolinar/beatmo/internal/ui/game_node_sidebar.go:936.69,937.32 1 1
github.com/ingyamilmolinar/beatmo/internal/ui/game_node_sidebar.go:937.32,939.3 1 1
github.com/ingyamilmolinar/beatmo/internal/ui/game_node_sidebar.go:940.2,942.22 3 1
github.com/ingyamilmolinar/beatmo/internal/ui/game_node_sidebar.go:948.39,949.14 1 1
github.com/ingyamilmolinar/beatmo/internal/ui/game_node_sidebar.go:949.14,951.3 1 0
github.com/ingyamilmolinar/beatmo/internal/ui/game_node_sidebar.go:952.2,952.28 1 1
github.com/ingyamilmolinar/beatmo/internal/ui/game_node_sidebar.go:956.41,958.2 1 1
github.com/ingyamilmolinar/beatmo/internal/ui/game_node_sidebar.go:961.47,963.27 2 1
github.com/ingyamilmolinar/beatmo/internal/ui/game_node_sidebar.go:963.27,964.28 1 0
github.com/ingyamilmolinar/beatmo/internal/ui/game_node_sidebar.go:964.28,965.40 1 0
github.com/ingyamilmolinar/beatmo/internal/ui/game_node_sidebar.go:965.40,967.5 1 0
github.com/ingyamilmolinar/beatmo/internal/ui/game_node_sidebar.go:970.2,970.26 1 1
github.com/ingyamilmolinar/beatmo/internal/ui/game_node_sidebar.go:970.26,971.28 1 1
github.com/ingyamilmolinar/beatmo/internal/ui/game_node_sidebar.go:971.28,972.39 1 1
github.com/ingyamilmolinar/beatmo/internal/ui/game_node_sidebar.go:972.39,974.5 1 1
github.com/ingyamilmolinar/beatmo/internal/ui/game_node_sidebar.go:977.2,980.14 4 1
github.com/ingyamilmolinar/beatmo/internal/ui/game_node_sidebar.go:985.59,989.2 3 1
github.com/ingyamilmolinar/beatmo/internal/ui/game_node_sidebar.go:994.48,995.18 1 0
github.com/ingyamilmolinar/beatmo/internal/ui/game_node_sidebar.go:995.18,998.3 2 0
github.com/ingyamilmolinar/beatmo/internal/ui/game_node_sidebar.go:999.2,999.32 1 0
github.com/ingyamilmolinar/beatmo/internal/ui/game_node_sidebar.go:999.32,1001.3 1 0
github.com/ingyamilmolinar/beatmo/internal/ui/game_node_sidebar.go:1003.2,1025.14 15 0
github.com/ingyamilmolinar/beatmo/internal/ui/game_node_sidebar.go:1025.14,1030.3 4 0
github.com/ingyamilmolinar/beatmo/internal/ui/game_node_sidebar.go:1032.2,1039.18 6 0
github.com/ingyamilmolinar/beatmo/internal/ui/game_node_sidebar.go:1039.18,1041.3 1 0
github.com/ingyamilmolinar/beatmo/internal/ui/game_node_sidebar.go:1042.2,1043.21 2 0
github.com/ingyamilmolinar/beatmo/internal/ui/game_node_sidebar.go:1043.21,1045.3 1 0
github.com/ingyamilmolinar/beatmo/internal/ui/game_node_sidebar.go:1047.2,1058.13 9 0
github.com/ingyamilmolinar/beatmo/internal/ui/game_node_sidebar.go:1058.13,1060.28 2 0
github.com/ingyamilmolinar/beatmo/internal/ui/game_node_sidebar.go:1060.28,1061.61 1 0
github.com/ingyamilmolinar/beatmo/internal/ui/game_node_sidebar.go:1061.61,1068.5 6 0
github.com/ingyamilmolinar/beatmo/internal/ui/game_node_sidebar.go:1072.2,1072.15 1 0
github.com/ingyamilmolinar/beatmo/internal/ui/game_node_sidebar.go:1072.15,1074.28 2 0
github.com/ingyamilmolinar/beatmo/internal/ui/game_node_sidebar.go:1074.28,1075.61 1 0
github.com/ingyamilmolinar/beatmo/internal/ui/game_node_sidebar.go:1075.61,1081.5 5 0
github.com/ingyamilmolinar/beatmo/internal/ui/game_node_sidebar.go:1085.2,1085.13 1 0
github.com/ingyamilmolinar/beatmo/internal/ui/game_node_sidebar.go:1085.13,1087.28 2 0
github.com/ingyamilmolinar/beatmo/internal/ui/game_node_sidebar.go:1087.28,1088.61 1 0
github.com/ingyamilmolinar/beatmo/internal/ui/game_node_sidebar.go:1088.61,1094.5 5 0
github.com/ingyamilmolinar/beatmo/internal/ui/game_node_sidebar.go:1098.2,1098.15 1 0
github.com/ingyamilmolinar/beatmo/internal/ui/game_node_sidebar.go:1098.15,1100.30 2 0
github.com/ingyamilmolinar/beatmo/internal/ui/game_node_sidebar.go:1100.30,1101.86 1 0
github.com/ingyamilmolinar/beatmo/internal/ui/game_node_sidebar.go:1101.86,1107.17 5 0
github.com/ingyamilmolinar/beatmo/internal/ui/game_node_sidebar.go:1107.17,1108.33 1 0
github.com/ingyamilmolinar/beatmo/internal/ui/game_node_sidebar.go:1109.30,1110.22 1 0
github.com/ingyamilmolinar/beatmo/internal/ui/game_node_sidebar.go:1111.26,1112.21 1 0
github.com/ingyamilmolinar/beatmo/internal/ui/game_node_sidebar.go:1113.25,1114.19 1 0
github.com/ingyamilmolinar/beatmo/internal/ui/game_node_sidebar.go:1115.37,1116.24 1 0
github.com/ingyamilmolinar/beatmo/internal/ui/game_node_sidebar.go:1117.39,1118.24 1 0
github.com/ingyamilmolinar/beatmo/internal/ui/game_node_sidebar.go:1121.5,1123.62 3 0
github.com/ingyamilmolinar/beatmo/internal/ui/game_node_sidebar.go:1126.4,1126.28 1 0
github.com/ingyamilmolinar/beatmo/internal/ui/game_node_sidebar.go:1126.28,1127.30 1 0
github.com/ingyamilmolinar/beatmo/internal/ui/game_node_sidebar.go:1127.30,1128.41 1 0
github.com/ingyamilmolinar/beatmo/internal/ui/game_node_sidebar.go:1128.41,1130.7 1 0
github.com/ingyamilmolinar/beatmo/internal/ui/game_node_sidebar.go:1132.10,1132.23 1 0
github.com/ingyamilmolinar/beatmo/internal/ui/game_node_sidebar.go:1132.23,1134.32 1 0
github.com/ingyamilmolinar/beatmo/internal/ui/game_node_sidebar.go:1135.45,1138.77 3 0
github.com/ingyamilmolinar/beatmo/internal/ui/game_node_sidebar.go:1138.77,1140.7 1 0
github.com/ingyamilmolinar/beatmo/internal/ui/game_node_sidebar.go:1141.24,1144.77 3 0
github.com/ingyamilmolinar/beatmo/internal/ui/game_node_sidebar.go:1144.77,1146.7 1 0
github.com/ingyamilmolinar/beatmo/internal/ui/game_node_sidebar.go:1152.2,1152.16 1 0
github.com/ingyamilmolinar/beatmo/internal/ui/game_node_sidebar.go:1152.16,1154.31 2 0
github.com/ingyamilmolinar/beatmo/internal/ui/game_node_sidebar.go:1154.31,1155.78 1 0
github.com/ingyamilmolinar/beatmo/internal/ui/game_node_sidebar.go:1155.78,1159.17 4 0
github.com/ingyamilmolinar/beatmo/internal/ui/game_node_sidebar.go:1159.17,1161.51 2 0
github.com/ingyamilmolinar/beatmo/internal/ui/game_node_sidebar.go:1162.19,1163.26 1 0
github.com/ingyamilmolinar/beatmo/internal/ui/game_node_sidebar.go:1164.18,1165.25 1 0
github.com/ingyamilmolinar/beatmo/internal/ui/game_node_sidebar.go:1167.6,1169.70 3 0
github.com/ingyamilmolinar/beatmo/internal/ui/game_node_sidebar.go:1172.4,1172.29 1 0
github.com/ingyamilmolinar/beatmo/internal/ui/game_node_sidebar.go:1172.29,1173.30 1 0
github.com/ingyamilmolinar/beatmo/internal/ui/game_node_sidebar.go:1173.30,1174.42 1 0
github.com/ingyamilmolinar/beatmo/internal/ui/game_node_sidebar.go:1174.42,1176.7 1 0
github.com/ingyamilmolinar/beatmo/internal/ui/game_node_sidebar.go:1178.10,1181.17 3 0
github.com/ingyamilmolinar/beatmo/internal/ui/game_node_sidebar.go:1181.17,1182.77 1 0
github.com/ingyamilmolinar/beatmo/internal/ui/game_node_sidebar.go:1182.77,1184.7 1 0
github.com/ingyamilmolinar/beatmo/internal/ui/game_node_sidebar.go:1190.2,1192.28 2 0
github.com/ingyamilmolinar/beatmo/internal/ui/game_node_sidebar.go:1192.28,1193.78 1 0
github.com/ingyamilmolinar/beatmo/internal/ui/game_node_sidebar.go:1193.78,1196.21 3 0
github.com/ingyamilmolinar/beatmo/internal/ui/game_node_sidebar.go:1197.31,1198.22 1 0
github.com/ingyamilmolinar/beatmo/internal/ui/game_node_sidebar.go:1199.29,1200.21 1 0
github.com/ingyamilmolinar/beatmo/internal/ui/game_node_sidebar.go:1202.5,1202.105 1 0
github.com/ingyamilmolinar/beatmo/internal/ui/game_node_sidebar.go:1207.2,1207.27 1 0
github.com/ingyamilmolinar/beatmo/internal/ui/game_node_sidebar.go:1207.27,1209.29 2 0
github.com/ingyamilmolinar/beatmo/internal/ui/game_node_sidebar.go:1209.29,1210.82 1 0
github.com/ingyamilmolinar/beatmo/internal/ui/game_node_sidebar.go:1210.82,1213.5 2 0
github.com/ingyamilmolinar/beatmo/internal/ui/game_node_sidebar.go:1218.2,1218.51 1 0
github.com/ingyamilmolinar/beatmo/internal/ui/game_node_sidebar.go:1218.51,1220.17 2 0
github.com/ingyamilmolinar/beatmo/internal/ui/game_node_sidebar.go:1220.17,1224.4 3 0
github.com/ingyamilmolinar/beatmo/internal/ui/game_node_sidebar.go:1228.2,1234.28 3 0
github.com/ingyamilmolinar/beatmo/internal/ui/game_node_sidebar.go:1234.28,1235.12 1 0
github.com/ingyamilmolinar/beatmo/internal/ui/game_node_sidebar.go:1235.12,1237.16 2 0
github.com/ingyamilmolinar/beatmo/internal/ui/game_node_sidebar.go:1237.16,1239.5 1 0
github.com/ingyamilmolinar/beatmo/internal/ui/game_node_sidebar.go:1240.4,1240.18 1 0
github.com/ingyamilmolinar/beatmo/internal/ui/game_node_sidebar.go:1246.54,1249.24 3 0
github.com/ingyamilmolinar/beatmo/internal/ui/game_node_sidebar.go:1249.24,1251.3 1 0
github.com/ingyamilmolinar/beatmo/internal/ui/game_node_sidebar.go:1252.2,1260.81 6 0
github.com/ingyamilmolinar/beatmo/internal/ui/game_node_sidebar.go:1260.81,1264.3 3 0
github.com/ingyamilmolinar/beatmo/internal/ui/game_node_sidebar.go:1266.2,1271.61 5 0
github.com/ingyamilmolinar/beatmo/internal/ui/game_node_sidebar.go:1275.130,1277.43 2 0
github.com/ingyamilmolinar/beatmo/internal/ui/game_node_sidebar.go:1277.43,1279.3 1 0
github.com/ingyamilmolinar/beatmo/internal/ui/game_node_sidebar.go:1281.2,1285.31 3 0
github.com/ingyamilmolinar/beatmo/internal/ui/game_node_sidebar.go:1285.31,1287.3 1 0
github.com/ingyamilmolinar/beatmo/internal/ui/game_node_sidebar.go:1288.2,1288.88 1 0
github.com/ingyamilmolinar/beatmo/internal/ui/game_node_sidebar.go:1292.57,1299.2 5 0
github.com/ingyamilmolinar/beatmo/internal/ui/game_node_sidebar.go:1302.62,1304.14 2 0
github.com/ingyamilmolinar/beatmo/internal/ui/game_node_sidebar.go:1304.14,1306.3 1 0
github.com/ingyamilmolinar/beatmo/internal/ui/game_node_sidebar.go:1307.2,1307.52 1 0
github.com/ingyamilmolinar/beatmo/internal/ui/game_node_sidebar.go:1307.52,1309.3 1 0
github.com/ingyamilmolinar/beatmo/internal/ui/game_node_sidebar.go:1310.2,1310.13 1 0
github.com/ingyamilmolinar/beatmo/internal/ui/game_origin_sequences.go:3.39,4.37 1 1
github.com/ingyamilmolinar/beatmo/internal/ui/game_origin_sequences.go:4.37,7.25 3 1
github.com/ingyamilmolinar/beatmo/internal/ui/game_origin_sequences.go:7.25,9.33 2 0
github.com/ingyamilmolinar/beatmo/internal/ui/game_origin_sequences.go:9.33,11.5 1 0
github.com/ingyamilmolinar/beatmo/internal/ui/game_origin_sequences.go:12.4,12.34 1 0
github.com/ingyamilmolinar/beatmo/internal/ui/game_origin_sequences.go:12.34,13.20 1 0
github.com/ingyamilmolinar/beatmo/internal/ui/game_origin_sequences.go:13.20,15.11 2 0
github.com/ingyamilmolinar/beatmo/internal/ui/game_origin_sequences.go:18.4,18.42 1 0
github.com/ingyamilmolinar/beatmo/internal/ui/game_origin_sequences.go:18.42,20.5 1 0
github.com/ingyamilmolinar/beatmo/internal/ui/game_origin_sequences.go:22.3,22.38 1 1
github.com/ingyamilmolinar/beatmo/internal/ui/game_origin_sequences.go:22.38,24.4 1 1
github.com/ingyamilmolinar/beatmo/internal/ui/game_params_hash.go:10.36,20.35 4 1
github.com/ingyamilmolinar/beatmo/internal/ui/game_params_hash.go:20.35,22.40 1 1
github.com/ingyamilmolinar/beatmo/internal/ui/game_params_hash.go:22.40,23.12 1 1
github.com/ingyamilmolinar/beatmo/internal/ui/game_params_hash.go:25.3,37.71 12 1
github.com/ingyamilmolinar/beatmo/internal/ui/game_params_hash.go:37.71,38.32 1 1
github.com/ingyamilmolinar/beatmo/internal/ui/game_params_hash.go:38.32,41.5 2 1
github.com/ingyamilmolinar/beatmo/internal/ui/game_params_hash.go:43.3,53.27 8 1
github.com/ingyamilmolinar/beatmo/internal/ui/game_params_hash.go:55.2,55.31 1 1
github.com/ingyamilmolinar/beatmo/internal/ui/game_params_hash.go:59.40,59.70 1 1
github.com/ingyamilmolinar/beatmo/internal/ui/game_parity_check.go:8.71,9.61 1 1
github.com/ingyamilmolinar/beatmo/internal/ui/game_parity_check.go:9.61,11.3 1 0
github.com/ingyamilmolinar/beatmo/internal/ui/game_parity_check.go:12.2,12.23 1 1
github.com/ingyamilmolinar/beatmo/internal/ui/game_parity_check.go:13.29,14.48 1 1
github.com/ingyamilmolinar/beatmo/internal/ui/game_parity_check.go:15.26,16.50 1 1
github.com/ingyamilmolinar/beatmo/internal/ui/game_parity_check.go:17.10,18.15 1 1
github.com/ingyamilmolinar/beatmo/internal/ui/game_parity_check.go:23.108,24.31 1 1
github.com/ingyamilmolinar/beatmo/internal/ui/game_parity_check.go:24.31,26.3 1 0
github.com/ingyamilmolinar/beatmo/internal/ui/game_parity_check.go:27.2,27.67 1 1
github.com/ingyamilmolinar/beatmo/internal/ui/game_parity_check.go:27.67,29.3 1 1
github.com/ingyamilmolinar/beatmo/internal/ui/game_parity_check.go:30.2,30.74 1 1
github.com/ingyamilmolinar/beatmo/internal/ui/game_parity_check.go:30.74,32.3 1 0
github.com/ingyamilmolinar/beatmo/internal/ui/game_parity_check.go:33.2,33.27 1 1
github.com/ingyamilmolinar/beatmo/internal/ui/game_parity_check.go:33.27,35.3 1 0
github.com/ingyamilmolinar/beatmo/internal/ui/game_parity_check.go:36.2,36.13 1 1
github.com/ingyamilmolinar/beatmo/internal/ui/game_parity_check.go:36.13,40.3 1 0
github.com/ingyamilmolinar/beatmo/internal/ui/game_parity_check.go:41.2,41.20 1 1
github.com/ingyamilmolinar/beatmo/internal/ui/game_parity_check.go:41.20,43.3 1 1
github.com/ingyamilmolinar/beatmo/internal/ui/game_parity_check.go:44.2,44.40 1 1
github.com/ingyamilmolinar/beatmo/internal/ui/game_parity_check.go:44.40,46.3 1 0
github.com/ingyamilmolinar/beatmo/internal/ui/game_parity_check.go:47.2,47.24 1 1
github.com/ingyamilmolinar/beatmo/internal/ui/game_parity_check.go:47.24,49.3 1 0
github.com/ingyamilmolinar/beatmo/internal/ui/game_parity_check.go:50.2,50.41 1 1
github.com/ingyamilmolinar/beatmo/internal/ui/game_parity_check.go:50.41,52.3 1 0
github.com/ingyamilmolinar/beatmo/internal/ui/game_parity_check.go:56.2,57.18 2 1
github.com/ingyamilmolinar/beatmo/internal/ui/game_parity_check.go:57.18,59.3 1 0
github.com/ingyamilmolinar/beatmo/internal/ui/game_parity_check.go:60.2,60.20 1 1
github.com/ingyamilmolinar/beatmo/internal/ui/game_parity_check.go:60.20,62.3 1 1
github.com/ingyamilmolinar/beatmo/internal/ui/game_parity_check.go:65.2,66.32 2 1
github.com/ingyamilmolinar/beatmo/internal/ui/game_parity_check.go:66.32,67.13 1 1
github.com/ingyamilmolinar/beatmo/internal/ui/game_parity_check.go:67.13,69.9 2 0
github.com/ingyamilmolinar/beatmo/internal/ui/game_parity_check.go:72.2,72.67 1 1
github.com/ingyamilmolinar/beatmo/internal/ui/game_parity_check.go:72.67,74.3 1 1
github.com/ingyamilmolinar/beatmo/internal/ui/game_parity_check.go:75.2,76.15 2 1
github.com/ingyamilmolinar/beatmo/internal/ui/game_parity_check.go:76.15,78.3 1 1
github.com/ingyamilmolinar/beatmo/internal/ui/game_parity_check.go:79.2,82.109 2 1
github.com/ingyamilmolinar/beatmo/internal/ui/game_parity_check.go:82.109,84.3 1 0
github.com/ingyamilmolinar/beatmo/internal/ui/game_parity_check.go:86.2,86.24 1 1
github.com/ingyamilmolinar/beatmo/internal/ui/game_parity_check.go:86.24,88.3 1 1
github.com/ingyamilmolinar/beatmo/internal/ui/game_parity_check.go:89.2,90.28 2 1
github.com/ingyamilmolinar/beatmo/internal/ui/game_parity_check.go:90.28,92.3 1 0
github.com/ingyamilmolinar/beatmo/internal/ui/game_parity_check.go:93.2,111.23 2 1
github.com/ingyamilmolinar/beatmo/internal/ui/game_parity_diff_scan.go:16.96,17.84 1 1
github.com/ingyamilmolinar/beatmo/internal/ui/game_parity_diff_scan.go:17.84,19.3 1 0
github.com/ingyamilmolinar/beatmo/internal/ui/game_parity_diff_scan.go:20.2,21.13 2 1
github.com/ingyamilmolinar/beatmo/internal/ui/game_parity_diff_scan.go:21.13,23.3 1 0
github.com/ingyamilmolinar/beatmo/internal/ui/game_parity_diff_scan.go:28.2,30.21 3 1
github.com/ingyamilmolinar/beatmo/internal/ui/game_parity_diff_scan.go:30.21,32.3 1 1
github.com/ingyamilmolinar/beatmo/internal/ui/game_parity_diff_scan.go:33.2,33.17 1 1
github.com/ingyamilmolinar/beatmo/internal/ui/game_parity_diff_scan.go:33.17,35.3 1 1
github.com/ingyamilmolinar/beatmo/internal/ui/game_parity_diff_scan.go:37.2,37.51 1 1
github.com/ingyamilmolinar/beatmo/internal/ui/game_parity_diff_scan.go:37.51,38.18 1 1
github.com/ingyamilmolinar/beatmo/internal/ui/game_parity_diff_scan.go:38.18,40.4 1 0
github.com/ingyamilmolinar/beatmo/internal/ui/game_parity_diff_scan.go:41.3,41.22 1 1
github.com/ingyamilmolinar/beatmo/internal/ui/game_parity_diff_scan.go:42.30,43.35 1 0
github.com/ingyamilmolinar/beatmo/internal/ui/game_parity_diff_scan.go:44.27,45.37 1 0
github.com/ingyamilmolinar/beatmo/internal/ui/game_parity_diff_scan.go:46.11,47.16 1 1
github.com/ingyamilmolinar/beatmo/internal/ui/game_parity_diff_scan.go:51.2,52.38 2 1
github.com/ingyamilmolinar/beatmo/internal/ui/game_parity_diff_scan.go:52.38,55.47 1 1
github.com/ingyamilmolinar/beatmo/internal/ui/game_parity_diff_scan.go:55.47,56.12 1 1
github.com/ingyamilmolinar/beatmo/internal/ui/game_parity_diff_scan.go:60.3,60.67 1 1
github.com/ingyamilmolinar/beatmo/internal/ui/game_parity_diff_scan.go:60.67,61.12 1 0
github.com/ingyamilmolinar/beatmo/internal/ui/game_parity_diff_scan.go:63.3,64.17 2 1
github.com/ingyamilmolinar/beatmo/internal/ui/game_parity_diff_scan.go:64.17,65.12 1 1
github.com/ingyamilmolinar/beatmo/internal/ui/game_parity_diff_scan.go:69.3,69.79 1 1
github.com/ingyamilmolinar/beatmo/internal/ui/game_parity_diff_scan.go:69.79,70.12 1 1
github.com/ingyamilmolinar/beatmo/internal/ui/game_parity_diff_scan.go:72.3,74.19 3 1
github.com/ingyamilmolinar/beatmo/internal/ui/game_parity_diff_scan.go:74.19,75.12 1 0
github.com/ingyamilmolinar/beatmo/internal/ui/game_parity_diff_scan.go:77.3,89.5 1 1
github.com/ingyamilmolinar/beatmo/internal/ui/game_parity_diff_scan.go:91.2,91.19 1 1
github.com/ingyamilmolinar/beatmo/internal/ui/game_parity_diff_scan.go:100.108,101.77 1 1
github.com/ingyamilmolinar/beatmo/internal/ui/game_parity_diff_scan.go:101.77,103.3 1 1
github.com/ingyamilmolinar/beatmo/internal/ui/game_parity_diff_scan.go:104.2,105.38 2 1
github.com/ingyamilmolinar/beatmo/internal/ui/game_parity_diff_scan.go:105.38,107.10 2 1
github.com/ingyamilmolinar/beatmo/internal/ui/game_parity_diff_scan.go:107.10,108.12 1 1
github.com/ingyamilmolinar/beatmo/internal/ui/game_parity_diff_scan.go:110.3,110.118 1 1
github.com/ingyamilmolinar/beatmo/internal/ui/game_parity_diff_scan.go:110.118,111.12 1 1
github.com/ingyamilmolinar/beatmo/internal/ui/game_parity_diff_scan.go:113.3,116.40 3 1
github.com/ingyamilmolinar/beatmo/internal/ui/game_parity_diff_scan.go:116.40,117.12 1 1
github.com/ingyamilmolinar/beatmo/internal/ui/game_parity_diff_scan.go:119.3,119.84 1 1
github.com/ingyamilmolinar/beatmo/internal/ui/game_parity_diff_scan.go:125.42,126.14 1 1
github.com/ingyamilmolinar/beatmo/internal/ui/game_parity_diff_scan.go:126.14,128.3 1 0
github.com/ingyamilmolinar/beatmo/internal/ui/game_parity_diff_scan.go:129.2,129.67 1 1
github.com/ingyamilmolinar/beatmo/internal/ui/game_parity_diff_scan.go:129.67,131.3 1 1
github.com/ingyamilmolinar/beatmo/internal/ui/game_parity_diff_scan.go:132.2,132.101 1 1
github.com/ingyamilmolinar/beatmo/internal/ui/game_parity_diff_scan.go:132.101,134.3 1 1
github.com/ingyamilmolinar/beatmo/internal/ui/game_parity_diff_scan.go:137.2,137.28 1 1
github.com/ingyamilmolinar/beatmo/internal/ui/game_parity_diff_scan.go:137.28,139.3 1 1
github.com/ingyamilmolinar/beatmo/internal/ui/game_parity_diff_scan.go:140.2,140.39 1 1
github.com/ingyamilmolinar/beatmo/internal/ui/game_parity_diff_scan.go:140.39,142.68 1 1
github.com/ingyamilmolinar/beatmo/internal/ui/game_parity_diff_scan.go:142.68,144.4 1 0
github.com/ingyamilmolinar/beatmo/internal/ui/game_parity_diff_scan.go:146.3,146.62 1 1
github.com/ingyamilmolinar/beatmo/internal/ui/game_parity_diff_scan.go:146.62,148.4 1 1
github.com/ingyamilmolinar/beatmo/internal/ui/game_parity_diff_scan.go:150.3,150.28 1 1
github.com/ingyamilmolinar/beatmo/internal/ui/game_parity_diff_scan.go:150.28,152.4 1 0
github.com/ingyamilmolinar/beatmo/internal/ui/game_parity_diff_scan.go:154.2,154.37 1 1
github.com/ingyamilmolinar/beatmo/internal/ui/game_parity_diff_scan.go:154.37,156.3 1 0
github.com/ingyamilmolinar/beatmo/internal/ui/game_parity_diff_scan.go:158.2,158.41 1 1
github.com/ingyamilmolinar/beatmo/internal/ui/game_parity_diff_scan.go:158.41,160.3 1 1
github.com/ingyamilmolinar/beatmo/internal/ui/game_parity_diff_scan.go:161.2,163.25 3 1
github.com/ingyamilmolinar/beatmo/internal/ui/game_parity_diff_scan.go:163.25,164.30 1 1
github.com/ingyamilmolinar/beatmo/internal/ui/game_parity_diff_scan.go:164.30,166.4 1 1
github.com/ingyamilmolinar/beatmo/internal/ui/game_parity_diff_scan.go:167.3,167.17 1 1
github.com/ingyamilmolinar/beatmo/internal/ui/game_parity_diff_scan.go:167.17,170.4 2 0
github.com/ingyamilmolinar/beatmo/internal/ui/game_parity_diff_scan.go:170.9,172.4 1 1
github.com/ingyamilmolinar/beatmo/internal/ui/game_parity_diff_scan.go:173.3,173.34 1 1
github.com/ingyamilmolinar/beatmo/internal/ui/game_parity_diff_scan.go:174.8,176.3 1 1
github.com/ingyamilmolinar/beatmo/internal/ui/game_parity_diff_scan.go:177.2,178.15 2 1
github.com/ingyamilmolinar/beatmo/internal/ui/game_parity_diff_scan.go:178.15,178.56 1 1
github.com/ingyamilmolinar/beatmo/internal/ui/game_parity_diff_scan.go:179.2,181.21 3 1
github.com/ingyamilmolinar/beatmo/internal/ui/game_parity_diff_scan.go:181.21,183.3 1 0
github.com/ingyamilmolinar/beatmo/internal/ui/game_parity_diff_scan.go:184.2,185.15 2 1
github.com/ingyamilmolinar/beatmo/internal/ui/game_parity_diff_scan.go:185.15,187.3 1 0
github.com/ingyamilmolinar/beatmo/internal/ui/game_parity_diff_scan.go:188.2,189.92 2 1
github.com/ingyamilmolinar/beatmo/internal/ui/game_parity_diff_scan.go:189.92,191.23 1 0
github.com/ingyamilmolinar/beatmo/internal/ui/game_parity_diff_scan.go:191.23,193.4 1 0
github.com/ingyamilmolinar/beatmo/internal/ui/game_parity_diff_scan.go:195.2,196.32 2 1
github.com/ingyamilmolinar/beatmo/internal/ui/game_parity_diff_scan.go:196.32,197.13 1 1
github.com/ingyamilmolinar/beatmo/internal/ui/game_parity_diff_scan.go:197.13,199.9 2 0
github.com/ingyamilmolinar/beatmo/internal/ui/game_parity_diff_scan.go:206.2,207.18 2 1
github.com/ingyamilmolinar/beatmo/internal/ui/game_parity_diff_scan.go:207.18,209.3 1 1
github.com/ingyamilmolinar/beatmo/internal/ui/game_parity_diff_scan.go:210.2,211.20 2 1
github.com/ingyamilmolinar/beatmo/internal/ui/game_parity_diff_scan.go:211.20,213.3 1 1
github.com/ingyamilmolinar/beatmo/internal/ui/game_parity_diff_scan.go:214.2,215.18 2 1
github.com/ingyamilmolinar/beatmo/internal/ui/game_parity_diff_scan.go:215.18,217.3 1 0
github.com/ingyamilmolinar/beatmo/internal/ui/game_parity_diff_scan.go:219.2,222.41 4 1
github.com/ingyamilmolinar/beatmo/internal/ui/game_parity_diff_scan.go:222.41,224.23 2 1
github.com/ingyamilmolinar/beatmo/internal/ui/game_parity_diff_scan.go:224.23,225.39 1 1
github.com/ingyamilmolinar/beatmo/internal/ui/game_parity_diff_scan.go:225.39,226.13 1 1
github.com/ingyamilmolinar/beatmo/internal/ui/game_parity_diff_scan.go:228.4,228.18 1 1
github.com/ingyamilmolinar/beatmo/internal/ui/game_parity_diff_scan.go:230.3,230.23 1 1
github.com/ingyamilmolinar/beatmo/internal/ui/game_parity_diff_scan.go:230.23,232.4 1 1
github.com/ingyamilmolinar/beatmo/internal/ui/game_parity_diff_scan.go:234.2,238.33 4 1
github.com/ingyamilmolinar/beatmo/internal/ui/game_parity_diff_scan.go:238.33,239.23 1 1
github.com/ingyamilmolinar/beatmo/internal/ui/game_parity_diff_scan.go:239.23,240.12 1 1
github.com/ingyamilmolinar/beatmo/internal/ui/game_parity_diff_scan.go:242.3,242.48 1 1
github.com/ingyamilmolinar/beatmo/internal/ui/game_parity_diff_scan.go:242.48,243.12 1 1
github.com/ingyamilmolinar/beatmo/internal/ui/game_parity_diff_scan.go:245.3,245.33 1 1
github.com/ingyamilmolinar/beatmo/internal/ui/game_parity_diff_scan.go:245.33,247.4 1 1
github.com/ingyamilmolinar/beatmo/internal/ui/game_parity_diff_scan.go:248.3,248.35 1 1
github.com/ingyamilmolinar/beatmo/internal/ui/game_parity_diff_scan.go:251.2,252.21 2 1
github.com/ingyamilmolinar/beatmo/internal/ui/game_parity_diff_scan.go:252.21,254.3 1 1
github.com/ingyamilmolinar/beatmo/internal/ui/game_parity_diff_scan.go:255.2,255.31 1 1
github.com/ingyamilmolinar/beatmo/internal/ui/game_parity_diff_scan.go:255.31,269.53 12 1
github.com/ingyamilmolinar/beatmo/internal/ui/game_parity_diff_scan.go:269.53,273.66 4 1
github.com/ingyamilmolinar/beatmo/internal/ui/game_parity_diff_scan.go:273.66,275.5 1 1
github.com/ingyamilmolinar/beatmo/internal/ui/game_parity_diff_scan.go:277.3,277.25 1 1
github.com/ingyamilmolinar/beatmo/internal/ui/game_parity_diff_scan.go:277.25,278.12 1 0
github.com/ingyamilmolinar/beatmo/internal/ui/game_parity_diff_scan.go:280.3,281.23 2 1
github.com/ingyamilmolinar/beatmo/internal/ui/game_parity_diff_scan.go:281.23,283.4 1 1
github.com/ingyamilmolinar/beatmo/internal/ui/game_parity_diff_scan.go:284.3,285.18 2 1
github.com/ingyamilmolinar/beatmo/internal/ui/game_parity_diff_scan.go:285.18,287.26 2 1
github.com/ingyamilmolinar/beatmo/internal/ui/game_parity_diff_scan.go:287.26,289.5 1 1
github.com/ingyamilmolinar/beatmo/internal/ui/game_parity_diff_scan.go:290.4,290.24 1 1
github.com/ingyamilmolinar/beatmo/internal/ui/game_parity_diff_scan.go:292.3,294.14 3 1
github.com/ingyamilmolinar/beatmo/internal/ui/game_parity_diff_scan.go:294.14,295.18 1 1
github.com/ingyamilmolinar/beatmo/internal/ui/game_parity_diff_scan.go:295.18,297.5 1 1
github.com/ingyamilmolinar/beatmo/internal/ui/game_parity_diff_scan.go:297.10,299.5 1 1
github.com/ingyamilmolinar/beatmo/internal/ui/game_parity_diff_scan.go:301.3,301.41 1 1
github.com/ingyamilmolinar/beatmo/internal/ui/game_parity_diff_scan.go:301.41,303.17 2 1
github.com/ingyamilmolinar/beatmo/internal/ui/game_parity_diff_scan.go:303.17,305.5 1 1
github.com/ingyamilmolinar/beatmo/internal/ui/game_parity_diff_scan.go:306.4,306.16 1 1
github.com/ingyamilmolinar/beatmo/internal/ui/game_parity_diff_scan.go:306.16,307.53 1 1
github.com/ingyamilmolinar/beatmo/internal/ui/game_parity_diff_scan.go:307.53,309.6 1 1
github.com/ingyamilmolinar/beatmo/internal/ui/game_parity_diff_scan.go:311.4,312.53 2 1
github.com/ingyamilmolinar/beatmo/internal/ui/game_parity_diff_scan.go:312.53,314.5 1 1
github.com/ingyamilmolinar/beatmo/internal/ui/game_parity_diff_scan.go:315.4,315.23 1 0
github.com/ingyamilmolinar/beatmo/internal/ui/game_parity_diff_scan.go:319.3,322.21 4 1
github.com/ingyamilmolinar/beatmo/internal/ui/game_parity_diff_scan.go:322.21,324.15 2 0
github.com/ingyamilmolinar/beatmo/internal/ui/game_parity_diff_scan.go:324.15,326.5 1 0
github.com/ingyamilmolinar/beatmo/internal/ui/game_parity_diff_scan.go:327.4,327.24 1 0
github.com/ingyamilmolinar/beatmo/internal/ui/game_parity_diff_scan.go:327.24,329.18 2 0
github.com/ingyamilmolinar/beatmo/internal/ui/game_parity_diff_scan.go:329.18,331.6 1 0
github.com/ingyamilmolinar/beatmo/internal/ui/game_parity_diff_scan.go:332.5,332.22 1 0
github.com/ingyamilmolinar/beatmo/internal/ui/game_parity_diff_scan.go:335.3,335.60 1 1
github.com/ingyamilmolinar/beatmo/internal/ui/game_parity_diff_scan.go:335.60,343.19 5 1
github.com/ingyamilmolinar/beatmo/internal/ui/game_parity_diff_scan.go:343.19,344.44 1 1
github.com/ingyamilmolinar/beatmo/internal/ui/game_parity_diff_scan.go:344.44,346.6 1 1
github.com/ingyamilmolinar/beatmo/internal/ui/game_parity_diff_scan.go:346.11,348.6 1 1
github.com/ingyamilmolinar/beatmo/internal/ui/game_parity_diff_scan.go:350.4,351.52 2 1
github.com/ingyamilmolinar/beatmo/internal/ui/game_parity_diff_scan.go:351.52,365.5 1 1
github.com/ingyamilmolinar/beatmo/internal/ui/game_parity_diff_scan.go:368.4,368.148 1 1
github.com/ingyamilmolinar/beatmo/internal/ui/game_parity_diff_scan.go:368.148,372.28 1 1
github.com/ingyamilmolinar/beatmo/internal/ui/game_parity_diff_scan.go:372.28,373.14 1 1
github.com/ingyamilmolinar/beatmo/internal/ui/game_parity_diff_scan.go:375.5,375.26 1 0
github.com/ingyamilmolinar/beatmo/internal/ui/game_parity_diff_scan.go:375.26,389.6 1 0
github.com/ingyamilmolinar/beatmo/internal/ui/game_parity_diff_scan.go:395.3,395.33 1 1
github.com/ingyamilmolinar/beatmo/internal/ui/game_parity_diff_scan.go:395.33,396.12 1 1
github.com/ingyamilmolinar/beatmo/internal/ui/game_parity_diff_scan.go:398.3,399.23 2 1
github.com/ingyamilmolinar/beatmo/internal/ui/game_parity_diff_scan.go:399.23,401.4 1 1
github.com/ingyamilmolinar/beatmo/internal/ui/game_parity_diff_scan.go:402.3,403.21 2 1
github.com/ingyamilmolinar/beatmo/internal/ui/game_parity_diff_scan.go:403.21,405.4 1 1
github.com/ingyamilmolinar/beatmo/internal/ui/game_parity_diff_scan.go:406.3,406.48 1 1
github.com/ingyamilmolinar/beatmo/internal/ui/game_parity_diff_scan.go:406.48,410.19 4 1
github.com/ingyamilmolinar/beatmo/internal/ui/game_parity_diff_scan.go:410.19,411.44 1 1
github.com/ingyamilmolinar/beatmo/internal/ui/game_parity_diff_scan.go:411.44,413.6 1 0
github.com/ingyamilmolinar/beatmo/internal/ui/game_parity_diff_scan.go:413.11,415.6 1 1
github.com/ingyamilmolinar/beatmo/internal/ui/game_parity_diff_scan.go:417.4,421.26 2 1
github.com/ingyamilmolinar/beatmo/internal/ui/game_parity_diff_scan.go:421.26,422.13 1 1
github.com/ingyamilmolinar/beatmo/internal/ui/game_parity_diff_scan.go:424.4,426.24 3 1
github.com/ingyamilmolinar/beatmo/internal/ui/game_parity_diff_scan.go:426.24,428.5 1 1
github.com/ingyamilmolinar/beatmo/internal/ui/game_parity_diff_scan.go:429.4,429.36 1 1
github.com/ingyamilmolinar/beatmo/internal/ui/game_parity_diff_scan.go:429.36,430.81 1 1
github.com/ingyamilmolinar/beatmo/internal/ui/game_parity_diff_scan.go:430.81,434.59 1 1
github.com/ingyamilmolinar/beatmo/internal/ui/game_parity_diff_scan.go:434.59,435.15 1 1
github.com/ingyamilmolinar/beatmo/internal/ui/game_parity_diff_scan.go:437.6,448.8 1 1
github.com/ingyamilmolinar/beatmo/internal/ui/game_parity_diff_scan.go:455.4,455.24 1 1
github.com/ingyamilmolinar/beatmo/internal/ui/game_parity_diff_scan.go:455.24,456.13 1 1
github.com/ingyamilmolinar/beatmo/internal/ui/game_parity_diff_scan.go:458.4,458.16 1 1
github.com/ingyamilmolinar/beatmo/internal/ui/game_parity_diff_scan.go:458.16,459.37 1 1
github.com/ingyamilmolinar/beatmo/internal/ui/game_parity_diff_scan.go:459.37,460.49 1 1
github.com/ingyamilmolinar/beatmo/internal/ui/game_parity_diff_scan.go:460.49,465.115 2 1
github.com/ingyamilmolinar/beatmo/internal/ui/game_parity_diff_scan.go:465.115,466.32 1 1
github.com/ingyamilmolinar/beatmo/internal/ui/game_parity_diff_scan.go:466.32,485.9 1 0
github.com/ingyamilmolinar/beatmo/internal/ui/game_parity_diff_scan.go:490.4,490.34 1 1
github.com/ingyamilmolinar/beatmo/internal/ui/game_parity_diff_scan.go:490.34,504.5 1 1
github.com/ingyamilmolinar/beatmo/internal/ui/game_parity_diff_scan.go:505.4,505.38 1 1
github.com/ingyamilmolinar/beatmo/internal/ui/game_parity_diff_scan.go:505.38,520.5 1 1
github.com/ingyamilmolinar/beatmo/internal/ui/game_parity_diff_scan.go:521.4,521.28 1 1
github.com/ingyamilmolinar/beatmo/internal/ui/game_parity_diff_scan.go:521.28,523.29 2 1
github.com/ingyamilmolinar/beatmo/internal/ui/game_parity_diff_scan.go:523.29,525.6 1 0
github.com/ingyamilmolinar/beatmo/internal/ui/game_parity_diff_scan.go:526.5,527.29 2 1
github.com/ingyamilmolinar/beatmo/internal/ui/game_parity_diff_scan.go:527.29,528.38 1 1
github.com/ingyamilmolinar/beatmo/internal/ui/game_parity_diff_scan.go:528.38,531.7 1 0
github.com/ingyamilmolinar/beatmo/internal/ui/game_parity_diff_scan.go:532.6,532.18 1 1
github.com/ingyamilmolinar/beatmo/internal/ui/game_parity_diff_scan.go:532.18,535.7 1 1
github.com/ingyamilmolinar/beatmo/internal/ui/game_parity_diff_scan.go:537.5,537.14 1 1
github.com/ingyamilmolinar/beatmo/internal/ui/game_parity_diff_scan.go:537.14,543.13 6 1
github.com/ingyamilmolinar/beatmo/internal/ui/game_parity_diff_scan.go:543.13,557.7 1 1
github.com/ingyamilmolinar/beatmo/internal/ui/game_parity_diff_scan.go:560.4,560.16 1 1
github.com/ingyamilmolinar/beatmo/internal/ui/game_parity_diff_scan.go:560.16,561.54 1 1
github.com/ingyamilmolinar/beatmo/internal/ui/game_parity_diff_scan.go:561.54,575.6 1 0
github.com/ingyamilmolinar/beatmo/internal/ui/game_parity_diff_scan.go:581.2,581.27 1 1
github.com/ingyamilmolinar/beatmo/internal/ui/game_parity_state.go:28.57,30.2 1 1
github.com/ingyamilmolinar/beatmo/internal/ui/game_parity_state.go:33.40,35.2 1 1
github.com/ingyamilmolinar/beatmo/internal/ui/game_parity_state.go:39.35,49.2 9 1
github.com/ingyamilmolinar/beatmo/internal/ui/game_parity_state.go:54.36,60.2 5 1
github.com/ingyamilmolinar/beatmo/internal/ui/game_parity_state.go:63.34,64.21 1 1
github.com/ingyamilmolinar/beatmo/internal/ui/game_parity_state.go:64.21,66.3 1 1
github.com/ingyamilmolinar/beatmo/internal/ui/game_parity_state.go:67.2,69.24 3 1
github.com/ingyamilmolinar/beatmo/internal/ui/game_parity_state.go:72.112,73.14 1 1
github.com/ingyamilmolinar/beatmo/internal/ui/game_parity_state.go:73.14,75.3 1 0
github.com/ingyamilmolinar/beatmo/internal/ui/game_parity_state.go:76.2,76.67 1 1
github.com/ingyamilmolinar/beatmo/internal/ui/game_parity_state.go:76.67,78.3 1 0
github.com/ingyamilmolinar/beatmo/internal/ui/game_parity_state.go:79.2,79.13 1 1
github.com/ingyamilmolinar/beatmo/internal/ui/game_parity_state.go:79.13,81.3 1 1
github.com/ingyamilmolinar/beatmo/internal/ui/game_parity_state.go:82.2,84.49 3 1
github.com/ingyamilmolinar/beatmo/internal/ui/game_parity_state.go:84.49,87.38 3 1
github.com/ingyamilmolinar/beatmo/internal/ui/game_parity_state.go:87.38,89.21 2 1
github.com/ingyamilmolinar/beatmo/internal/ui/game_parity_state.go:89.21,91.5 1 0
github.com/ingyamilmolinar/beatmo/internal/ui/game_parity_state.go:94.2,94.70 1 1
github.com/ingyamilmolinar/beatmo/internal/ui/game_parity_state.go:94.70,96.3 1 1
github.com/ingyamilmolinar/beatmo/internal/ui/game_parity_state.go:97.2,109.41 3 1
github.com/ingyamilmolinar/beatmo/internal/ui/game_parity_state.go:109.41,112.3 1 0
github.com/ingyamilmolinar/beatmo/internal/ui/game_parity_state.go:115.96,116.14 1 1
github.com/ingyamilmolinar/beatmo/internal/ui/game_parity_state.go:116.14,118.3 1 0
github.com/ingyamilmolinar/beatmo/internal/ui/game_parity_state.go:119.2,119.67 1 1
github.com/ingyamilmolinar/beatmo/internal/ui/game_parity_state.go:119.67,121.3 1 0
github.com/ingyamilmolinar/beatmo/internal/ui/game_parity_state.go:126.2,127.50 2 1
github.com/ingyamilmolinar/beatmo/internal/ui/game_parity_state.go:127.50,128.32 1 1
github.com/ingyamilmolinar/beatmo/internal/ui/game_parity_state.go:128.32,130.4 1 1
github.com/ingyamilmolinar/beatmo/internal/ui/game_parity_state.go:130.9,132.4 1 1
github.com/ingyamilmolinar/beatmo/internal/ui/game_parity_state.go:134.2,136.38 3 1
github.com/ingyamilmolinar/beatmo/internal/ui/game_parity_state.go:136.38,138.3 1 1
github.com/ingyamilmolinar/beatmo/internal/ui/game_parity_state.go:139.2,147.3 1 1
github.com/ingyamilmolinar/beatmo/internal/ui/game_parity_state.go:150.40,151.14 1 1
github.com/ingyamilmolinar/beatmo/internal/ui/game_parity_state.go:151.14,153.3 1 0
github.com/ingyamilmolinar/beatmo/internal/ui/game_parity_state.go:154.2,154.67 1 1
github.com/ingyamilmolinar/beatmo/internal/ui/game_parity_state.go:154.67,156.3 1 0
github.com/ingyamilmolinar/beatmo/internal/ui/game_parity_state.go:157.2,159.42 3 1
github.com/ingyamilmolinar/beatmo/internal/ui/game_parity_state.go:159.42,161.36 2 1
github.com/ingyamilmolinar/beatmo/internal/ui/game_parity_state.go:161.36,162.24 1 1
github.com/ingyamilmolinar/beatmo/internal/ui/game_parity_state.go:162.24,164.5 1 1
github.com/ingyamilmolinar/beatmo/internal/ui/game_parity_state.go:166.3,166.22 1 1
github.com/ingyamilmolinar/beatmo/internal/ui/game_parity_state.go:168.2,168.43 1 1
github.com/ingyamilmolinar/beatmo/internal/ui/game_parity_state.go:168.43,169.22 1 1
github.com/ingyamilmolinar/beatmo/internal/ui/game_parity_state.go:169.22,170.20 1 1
github.com/ingyamilmolinar/beatmo/internal/ui/game_parity_state.go:170.20,172.5 1 1
github.com/ingyamilmolinar/beatmo/internal/ui/game_parity_state.go:174.3,174.18 1 1
github.com/ingyamilmolinar/beatmo/internal/ui/game_parity_state.go:174.18,176.4 1 0
github.com/ingyamilmolinar/beatmo/internal/ui/game_parity_state.go:181.50,182.14 1 1
github.com/ingyamilmolinar/beatmo/internal/ui/game_parity_state.go:182.14,184.3 1 0
github.com/ingyamilmolinar/beatmo/internal/ui/game_parity_state.go:185.2,185.67 1 1
github.com/ingyamilmolinar/beatmo/internal/ui/game_parity_state.go:185.67,187.3 1 1
github.com/ingyamilmolinar/beatmo/internal/ui/game_parity_state.go:188.2,189.23 2 1
github.com/ingyamilmolinar/beatmo/internal/ui/game_parity_state.go:190.22,191.33 1 1
github.com/ingyamilmolinar/beatmo/internal/ui/game_parity_state.go:191.33,193.4 1 0
github.com/ingyamilmolinar/beatmo/internal/ui/game_parity_state.go:194.3,195.27 2 1
github.com/ingyamilmolinar/beatmo/internal/ui/game_parity_state.go:196.22,197.22 1 1
github.com/ingyamilmolinar/beatmo/internal/ui/game_parity_state.go:197.22,200.4 1 1
github.com/ingyamilmolinar/beatmo/internal/ui/game_parity_state.go:201.24,203.27 2 1
github.com/ingyamilmolinar/beatmo/internal/ui/game_parity_state.go:208.49,209.44 1 1
github.com/ingyamilmolinar/beatmo/internal/ui/game_parity_state.go:209.44,210.22 1 0
github.com/ingyamilmolinar/beatmo/internal/ui/game_parity_state.go:210.22,212.4 1 0
github.com/ingyamilmolinar/beatmo/internal/ui/game_parity_state.go:213.3,213.9 1 0
github.com/ingyamilmolinar/beatmo/internal/ui/game_parity_state.go:215.2,228.44 8 1
github.com/ingyamilmolinar/beatmo/internal/ui/game_parity_state.go:228.44,232.3 3 1
github.com/ingyamilmolinar/beatmo/internal/ui/game_parity_state.go:234.2,235.50 2 1
github.com/ingyamilmolinar/beatmo/internal/ui/game_parity_state.go:235.50,239.3 3 1
github.com/ingyamilmolinar/beatmo/internal/ui/game_parity_state.go:240.2,249.44 6 1
github.com/ingyamilmolinar/beatmo/internal/ui/game_parity_state.go:249.44,251.3 1 1
github.com/ingyamilmolinar/beatmo/internal/ui/game_parity_state.go:253.2,253.16 1 1
github.com/ingyamilmolinar/beatmo/internal/ui/game_parity_state.go:253.16,259.3 5 1
github.com/ingyamilmolinar/beatmo/internal/ui/game_parity_state.go:260.2,261.21 2 1
github.com/ingyamilmolinar/beatmo/internal/ui/game_parity_state.go:261.21,263.3 1 1
github.com/ingyamilmolinar/beatmo/internal/ui/game_parity_state.go:264.2,264.44 1 1
github.com/ingyamilmolinar/beatmo/internal/ui/game_parity_state.go:264.44,266.3 1 0
github.com/ingyamilmolinar/beatmo/internal/ui/game_parity_state.go:267.2,267.45 1 1
github.com/ingyamilmolinar/beatmo/internal/ui/game_parity_state.go:270.57,271.14 1 1
github.com/ingyamilmolinar/beatmo/internal/ui/game_parity_state.go:271.14,274.3 2 1
github.com/ingyamilmolinar/beatmo/internal/ui/game_parity_state.go:275.2,275.15 1 1
github.com/ingyamilmolinar/beatmo/internal/ui/game_parity_state.go:275.15,277.3 1 0
github.com/ingyamilmolinar/beatmo/internal/ui/game_parity_state.go:278.2,278.16 1 1
github.com/ingyamilmolinar/beatmo/internal/ui/game_parity_state.go:278.16,280.3 1 0
github.com/ingyamilmolinar/beatmo/internal/ui/game_parity_state.go:281.2,281.16 1 1
github.com/ingyamilmolinar/beatmo/internal/ui/game_parity_state.go:281.16,283.3 1 0
github.com/ingyamilmolinar/beatmo/internal/ui/game_parity_state.go:284.2,284.26 1 1
github.com/ingyamilmolinar/beatmo/internal/ui/game_parity_state.go:284.26,286.3 1 1
github.com/ingyamilmolinar/beatmo/internal/ui/game_parity_state.go:288.2,288.79 1 0
github.com/ingyamilmolinar/beatmo/internal/ui/game_parity_state.go:288.79,289.16 1 0
github.com/ingyamilmolinar/beatmo/internal/ui/game_parity_state.go:289.16,291.4 1 0
github.com/ingyamilmolinar/beatmo/internal/ui/game_parity_state.go:294.2,294.39 1 0
github.com/ingyamilmolinar/beatmo/internal/ui/game_parity_state.go:294.39,296.3 1 0
github.com/ingyamilmolinar/beatmo/internal/ui/game_parity_state.go:297.2,297.22 1 0
github.com/ingyamilmolinar/beatmo/internal/ui/game_parity_state.go:300.46,301.14 1 1
github.com/ingyamilmolinar/beatmo/internal/ui/game_parity_state.go:301.14,303.3 1 0
github.com/ingyamilmolinar/beatmo/internal/ui/game_parity_state.go:304.2,304.16 1 1
github.com/ingyamilmolinar/beatmo/internal/ui/game_parity_state.go:304.16,306.3 1 1
github.com/ingyamilmolinar/beatmo/internal/ui/game_parity_state.go:307.2,307.54 1 1
github.com/ingyamilmolinar/beatmo/internal/ui/game_parity_state.go:310.50,311.14 1 1
github.com/ingyamilmolinar/beatmo/internal/ui/game_parity_state.go:311.14,313.3 1 0
github.com/ingyamilmolinar/beatmo/internal/ui/game_parity_state.go:314.2,317.28 4 1
github.com/ingyamilmolinar/beatmo/internal/ui/game_parity_state.go:317.28,319.3 1 1
github.com/ingyamilmolinar/beatmo/internal/ui/game_parity_state.go:322.70,323.14 1 0
github.com/ingyamilmolinar/beatmo/internal/ui/game_parity_state.go:323.14,325.3 1 0
github.com/ingyamilmolinar/beatmo/internal/ui/game_parity_state.go:326.2,327.15 2 0
github.com/ingyamilmolinar/beatmo/internal/ui/game_parity_state.go:327.15,329.3 1 0
github.com/ingyamilmolinar/beatmo/internal/ui/game_parity_state.go:330.2,331.28 2 0
github.com/ingyamilmolinar/beatmo/internal/ui/game_parity_state.go:334.34,335.14 1 0
github.com/ingyamilmolinar/beatmo/internal/ui/game_parity_state.go:335.14,337.3 1 0
github.com/ingyamilmolinar/beatmo/internal/ui/game_parity_state.go:338.2,340.23 3 0
github.com/ingyamilmolinar/beatmo/internal/ui/game_parity_state.go:345.46,347.2 1 0
github.com/ingyamilmolinar/beatmo/internal/ui/game_parity_state.go:351.49,352.14 1 1
github.com/ingyamilmolinar/beatmo/internal/ui/game_parity_state.go:352.14,354.3 1 0
github.com/ingyamilmolinar/beatmo/internal/ui/game_parity_state.go:355.2,355.50 1 1
github.com/ingyamilmolinar/beatmo/internal/ui/game_parity_types.go:41.49,42.19 1 1
github.com/ingyamilmolinar/beatmo/internal/ui/game_parity_types.go:42.19,44.3 1 0
github.com/ingyamilmolinar/beatmo/internal/ui/game_parity_types.go:45.2,45.78 1 1
github.com/ingyamilmolinar/beatmo/internal/ui/game_parity_types.go:48.45,51.16 3 1
github.com/ingyamilmolinar/beatmo/internal/ui/game_parity_types.go:51.16,53.3 1 0
github.com/ingyamilmolinar/beatmo/internal/ui/game_parity_types.go:54.2,56.20 3 1
github.com/ingyamilmolinar/beatmo/internal/ui/game_parity_types.go:56.20,58.3 1 1
github.com/ingyamilmolinar/beatmo/internal/ui/game_parity_types.go:61.51,65.17 4 1
github.com/ingyamilmolinar/beatmo/internal/ui/game_parity_types.go:65.17,67.3 1 1
github.com/ingyamilmolinar/beatmo/internal/ui/game_parity_types.go:68.2,69.30 2 1
github.com/ingyamilmolinar/beatmo/internal/ui/game_parity_types.go:69.30,71.3 1 1
github.com/ingyamilmolinar/beatmo/internal/ui/game_parity_types.go:72.2,72.12 1 1
github.com/ingyamilmolinar/beatmo/internal/ui/game_parity_types.go:75.32,80.2 4 1
github.com/ingyamilmolinar/beatmo/internal/ui/game_parity_types.go:104.39,106.24 2 1
github.com/ingyamilmolinar/beatmo/internal/ui/game_parity_types.go:106.24,107.8 1 1
github.com/ingyamilmolinar/beatmo/internal/ui/game_parity_types.go:107.8,109.4 1 1
github.com/ingyamilmolinar/beatmo/internal/ui/game_parity_types.go:111.2,111.12 1 1
github.com/ingyamilmolinar/beatmo/internal/ui/game_parity_view.go:6.113,7.69 1 1
github.com/ingyamilmolinar/beatmo/internal/ui/game_parity_view.go:7.69,9.3 1 0
github.com/ingyamilmolinar/beatmo/internal/ui/game_parity_view.go:10.2,10.52 1 1
github.com/ingyamilmolinar/beatmo/internal/ui/game_parity_view.go:10.52,13.15 3 0
github.com/ingyamilmolinar/beatmo/internal/ui/game_parity_view.go:13.15,14.52 1 0
github.com/ingyamilmolinar/beatmo/internal/ui/game_parity_view.go:14.52,16.5 1 0
github.com/ingyamilmolinar/beatmo/internal/ui/game_parity_view.go:17.4,18.53 2 0
github.com/ingyamilmolinar/beatmo/internal/ui/game_parity_view.go:18.53,20.5 1 0
github.com/ingyamilmolinar/beatmo/internal/ui/game_parity_view.go:23.4,23.48 1 0
github.com/ingyamilmolinar/beatmo/internal/ui/game_parity_view.go:25.3,25.50 1 0
github.com/ingyamilmolinar/beatmo/internal/ui/game_parity_view.go:27.2,29.17 3 1
github.com/ingyamilmolinar/beatmo/internal/ui/game_parity_view.go:29.17,31.3 1 0
github.com/ingyamilmolinar/beatmo/internal/ui/game_parity_view.go:32.2,33.14 2 1
github.com/ingyamilmolinar/beatmo/internal/ui/game_parity_view.go:33.14,35.52 2 1
github.com/ingyamilmolinar/beatmo/internal/ui/game_parity_view.go:35.52,37.4 1 1
github.com/ingyamilmolinar/beatmo/internal/ui/game_parity_view.go:39.2,39.49 1 1
github.com/ingyamilmolinar/beatmo/internal/ui/game_play_function.go:10.66,14.59 1 1
github.com/ingyamilmolinar/beatmo/internal/ui/game_play_function.go:14.59,15.17 1 1
github.com/ingyamilmolinar/beatmo/internal/ui/game_play_function.go:15.17,17.4 1 0
github.com/ingyamilmolinar/beatmo/internal/ui/game_play_function.go:19.3,19.20 1 1
github.com/ingyamilmolinar/beatmo/internal/ui/game_play_function.go:19.20,24.17 3 1
github.com/ingyamilmolinar/beatmo/internal/ui/game_play_function.go:24.17,26.15 2 1
github.com/ingyamilmolinar/beatmo/internal/ui/game_play_function.go:26.15,30.20 4 1
github.com/ingyamilmolinar/beatmo/internal/ui/game_play_function.go:30.20,32.7 1 0
github.com/ingyamilmolinar/beatmo/internal/ui/game_play_function.go:33.6,33.26 1 1
github.com/ingyamilmolinar/beatmo/internal/ui/game_play_function.go:35.5,35.11 1 1
github.com/ingyamilmolinar/beatmo/internal/ui/game_play_function.go:38.3,39.28 2 1
github.com/ingyamilmolinar/beatmo/internal/ui/game_predictor_notify.go:7.53,8.50 1 1
github.com/ingyamilmolinar/beatmo/internal/ui/game_predictor_notify.go:8.50,10.3 1 0
github.com/ingyamilmolinar/beatmo/internal/ui/game_predictor_notify.go:11.2,11.40 1 1
github.com/ingyamilmolinar/beatmo/internal/ui/game_predictor_notify.go:11.40,14.3 2 1
github.com/ingyamilmolinar/beatmo/internal/ui/game_predictor_notify.go:15.2,15.45 1 1
github.com/ingyamilmolinar/beatmo/internal/ui/game_predictor_notify.go:15.45,19.3 3 0
github.com/ingyamilmolinar/beatmo/internal/ui/game_predictor_notify.go:20.2,21.23 2 1
github.com/ingyamilmolinar/beatmo/internal/ui/game_refresh_drum_row.go:10.33,12.15 2 1
github.com/ingyamilmolinar/beatmo/internal/ui/game_refresh_drum_row.go:12.15,12.108 1 1
github.com/ingyamilmolinar/beatmo/internal/ui/game_refresh_drum_row.go:14.2,14.27 1 1
github.com/ingyamilmolinar/beatmo/internal/ui/game_refresh_drum_row.go:14.27,17.3 2 1
github.com/ingyamilmolinar/beatmo/internal/ui/game_refresh_drum_row.go:19.2,21.42 2 1
github.com/ingyamilmolinar/beatmo/internal/ui/game_refresh_drum_row.go:21.42,23.3 1 1
github.com/ingyamilmolinar/beatmo/internal/ui/game_refresh_drum_row.go:23.8,25.3 1 1
github.com/ingyamilmolinar/beatmo/internal/ui/game_refresh_drum_row.go:26.2,26.33 1 1
github.com/ingyamilmolinar/beatmo/internal/ui/game_refresh_drum_row.go:26.33,28.3 1 1
github.com/ingyamilmolinar/beatmo/internal/ui/game_refresh_drum_row.go:29.2,33.66 2 1
github.com/ingyamilmolinar/beatmo/internal/ui/game_refresh_drum_row.go:33.66,36.3 2 1
github.com/ingyamilmolinar/beatmo/internal/ui/game_refresh_drum_row.go:38.2,38.50 1 1
github.com/ingyamilmolinar/beatmo/internal/ui/game_refresh_drum_row.go:38.50,40.3 1 1
github.com/ingyamilmolinar/beatmo/internal/ui/game_refresh_drum_row.go:41.2,43.45 2 1
github.com/ingyamilmolinar/beatmo/internal/ui/game_refresh_drum_row.go:43.45,45.3 1 1
github.com/ingyamilmolinar/beatmo/internal/ui/game_refresh_drum_row.go:46.2,46.24 1 1
github.com/ingyamilmolinar/beatmo/internal/ui/game_refresh_drum_row.go:46.24,47.49 1 1
github.com/ingyamilmolinar/beatmo/internal/ui/game_refresh_drum_row.go:47.49,49.4 1 1
github.com/ingyamilmolinar/beatmo/internal/ui/game_refresh_drum_row.go:50.3,50.49 1 1
github.com/ingyamilmolinar/beatmo/internal/ui/game_refresh_drum_row.go:50.49,52.4 1 1
github.com/ingyamilmolinar/beatmo/internal/ui/game_refresh_drum_row.go:54.2,55.17 2 1
github.com/ingyamilmolinar/beatmo/internal/ui/game_refresh_drum_row.go:55.17,58.3 2 1
github.com/ingyamilmolinar/beatmo/internal/ui/game_refresh_drum_row.go:59.2,59.37 1 1
github.com/ingyamilmolinar/beatmo/internal/ui/game_refresh_drum_row.go:59.37,65.24 6 1
github.com/ingyamilmolinar/beatmo/internal/ui/game_refresh_drum_row.go:65.24,68.4 2 1
github.com/ingyamilmolinar/beatmo/internal/ui/game_refresh_drum_row.go:69.3,70.38 2 1
github.com/ingyamilmolinar/beatmo/internal/ui/game_refresh_drum_row.go:70.38,72.4 1 1
github.com/ingyamilmolinar/beatmo/internal/ui/game_refresh_drum_row.go:73.3,76.54 4 1
github.com/ingyamilmolinar/beatmo/internal/ui/game_refresh_drum_row.go:76.54,77.52 1 1
github.com/ingyamilmolinar/beatmo/internal/ui/game_refresh_drum_row.go:77.52,79.5 1 0
github.com/ingyamilmolinar/beatmo/internal/ui/game_refresh_drum_row.go:80.4,80.41 1 1
github.com/ingyamilmolinar/beatmo/internal/ui/game_refresh_drum_row.go:80.41,82.5 1 1
github.com/ingyamilmolinar/beatmo/internal/ui/game_refresh_drum_row.go:83.4,83.52 1 1
github.com/ingyamilmolinar/beatmo/internal/ui/game_refresh_drum_row.go:85.3,86.18 2 1
github.com/ingyamilmolinar/beatmo/internal/ui/game_refresh_drum_row.go:86.18,88.36 2 1
github.com/ingyamilmolinar/beatmo/internal/ui/game_refresh_drum_row.go:88.36,90.5 1 1
github.com/ingyamilmolinar/beatmo/internal/ui/game_refresh_drum_row.go:92.3,92.29 1 1
github.com/ingyamilmolinar/beatmo/internal/ui/game_refresh_drum_row.go:92.29,93.39 1 1
github.com/ingyamilmolinar/beatmo/internal/ui/game_refresh_drum_row.go:93.39,95.5 1 1
github.com/ingyamilmolinar/beatmo/internal/ui/game_refresh_drum_row.go:97.3,98.29 2 1
github.com/ingyamilmolinar/beatmo/internal/ui/game_refresh_drum_row.go:98.29,99.23 1 1
github.com/ingyamilmolinar/beatmo/internal/ui/game_refresh_drum_row.go:99.23,101.5 1 1
github.com/ingyamilmolinar/beatmo/internal/ui/game_refresh_drum_row.go:102.4,106.26 3 1
github.com/ingyamilmolinar/beatmo/internal/ui/game_refresh_drum_row.go:106.26,108.5 1 0
github.com/ingyamilmolinar/beatmo/internal/ui/game_refresh_drum_row.go:109.4,109.25 1 1
github.com/ingyamilmolinar/beatmo/internal/ui/game_refresh_drum_row.go:109.25,111.5 1 1
github.com/ingyamilmolinar/beatmo/internal/ui/game_refresh_drum_row.go:112.4,112.34 1 1
github.com/ingyamilmolinar/beatmo/internal/ui/game_refresh_drum_row.go:112.34,114.5 1 1
github.com/ingyamilmolinar/beatmo/internal/ui/game_refresh_drum_row.go:115.4,115.55 1 1
github.com/ingyamilmolinar/beatmo/internal/ui/game_refresh_drum_row.go:115.55,116.71 1 1
github.com/ingyamilmolinar/beatmo/internal/ui/game_refresh_drum_row.go:116.71,119.82 2 1
github.com/ingyamilmolinar/beatmo/internal/ui/game_refresh_drum_row.go:119.82,120.15 1 1
github.com/ingyamilmolinar/beatmo/internal/ui/game_refresh_drum_row.go:122.6,123.19 2 1
github.com/ingyamilmolinar/beatmo/internal/ui/game_refresh_drum_row.go:123.19,126.83 1 1
github.com/ingyamilmolinar/beatmo/internal/ui/game_refresh_drum_row.go:126.83,127.16 1 1
github.com/ingyamilmolinar/beatmo/internal/ui/game_refresh_drum_row.go:132.7,133.19 2 1
github.com/ingyamilmolinar/beatmo/internal/ui/game_refresh_drum_row.go:134.65,135.18 1 1
github.com/ingyamilmolinar/beatmo/internal/ui/game_refresh_drum_row.go:135.18,138.21 3 1
github.com/ingyamilmolinar/beatmo/internal/ui/game_refresh_drum_row.go:138.21,141.10 1 0
github.com/ingyamilmolinar/beatmo/internal/ui/game_refresh_drum_row.go:142.9,143.24 2 1
github.com/ingyamilmolinar/beatmo/internal/ui/game_refresh_drum_row.go:143.24,144.15 1 1
github.com/ingyamilmolinar/beatmo/internal/ui/game_refresh_drum_row.go:146.14,149.9 1 1
github.com/ingyamilmolinar/beatmo/internal/ui/game_refresh_drum_row.go:150.40,154.19 1 0
github.com/ingyamilmolinar/beatmo/internal/ui/game_refresh_drum_row.go:154.19,156.21 2 0
github.com/ingyamilmolinar/beatmo/internal/ui/game_refresh_drum_row.go:156.21,159.10 1 0
github.com/ingyamilmolinar/beatmo/internal/ui/game_refresh_drum_row.go:160.9,161.24 2 0
github.com/ingyamilmolinar/beatmo/internal/ui/game_refresh_drum_row.go:161.24,162.15 1 0
github.com/ingyamilmolinar/beatmo/internal/ui/game_refresh_drum_row.go:165.15,168.20 3 0
github.com/ingyamilmolinar/beatmo/internal/ui/game_refresh_drum_row.go:168.20,171.9 1 0
github.com/ingyamilmolinar/beatmo/internal/ui/game_refresh_drum_row.go:172.8,173.23 2 0
github.com/ingyamilmolinar/beatmo/internal/ui/game_refresh_drum_row.go:173.23,174.14 1 0
github.com/ingyamilmolinar/beatmo/internal/ui/game_refresh_drum_row.go:180.4,180.21 1 1
github.com/ingyamilmolinar/beatmo/internal/ui/game_refresh_drum_row.go:182.3,184.45 3 1
github.com/ingyamilmolinar/beatmo/internal/ui/game_refresh_drum_row.go:184.45,186.4 1 0
github.com/ingyamilmolinar/beatmo/internal/ui/game_refresh_drum_row.go:191.3,191.18 1 1
github.com/ingyamilmolinar/beatmo/internal/ui/game_refresh_drum_row.go:191.18,193.16 2 1
github.com/ingyamilmolinar/beatmo/internal/ui/game_refresh_drum_row.go:193.16,194.51 1 1
github.com/ingyamilmolinar/beatmo/internal/ui/game_refresh_drum_row.go:194.51,196.39 2 1
github.com/ingyamilmolinar/beatmo/internal/ui/game_refresh_drum_row.go:196.39,198.7 1 1
github.com/ingyamilmolinar/beatmo/internal/ui/game_refresh_drum_row.go:200.5,202.22 3 1
github.com/ingyamilmolinar/beatmo/internal/ui/game_refresh_drum_row.go:202.22,204.45 2 1
github.com/ingyamilmolinar/beatmo/internal/ui/game_refresh_drum_row.go:204.45,206.7 1 1
github.com/ingyamilmolinar/beatmo/internal/ui/game_refresh_drum_row.go:207.6,207.42 1 1
github.com/ingyamilmolinar/beatmo/internal/ui/game_refresh_drum_row.go:207.42,208.52 1 1
github.com/ingyamilmolinar/beatmo/internal/ui/game_refresh_drum_row.go:208.52,211.16 1 1
github.com/ingyamilmolinar/beatmo/internal/ui/game_refresh_drum_row.go:213.7,213.71 1 1
github.com/ingyamilmolinar/beatmo/internal/ui/game_refresh_drum_row.go:213.71,214.84 1 1
github.com/ingyamilmolinar/beatmo/internal/ui/game_refresh_drum_row.go:214.84,215.17 1 1
github.com/ingyamilmolinar/beatmo/internal/ui/game_refresh_drum_row.go:218.7,220.91 3 1
github.com/ingyamilmolinar/beatmo/internal/ui/game_refresh_drum_row.go:222.6,223.26 2 1
github.com/ingyamilmolinar/beatmo/internal/ui/game_refresh_drum_row.go:230.3,231.18 2 1
github.com/ingyamilmolinar/beatmo/internal/ui/game_refresh_drum_row.go:231.18,233.25 2 1
github.com/ingyamilmolinar/beatmo/internal/ui/game_refresh_drum_row.go:233.25,235.5 1 0
github.com/ingyamilmolinar/beatmo/internal/ui/game_refresh_drum_row.go:236.4,236.41 1 1
github.com/ingyamilmolinar/beatmo/internal/ui/game_refresh_drum_row.go:236.41,237.26 1 1
github.com/ingyamilmolinar/beatmo/internal/ui/game_refresh_drum_row.go:237.26,238.14 1 1
github.com/ingyamilmolinar/beatmo/internal/ui/game_refresh_drum_row.go:240.5,240.151 1 1
github.com/ingyamilmolinar/beatmo/internal/ui/game_refresh_drum_row.go:240.151,242.6 1 1
github.com/ingyamilmolinar/beatmo/internal/ui/game_refresh_drum_row.go:245.3,247.95 3 1
github.com/ingyamilmolinar/beatmo/internal/ui/game_refresh_drum_row.go:247.95,250.4 2 1
github.com/ingyamilmolinar/beatmo/internal/ui/game_refresh_drum_row.go:251.3,264.41 4 1
github.com/ingyamilmolinar/beatmo/internal/ui/game_refresh_drum_row.go:264.41,266.4 1 1
github.com/ingyamilmolinar/beatmo/internal/ui/game_refresh_drum_row.go:267.3,269.95 3 1
github.com/ingyamilmolinar/beatmo/internal/ui/game_refresh_drum_row.go:269.95,273.4 2 1
github.com/ingyamilmolinar/beatmo/internal/ui/game_refresh_drum_row.go:278.3,278.38 1 1
github.com/ingyamilmolinar/beatmo/internal/ui/game_refresh_drum_row.go:278.38,280.4 1 1
github.com/ingyamilmolinar/beatmo/internal/ui/game_refresh_drum_row.go:284.3,284.134 1 1
github.com/ingyamilmolinar/beatmo/internal/ui/game_refresh_drum_row.go:284.134,285.115 1 1
github.com/ingyamilmolinar/beatmo/internal/ui/game_refresh_drum_row.go:285.115,287.34 2 0
github.com/ingyamilmolinar/beatmo/internal/ui/game_refresh_drum_row.go:287.34,290.6 2 0
github.com/ingyamilmolinar/beatmo/internal/ui/game_refresh_drum_row.go:291.5,291.35 1 0
github.com/ingyamilmolinar/beatmo/internal/ui/game_refresh_drum_row.go:291.35,293.6 1 0
github.com/ingyamilmolinar/beatmo/internal/ui/game_refresh_drum_row.go:293.11,295.6 1 0
github.com/ingyamilmolinar/beatmo/internal/ui/game_refresh_drum_row.go:301.3,303.125 3 1
github.com/ingyamilmolinar/beatmo/internal/ui/game_refresh_drum_row.go:303.125,305.4 1 1
github.com/ingyamilmolinar/beatmo/internal/ui/game_refresh_drum_row.go:306.3,306.50 1 1
github.com/ingyamilmolinar/beatmo/internal/ui/game_refresh_drum_row.go:306.50,309.68 2 0
github.com/ingyamilmolinar/beatmo/internal/ui/game_refresh_drum_row.go:309.68,310.10 1 0
github.com/ingyamilmolinar/beatmo/internal/ui/game_refresh_drum_row.go:310.10,312.6 1 0
github.com/ingyamilmolinar/beatmo/internal/ui/game_refresh_drum_row.go:314.4,315.152 2 0
github.com/ingyamilmolinar/beatmo/internal/ui/game_refresh_drum_row.go:319.3,319.35 1 1
github.com/ingyamilmolinar/beatmo/internal/ui/game_refresh_drum_row.go:319.35,321.37 2 1
github.com/ingyamilmolinar/beatmo/internal/ui/game_refresh_drum_row.go:321.37,323.85 2 1
github.com/ingyamilmolinar/beatmo/internal/ui/game_refresh_drum_row.go:323.85,324.103 1 1
github.com/ingyamilmolinar/beatmo/internal/ui/game_refresh_drum_row.go:324.103,326.7 1 1
github.com/ingyamilmolinar/beatmo/internal/ui/game_refresh_drum_row.go:328.5,328.18 1 1
github.com/ingyamilmolinar/beatmo/internal/ui/game_refresh_drum_row.go:328.18,330.6 1 1
github.com/ingyamilmolinar/beatmo/internal/ui/game_refresh_drum_row.go:330.11,330.61 1 1
github.com/ingyamilmolinar/beatmo/internal/ui/game_refresh_drum_row.go:330.61,334.18 2 1
github.com/ingyamilmolinar/beatmo/internal/ui/game_refresh_drum_row.go:334.18,336.7 1 1
github.com/ingyamilmolinar/beatmo/internal/ui/game_refresh_drum_row.go:337.11,339.6 1 1
github.com/ingyamilmolinar/beatmo/internal/ui/game_refresh_drum_row.go:341.4,341.32 1 1
github.com/ingyamilmolinar/beatmo/internal/ui/game_refresh_drum_row.go:343.3,344.39 2 1
github.com/ingyamilmolinar/beatmo/internal/ui/game_refresh_drum_row.go:344.39,346.4 1 1
github.com/ingyamilmolinar/beatmo/internal/ui/game_refresh_drum_row.go:350.2,356.44 6 1
github.com/ingyamilmolinar/beatmo/internal/ui/game_refresh_drum_row.go:356.44,358.3 1 1
github.com/ingyamilmolinar/beatmo/internal/ui/game_refresh_drum_row.go:359.2,361.25 3 1
github.com/ingyamilmolinar/beatmo/internal/ui/game_refresh_drum_row.go:378.117,381.25 3 1
github.com/ingyamilmolinar/beatmo/internal/ui/game_refresh_drum_row.go:381.25,382.35 1 1
github.com/ingyamilmolinar/beatmo/internal/ui/game_refresh_drum_row.go:382.35,384.12 2 1
github.com/ingyamilmolinar/beatmo/internal/ui/game_refresh_drum_row.go:386.3,386.79 1 1
github.com/ingyamilmolinar/beatmo/internal/ui/game_refresh_drum_row.go:386.79,388.4 1 1
github.com/ingyamilmolinar/beatmo/internal/ui/game_refresh_drum_row.go:390.2,390.13 1 1
github.com/ingyamilmolinar/beatmo/internal/ui/game_refresh_drum_row.go:393.133,394.16 1 1
github.com/ingyamilmolinar/beatmo/internal/ui/game_refresh_drum_row.go:394.16,396.3 1 0
github.com/ingyamilmolinar/beatmo/internal/ui/game_refresh_drum_row.go:397.2,397.74 1 1
github.com/ingyamilmolinar/beatmo/internal/ui/game_refresh_drum_row.go:397.74,399.3 1 0
github.com/ingyamilmolinar/beatmo/internal/ui/game_refresh_drum_row.go:400.2,401.25 2 1
github.com/ingyamilmolinar/beatmo/internal/ui/game_refresh_drum_row.go:401.25,403.22 2 1
github.com/ingyamilmolinar/beatmo/internal/ui/game_refresh_drum_row.go:403.22,404.12 1 1
github.com/ingyamilmolinar/beatmo/internal/ui/game_refresh_drum_row.go:406.3,406.35 1 1
github.com/ingyamilmolinar/beatmo/internal/ui/game_refresh_drum_row.go:406.35,408.4 1 1
github.com/ingyamilmolinar/beatmo/internal/ui/game_refresh_drum_row.go:409.3,409.35 1 1
github.com/ingyamilmolinar/beatmo/internal/ui/game_refresh_drum_row.go:409.35,411.4 1 1
github.com/ingyamilmolinar/beatmo/internal/ui/game_refresh_drum_row.go:413.2,413.13 1 1
github.com/ingyamilmolinar/beatmo/internal/ui/game_row_helpers.go:7.53,8.23 1 1
github.com/ingyamilmolinar/beatmo/internal/ui/game_row_helpers.go:8.23,9.34 1 1
github.com/ingyamilmolinar/beatmo/internal/ui/game_row_helpers.go:9.34,11.4 1 1
github.com/ingyamilmolinar/beatmo/internal/ui/game_row_helpers.go:13.2,13.34 1 1
github.com/ingyamilmolinar/beatmo/internal/ui/game_row_helpers.go:13.34,14.42 1 1
github.com/ingyamilmolinar/beatmo/internal/ui/game_row_helpers.go:14.42,15.23 1 1
github.com/ingyamilmolinar/beatmo/internal/ui/game_row_helpers.go:15.23,17.5 1 0
github.com/ingyamilmolinar/beatmo/internal/ui/game_row_helpers.go:20.2,20.11 1 1
github.com/ingyamilmolinar/beatmo/internal/ui/game_row_helpers.go:23.47,24.13 1 1
github.com/ingyamilmolinar/beatmo/internal/ui/game_row_helpers.go:24.13,26.3 1 1
github.com/ingyamilmolinar/beatmo/internal/ui/game_row_helpers.go:27.2,27.37 1 1
github.com/ingyamilmolinar/beatmo/internal/ui/game_row_helpers.go:27.37,29.3 1 0
github.com/ingyamilmolinar/beatmo/internal/ui/game_row_helpers.go:30.2,31.42 2 1
github.com/ingyamilmolinar/beatmo/internal/ui/game_row_helpers.go:31.42,33.3 1 0
github.com/ingyamilmolinar/beatmo/internal/ui/game_row_helpers.go:34.2,35.35 2 1
github.com/ingyamilmolinar/beatmo/internal/ui/game_row_helpers.go:35.35,37.3 1 1
github.com/ingyamilmolinar/beatmo/internal/ui/game_row_helpers.go:38.2,39.33 2 1
github.com/ingyamilmolinar/beatmo/internal/ui/game_row_helpers.go:39.33,41.3 1 0
github.com/ingyamilmolinar/beatmo/internal/ui/game_row_helpers.go:42.2,44.37 3 1
github.com/ingyamilmolinar/beatmo/internal/ui/game_row_helpers.go:44.37,46.3 1 1
github.com/ingyamilmolinar/beatmo/internal/ui/game_row_helpers.go:49.51,50.13 1 1
github.com/ingyamilmolinar/beatmo/internal/ui/game_row_helpers.go:50.13,52.3 1 0
github.com/ingyamilmolinar/beatmo/internal/ui/game_row_helpers.go:53.2,53.48 1 1
github.com/ingyamilmolinar/beatmo/internal/ui/game_row_helpers.go:53.48,55.36 2 0
github.com/ingyamilmolinar/beatmo/internal/ui/game_row_helpers.go:55.36,57.4 1 0
github.com/ingyamilmolinar/beatmo/internal/ui/game_row_helpers.go:59.2,59.35 1 1
github.com/ingyamilmolinar/beatmo/internal/ui/game_row_helpers.go:59.35,61.3 1 0
github.com/ingyamilmolinar/beatmo/internal/ui/game_row_helpers.go:62.2,62.16 1 1
github.com/ingyamilmolinar/beatmo/internal/ui/game_row_helpers.go:62.16,64.3 1 0
github.com/ingyamilmolinar/beatmo/internal/ui/game_row_helpers.go:65.2,65.36 1 1
github.com/ingyamilmolinar/beatmo/internal/ui/game_row_helpers.go:65.36,67.3 1 1
github.com/ingyamilmolinar/beatmo/internal/ui/game_row_window_builder.go:11.91,19.45 5 1
github.com/ingyamilmolinar/beatmo/internal/ui/game_row_window_builder.go:19.45,19.84 1 1
github.com/ingyamilmolinar/beatmo/internal/ui/game_row_window_builder.go:20.2,20.78 1 1
github.com/ingyamilmolinar/beatmo/internal/ui/game_row_window_builder.go:20.78,22.3 1 1
github.com/ingyamilmolinar/beatmo/internal/ui/game_row_window_builder.go:24.2,36.66 1 1
github.com/ingyamilmolinar/beatmo/internal/ui/game_row_window_builder.go:39.70,43.20 4 1
github.com/ingyamilmolinar/beatmo/internal/ui/game_row_window_builder.go:43.20,45.3 1 0
github.com/ingyamilmolinar/beatmo/internal/ui/game_row_window_builder.go:46.2,46.25 1 1
github.com/ingyamilmolinar/beatmo/internal/ui/game_row_window_builder.go:46.25,48.15 2 1
github.com/ingyamilmolinar/beatmo/internal/ui/game_row_window_builder.go:48.15,50.4 1 1
github.com/ingyamilmolinar/beatmo/internal/ui/game_row_window_builder.go:51.3,52.22 2 1
github.com/ingyamilmolinar/beatmo/internal/ui/game_row_window_builder.go:55.2,55.34 1 1
github.com/ingyamilmolinar/beatmo/internal/ui/game_row_window_builder.go:55.34,57.15 2 0
github.com/ingyamilmolinar/beatmo/internal/ui/game_row_window_builder.go:57.15,59.4 1 0
github.com/ingyamilmolinar/beatmo/internal/ui/game_row_window_builder.go:60.3,60.22 1 0
github.com/ingyamilmolinar/beatmo/internal/ui/game_row_window_builder.go:62.2,62.34 1 1
github.com/ingyamilmolinar/beatmo/internal/ui/game_row_window_builder.go:62.34,65.3 2 0
github.com/ingyamilmolinar/beatmo/internal/ui/game_row_window_builder.go:66.2,68.10 3 1
github.com/ingyamilmolinar/beatmo/internal/ui/game_screenshot_stub.go:7.43,10.2 2 0
github.com/ingyamilmolinar/beatmo/internal/ui/game_screenshot_stub.go:12.39,14.2 1 1
github.com/ingyamilmolinar/beatmo/internal/ui/game_screenshot_stub.go:16.53,18.2 1 0
github.com/ingyamilmolinar/beatmo/internal/ui/game_seek.go:10.32,11.15 1 1
github.com/ingyamilmolinar/beatmo/internal/ui/game_seek.go:11.15,13.3 1 0
github.com/ingyamilmolinar/beatmo/internal/ui/game_seek.go:14.2,21.14 7 1
github.com/ingyamilmolinar/beatmo/internal/ui/game_seek.go:21.14,22.37 1 1
github.com/ingyamilmolinar/beatmo/internal/ui/game_seek.go:22.37,25.37 3 1
github.com/ingyamilmolinar/beatmo/internal/ui/game_seek.go:25.37,27.5 1 1
github.com/ingyamilmolinar/beatmo/internal/ui/game_seek.go:28.4,28.32 1 1
github.com/ingyamilmolinar/beatmo/internal/ui/game_seek.go:30.3,31.20 2 1
github.com/ingyamilmolinar/beatmo/internal/ui/game_seek.go:31.20,33.4 1 0
github.com/ingyamilmolinar/beatmo/internal/ui/game_seek.go:34.3,34.29 1 1
github.com/ingyamilmolinar/beatmo/internal/ui/game_seek.go:34.29,35.39 1 1
github.com/ingyamilmolinar/beatmo/internal/ui/game_seek.go:35.39,37.5 1 0
github.com/ingyamilmolinar/beatmo/internal/ui/game_seek.go:39.3,39.35 1 1
github.com/ingyamilmolinar/beatmo/internal/ui/game_seek.go:39.35,41.26 2 1
github.com/ingyamilmolinar/beatmo/internal/ui/game_seek.go:41.26,43.5 1 1
github.com/ingyamilmolinar/beatmo/internal/ui/game_seek.go:44.4,44.44 1 1
github.com/ingyamilmolinar/beatmo/internal/ui/game_seek.go:47.2,47.17 1 1
github.com/ingyamilmolinar/beatmo/internal/ui/game_seek.go:47.17,48.32 1 0
github.com/ingyamilmolinar/beatmo/internal/ui/game_seek.go:48.32,50.4 1 0
github.com/ingyamilmolinar/beatmo/internal/ui/game_seek.go:51.8,52.33 1 1
github.com/ingyamilmolinar/beatmo/internal/ui/game_seek.go:52.33,54.4 1 0
github.com/ingyamilmolinar/beatmo/internal/ui/game_seek.go:56.2,60.47 4 1
github.com/ingyamilmolinar/beatmo/internal/ui/game_seek.go:63.61,66.14 3 1
github.com/ingyamilmolinar/beatmo/internal/ui/game_seek.go:66.14,68.3 1 0
github.com/ingyamilmolinar/beatmo/internal/ui/game_seek.go:69.2,75.32 7 1
github.com/ingyamilmolinar/beatmo/internal/ui/game_seek.go:75.32,77.3 1 1
github.com/ingyamilmolinar/beatmo/internal/ui/game_seek.go:78.2,78.18 1 1
github.com/ingyamilmolinar/beatmo/internal/ui/game_seek.go:78.18,81.30 3 0
github.com/ingyamilmolinar/beatmo/internal/ui/game_seek.go:81.30,83.4 1 0
github.com/ingyamilmolinar/beatmo/internal/ui/game_seek.go:83.9,85.4 1 0
github.com/ingyamilmolinar/beatmo/internal/ui/game_seek.go:86.3,86.29 1 0
github.com/ingyamilmolinar/beatmo/internal/ui/game_seek.go:90.41,91.17 1 1
github.com/ingyamilmolinar/beatmo/internal/ui/game_seek.go:91.17,95.3 3 1
github.com/ingyamilmolinar/beatmo/internal/ui/game_seek.go:96.2,96.31 1 1
github.com/ingyamilmolinar/beatmo/internal/ui/game_seek.go:99.37,100.17 1 1
github.com/ingyamilmolinar/beatmo/internal/ui/game_seek.go:100.17,101.37 1 1
github.com/ingyamilmolinar/beatmo/internal/ui/game_seek.go:101.37,104.4 2 0
github.com/ingyamilmolinar/beatmo/internal/ui/game_seek.go:105.3,106.38 2 1
github.com/ingyamilmolinar/beatmo/internal/ui/game_seek.go:106.38,108.21 2 1
github.com/ingyamilmolinar/beatmo/internal/ui/game_seek.go:108.21,110.5 1 1
github.com/ingyamilmolinar/beatmo/internal/ui/game_seek.go:112.3,112.30 1 1
github.com/ingyamilmolinar/beatmo/internal/ui/game_seek.go:112.30,114.14 2 1
github.com/ingyamilmolinar/beatmo/internal/ui/game_seek.go:114.14,116.5 1 1
github.com/ingyamilmolinar/beatmo/internal/ui/game_seek.go:117.4,117.16 1 1
github.com/ingyamilmolinar/beatmo/internal/ui/game_seek.go:117.16,119.5 1 1
github.com/ingyamilmolinar/beatmo/internal/ui/game_seek.go:121.3,122.9 2 1
github.com/ingyamilmolinar/beatmo/internal/ui/game_seek.go:124.2,124.16 1 1
github.com/ingyamilmolinar/beatmo/internal/ui/game_seek.go:124.16,126.3 1 1
github.com/ingyamilmolinar/beatmo/internal/ui/game_seek.go:129.59,131.25 2 1
github.com/ingyamilmolinar/beatmo/internal/ui/game_seek.go:131.25,133.3 1 1
github.com/ingyamilmolinar/beatmo/internal/ui/game_seek.go:134.2,135.10 2 1
github.com/ingyamilmolinar/beatmo/internal/ui/game_seek.go:135.10,136.46 1 1
github.com/ingyamilmolinar/beatmo/internal/ui/game_seek.go:136.46,137.33 1 0
github.com/ingyamilmolinar/beatmo/internal/ui/game_seek.go:137.33,139.5 1 0
github.com/ingyamilmolinar/beatmo/internal/ui/game_seek.go:140.4,140.55 1 0
github.com/ingyamilmolinar/beatmo/internal/ui/game_seek.go:140.55,142.5 1 0
github.com/ingyamilmolinar/beatmo/internal/ui/game_seek.go:144.3,146.43 3 1
github.com/ingyamilmolinar/beatmo/internal/ui/game_seek.go:147.8,150.26 3 1
github.com/ingyamilmolinar/beatmo/internal/ui/game_seek.go:150.26,152.4 1 1
github.com/ingyamilmolinar/beatmo/internal/ui/game_seek.go:153.3,154.18 2 1
github.com/ingyamilmolinar/beatmo/internal/ui/game_seek.go:154.18,159.4 4 1
github.com/ingyamilmolinar/beatmo/internal/ui/game_seek.go:161.2,162.27 2 1
github.com/ingyamilmolinar/beatmo/internal/ui/game_sequencer_highlight.go:8.75,10.28 2 1
github.com/ingyamilmolinar/beatmo/internal/ui/game_sequencer_highlight.go:10.28,13.3 2 1
github.com/ingyamilmolinar/beatmo/internal/ui/game_sequencer_highlight.go:18.2,18.43 1 1
github.com/ingyamilmolinar/beatmo/internal/ui/game_sequencer_highlight.go:18.43,20.29 2 1
github.com/ingyamilmolinar/beatmo/internal/ui/game_sequencer_highlight.go:20.29,22.4 1 1
github.com/ingyamilmolinar/beatmo/internal/ui/game_sequencer_highlight.go:27.2,28.72 2 1
github.com/ingyamilmolinar/beatmo/internal/ui/game_sequencer_highlight.go:28.72,30.3 1 1
github.com/ingyamilmolinar/beatmo/internal/ui/game_sequencer_highlight.go:31.2,33.25 3 1
github.com/ingyamilmolinar/beatmo/internal/ui/game_sequencer_highlight.go:33.25,35.3 1 1
github.com/ingyamilmolinar/beatmo/internal/ui/game_sequencer_highlight.go:35.8,37.3 1 1
github.com/ingyamilmolinar/beatmo/internal/ui/game_sequencer_highlight.go:38.2,38.33 1 1
github.com/ingyamilmolinar/beatmo/internal/ui/game_sequencer_highlight.go:38.33,42.3 3 0
github.com/ingyamilmolinar/beatmo/internal/ui/game_sequencer_highlight.go:43.2,44.26 2 1
github.com/ingyamilmolinar/beatmo/internal/ui/game_sequencer_highlight.go:44.26,46.3 1 1
github.com/ingyamilmolinar/beatmo/internal/ui/game_sequencer_highlight.go:48.2,49.18 2 1
github.com/ingyamilmolinar/beatmo/internal/ui/game_sequencer_highlight.go:49.18,51.3 1 1
github.com/ingyamilmolinar/beatmo/internal/ui/game_sequencer_highlight.go:52.2,53.65 2 1
github.com/ingyamilmolinar/beatmo/internal/ui/game_sequencer_loop.go:13.32,15.26 2 0
github.com/ingyamilmolinar/beatmo/internal/ui/game_sequencer_loop.go:15.26,18.3 1 0
github.com/ingyamilmolinar/beatmo/internal/ui/game_sequencer_loop.go:19.2,19.44 1 0
github.com/ingyamilmolinar/beatmo/internal/ui/game_sequencer_loop.go:19.44,20.55 1 0
github.com/ingyamilmolinar/beatmo/internal/ui/game_sequencer_loop.go:20.55,22.4 1 0
github.com/ingyamilmolinar/beatmo/internal/ui/game_sequencer_loop.go:24.2,26.6 3 0
github.com/ingyamilmolinar/beatmo/internal/ui/game_sequencer_loop.go:26.6,27.10 1 0
github.com/ingyamilmolinar/beatmo/internal/ui/game_sequencer_loop.go:28.20,29.10 1 0
github.com/ingyamilmolinar/beatmo/internal/ui/game_sequencer_loop.go:30.19,31.20 1 0
github.com/ingyamilmolinar/beatmo/internal/ui/game_sequencer_loop.go:31.20,32.13 1 0
github.com/ingyamilmolinar/beatmo/internal/ui/game_sequencer_loop.go:34.4,34.23 1 0
github.com/ingyamilmolinar/beatmo/internal/ui/game_sequencer_loop.go:40.60,47.20 6 1
github.com/ingyamilmolinar/beatmo/internal/ui/game_sequencer_loop.go:47.20,49.3 1 0
github.com/ingyamilmolinar/beatmo/internal/ui/game_sequencer_loop.go:49.8,49.28 1 1
github.com/ingyamilmolinar/beatmo/internal/ui/game_sequencer_loop.go:49.28,51.3 1 0
github.com/ingyamilmolinar/beatmo/internal/ui/game_sequencer_loop.go:52.2,55.14 4 1
github.com/ingyamilmolinar/beatmo/internal/ui/game_sequencer_schedule.go:13.34,14.14 1 1
github.com/ingyamilmolinar/beatmo/internal/ui/game_sequencer_schedule.go:14.14,16.3 1 0
github.com/ingyamilmolinar/beatmo/internal/ui/game_sequencer_schedule.go:17.2,18.24 2 1
github.com/ingyamilmolinar/beatmo/internal/ui/game_sequencer_schedule.go:18.24,21.3 2 0
github.com/ingyamilmolinar/beatmo/internal/ui/game_sequencer_schedule.go:22.2,23.15 2 1
github.com/ingyamilmolinar/beatmo/internal/ui/game_sequencer_schedule.go:23.15,26.3 2 1
github.com/ingyamilmolinar/beatmo/internal/ui/game_sequencer_schedule.go:28.2,34.25 2 1
github.com/ingyamilmolinar/beatmo/internal/ui/game_sequencer_schedule.go:34.25,36.3 1 1
github.com/ingyamilmolinar/beatmo/internal/ui/game_sequencer_schedule.go:38.2,38.19 1 1
github.com/ingyamilmolinar/beatmo/internal/ui/game_sequencer_schedule.go:38.19,40.3 1 0
github.com/ingyamilmolinar/beatmo/internal/ui/game_sequencer_schedule.go:41.2,42.14 2 1
github.com/ingyamilmolinar/beatmo/internal/ui/game_sequencer_schedule.go:42.14,44.3 1 0
github.com/ingyamilmolinar/beatmo/internal/ui/game_sequencer_schedule.go:49.2,50.15 2 1
github.com/ingyamilmolinar/beatmo/internal/ui/game_sequencer_schedule.go:50.15,52.3 1 0
github.com/ingyamilmolinar/beatmo/internal/ui/game_sequencer_schedule.go:53.2,54.17 2 1
github.com/ingyamilmolinar/beatmo/internal/ui/game_sequencer_schedule.go:54.17,56.3 1 0
github.com/ingyamilmolinar/beatmo/internal/ui/game_sequencer_schedule.go:57.2,57.138 1 1
github.com/ingyamilmolinar/beatmo/internal/ui/game_sequencer_schedule.go:57.138,59.3 1 1
github.com/ingyamilmolinar/beatmo/internal/ui/game_sequencer_schedule.go:63.2,64.14 2 1
github.com/ingyamilmolinar/beatmo/internal/ui/game_sequencer_schedule.go:64.14,66.3 1 0
github.com/ingyamilmolinar/beatmo/internal/ui/game_sequencer_schedule.go:67.2,67.54 1 1
github.com/ingyamilmolinar/beatmo/internal/ui/game_sequencer_schedule.go:67.54,70.45 3 1
github.com/ingyamilmolinar/beatmo/internal/ui/game_sequencer_schedule.go:70.45,72.4 1 1
github.com/ingyamilmolinar/beatmo/internal/ui/game_sequencer_schedule.go:73.3,73.32 1 1
github.com/ingyamilmolinar/beatmo/internal/ui/game_sequencer_schedule.go:73.32,75.33 2 1
github.com/ingyamilmolinar/beatmo/internal/ui/game_sequencer_schedule.go:75.33,77.5 1 1
github.com/ingyamilmolinar/beatmo/internal/ui/game_sequencer_schedule.go:78.4,78.29 1 1
github.com/ingyamilmolinar/beatmo/internal/ui/game_sequencer_schedule.go:80.3,80.18 1 1
github.com/ingyamilmolinar/beatmo/internal/ui/game_sequencer_schedule.go:82.2,82.14 1 1
github.com/ingyamilmolinar/beatmo/internal/ui/game_sequencer_schedule.go:82.14,84.3 1 0
github.com/ingyamilmolinar/beatmo/internal/ui/game_sequencer_schedule.go:86.2,88.47 3 1
github.com/ingyamilmolinar/beatmo/internal/ui/game_sequencer_schedule.go:88.47,90.3 1 1
github.com/ingyamilmolinar/beatmo/internal/ui/game_sequencer_schedule.go:90.8,90.66 1 1
github.com/ingyamilmolinar/beatmo/internal/ui/game_sequencer_schedule.go:90.66,92.3 1 1
github.com/ingyamilmolinar/beatmo/internal/ui/game_sequencer_schedule.go:92.8,94.3 1 1
github.com/ingyamilmolinar/beatmo/internal/ui/game_sequencer_schedule.go:95.2,101.44 3 1
github.com/ingyamilmolinar/beatmo/internal/ui/game_sequencer_schedule.go:101.44,112.20 4 1
github.com/ingyamilmolinar/beatmo/internal/ui/game_sequencer_schedule.go:112.20,113.33 1 1
github.com/ingyamilmolinar/beatmo/internal/ui/game_sequencer_schedule.go:113.33,115.5 1 1
github.com/ingyamilmolinar/beatmo/internal/ui/game_sequencer_schedule.go:116.9,118.20 2 1
github.com/ingyamilmolinar/beatmo/internal/ui/game_sequencer_schedule.go:118.20,120.5 1 0
github.com/ingyamilmolinar/beatmo/internal/ui/game_sequencer_schedule.go:121.4,121.33 1 1
github.com/ingyamilmolinar/beatmo/internal/ui/game_sequencer_schedule.go:121.33,123.64 2 1
github.com/ingyamilmolinar/beatmo/internal/ui/game_sequencer_schedule.go:123.64,125.6 1 0
github.com/ingyamilmolinar/beatmo/internal/ui/game_sequencer_schedule.go:126.5,126.42 1 1
github.com/ingyamilmolinar/beatmo/internal/ui/game_sequencer_schedule.go:126.42,128.6 1 0
github.com/ingyamilmolinar/beatmo/internal/ui/game_sequencer_schedule.go:129.5,129.30 1 1
github.com/ingyamilmolinar/beatmo/internal/ui/game_sequencer_schedule.go:133.2,136.23 4 1
github.com/ingyamilmolinar/beatmo/internal/ui/game_sequencer_schedule.go:136.23,138.3 1 0
github.com/ingyamilmolinar/beatmo/internal/ui/game_sequencer_schedule.go:139.2,142.31 2 1
github.com/ingyamilmolinar/beatmo/internal/ui/game_sequencer_schedule.go:142.31,143.30 1 1
github.com/ingyamilmolinar/beatmo/internal/ui/game_sequencer_schedule.go:143.30,144.9 1 0
github.com/ingyamilmolinar/beatmo/internal/ui/game_sequencer_schedule.go:146.3,146.32 1 1
github.com/ingyamilmolinar/beatmo/internal/ui/game_sequencer_schedule.go:146.32,148.33 2 0
github.com/ingyamilmolinar/beatmo/internal/ui/game_sequencer_schedule.go:148.33,149.10 1 0
github.com/ingyamilmolinar/beatmo/internal/ui/game_sequencer_schedule.go:157.3,157.47 1 1
github.com/ingyamilmolinar/beatmo/internal/ui/game_sequencer_schedule.go:157.47,159.17 2 1
github.com/ingyamilmolinar/beatmo/internal/ui/game_sequencer_schedule.go:159.17,161.5 1 1
github.com/ingyamilmolinar/beatmo/internal/ui/game_sequencer_schedule.go:162.4,162.37 1 1
github.com/ingyamilmolinar/beatmo/internal/ui/game_sequencer_schedule.go:162.37,166.5 1 1
github.com/ingyamilmolinar/beatmo/internal/ui/game_sequencer_schedule.go:167.4,167.34 1 1
github.com/ingyamilmolinar/beatmo/internal/ui/game_sequencer_schedule.go:167.34,169.5 1 1
github.com/ingyamilmolinar/beatmo/internal/ui/game_sequencer_schedule.go:171.3,173.62 3 1
github.com/ingyamilmolinar/beatmo/internal/ui/game_sequencer_schedule.go:173.62,176.4 2 1
github.com/ingyamilmolinar/beatmo/internal/ui/game_sequencer_schedule.go:177.3,177.36 1 1
github.com/ingyamilmolinar/beatmo/internal/ui/game_sequencer_schedule.go:177.36,178.31 1 1
github.com/ingyamilmolinar/beatmo/internal/ui/game_sequencer_schedule.go:178.31,179.10 1 0
github.com/ingyamilmolinar/beatmo/internal/ui/game_sequencer_schedule.go:181.4,181.18 1 1
github.com/ingyamilmolinar/beatmo/internal/ui/game_sequencer_schedule.go:181.18,182.10 1 1
github.com/ingyamilmolinar/beatmo/internal/ui/game_sequencer_schedule.go:184.4,189.43 6 1
github.com/ingyamilmolinar/beatmo/internal/ui/game_sequencer_schedule.go:189.43,192.17 3 1
github.com/ingyamilmolinar/beatmo/internal/ui/game_sequencer_schedule.go:192.17,194.31 2 1
github.com/ingyamilmolinar/beatmo/internal/ui/game_sequencer_schedule.go:194.31,196.7 1 0
github.com/ingyamilmolinar/beatmo/internal/ui/game_sequencer_schedule.go:197.6,199.23 3 1
github.com/ingyamilmolinar/beatmo/internal/ui/game_sequencer_schedule.go:199.23,201.7 1 0
github.com/ingyamilmolinar/beatmo/internal/ui/game_sequencer_schedule.go:202.6,202.14 1 1
github.com/ingyamilmolinar/beatmo/internal/ui/game_sequencer_schedule.go:204.5,204.69 1 1
github.com/ingyamilmolinar/beatmo/internal/ui/game_sequencer_schedule.go:204.69,206.6 1 1
github.com/ingyamilmolinar/beatmo/internal/ui/game_sequencer_schedule.go:207.5,208.30 2 1
github.com/ingyamilmolinar/beatmo/internal/ui/game_sequencer_schedule.go:208.30,210.6 1 0
github.com/ingyamilmolinar/beatmo/internal/ui/game_sequencer_schedule.go:211.5,211.41 1 1
github.com/ingyamilmolinar/beatmo/internal/ui/game_sequencer_schedule.go:211.41,213.6 1 0
github.com/ingyamilmolinar/beatmo/internal/ui/game_sequencer_schedule.go:214.5,216.28 3 1
github.com/ingyamilmolinar/beatmo/internal/ui/game_sequencer_schedule.go:216.28,218.6 1 1
github.com/ingyamilmolinar/beatmo/internal/ui/game_sequencer_schedule.go:218.11,220.6 1 0
github.com/ingyamilmolinar/beatmo/internal/ui/game_sequencer_schedule.go:221.5,221.51 1 1
github.com/ingyamilmolinar/beatmo/internal/ui/game_sequencer_schedule.go:221.51,223.6 1 0
github.com/ingyamilmolinar/beatmo/internal/ui/game_sequencer_schedule.go:223.11,224.13 1 1
github.com/ingyamilmolinar/beatmo/internal/ui/game_sequencer_schedule.go:228.40,228.40 0 1
github.com/ingyamilmolinar/beatmo/internal/ui/game_sequencer_schedule.go:229.14,229.14 0 0
github.com/ingyamilmolinar/beatmo/internal/ui/game_sequencer_schedule.go:232.5,234.22 3 1
github.com/ingyamilmolinar/beatmo/internal/ui/game_sequencer_schedule.go:234.22,236.6 1 0
github.com/ingyamilmolinar/beatmo/internal/ui/game_sequencer_schedule.go:237.5,237.13 1 1
github.com/ingyamilmolinar/beatmo/internal/ui/game_sequencer_schedule.go:239.4,243.19 5 1
github.com/ingyamilmolinar/beatmo/internal/ui/game_sequencer_schedule.go:243.19,244.80 1 1
github.com/ingyamilmolinar/beatmo/internal/ui/game_sequencer_schedule.go:244.80,245.41 1 1
github.com/ingyamilmolinar/beatmo/internal/ui/game_sequencer_schedule.go:245.41,247.7 1 0
github.com/ingyamilmolinar/beatmo/internal/ui/game_sequencer_schedule.go:248.6,249.23 2 1
github.com/ingyamilmolinar/beatmo/internal/ui/game_sequencer_schedule.go:249.23,252.7 2 0
github.com/ingyamilmolinar/beatmo/internal/ui/game_sequencer_schedule.go:253.6,253.68 1 1
github.com/ingyamilmolinar/beatmo/internal/ui/game_sequencer_schedule.go:253.68,262.7 3 1
github.com/ingyamilmolinar/beatmo/internal/ui/game_sequencer_schedule.go:265.4,265.79 1 1
github.com/ingyamilmolinar/beatmo/internal/ui/game_sequencer_schedule.go:265.79,267.5 1 1
github.com/ingyamilmolinar/beatmo/internal/ui/game_sequencer_schedule.go:268.4,270.27 3 1
github.com/ingyamilmolinar/beatmo/internal/ui/game_sequencer_schedule.go:270.27,272.35 2 1
github.com/ingyamilmolinar/beatmo/internal/ui/game_sequencer_schedule.go:272.35,273.16 1 1
github.com/ingyamilmolinar/beatmo/internal/ui/game_sequencer_schedule.go:273.16,275.12 2 0
github.com/ingyamilmolinar/beatmo/internal/ui/game_sequencer_schedule.go:278.5,278.70 1 1
github.com/ingyamilmolinar/beatmo/internal/ui/game_sequencer_schedule.go:278.70,282.23 4 1
github.com/ingyamilmolinar/beatmo/internal/ui/game_sequencer_schedule.go:282.23,284.7 1 1
github.com/ingyamilmolinar/beatmo/internal/ui/game_sequencer_schedule.go:285.6,285.14 1 1
github.com/ingyamilmolinar/beatmo/internal/ui/game_sequencer_schedule.go:287.5,287.47 1 1
github.com/ingyamilmolinar/beatmo/internal/ui/game_sequencer_schedule.go:287.47,288.68 1 1
github.com/ingyamilmolinar/beatmo/internal/ui/game_sequencer_schedule.go:288.68,291.32 3 1
github.com/ingyamilmolinar/beatmo/internal/ui/game_sequencer_schedule.go:291.32,293.8 1 0
github.com/ingyamilmolinar/beatmo/internal/ui/game_sequencer_schedule.go:294.7,296.24 3 1
github.com/ingyamilmolinar/beatmo/internal/ui/game_sequencer_schedule.go:296.24,298.8 1 0
github.com/ingyamilmolinar/beatmo/internal/ui/game_sequencer_schedule.go:299.7,299.15 1 1
github.com/ingyamilmolinar/beatmo/internal/ui/game_sequencer_schedule.go:301.6,302.33 2 1
github.com/ingyamilmolinar/beatmo/internal/ui/game_sequencer_schedule.go:302.33,303.65 1 1
github.com/ingyamilmolinar/beatmo/internal/ui/game_sequencer_schedule.go:303.65,305.8 1 1
github.com/ingyamilmolinar/beatmo/internal/ui/game_sequencer_schedule.go:307.6,307.74 1 1
github.com/ingyamilmolinar/beatmo/internal/ui/game_sequencer_schedule.go:307.74,315.7 4 1
github.com/ingyamilmolinar/beatmo/internal/ui/game_sequencer_schedule.go:315.12,316.22 1 1
github.com/ingyamilmolinar/beatmo/internal/ui/game_sequencer_schedule.go:316.22,318.8 1 1
github.com/ingyamilmolinar/beatmo/internal/ui/game_sequencer_schedule.go:319.7,319.76 1 1
github.com/ingyamilmolinar/beatmo/internal/ui/game_sequencer_schedule.go:321.6,321.31 1 1
github.com/ingyamilmolinar/beatmo/internal/ui/game_sequencer_schedule.go:321.31,323.7 1 1
github.com/ingyamilmolinar/beatmo/internal/ui/game_sequencer_schedule.go:324.6,324.42 1 1
github.com/ingyamilmolinar/beatmo/internal/ui/game_sequencer_schedule.go:324.42,326.7 1 1
github.com/ingyamilmolinar/beatmo/internal/ui/game_sequencer_schedule.go:327.6,328.52 2 1
github.com/ingyamilmolinar/beatmo/internal/ui/game_sequencer_schedule.go:328.52,330.7 1 0
github.com/ingyamilmolinar/beatmo/internal/ui/game_sequencer_schedule.go:330.12,331.14 1 1
github.com/ingyamilmolinar/beatmo/internal/ui/game_sequencer_schedule.go:335.41,335.41 0 1
github.com/ingyamilmolinar/beatmo/internal/ui/game_sequencer_schedule.go:336.15,336.15 0 1
github.com/ingyamilmolinar/beatmo/internal/ui/game_sequencer_schedule.go:339.11,341.6 1 0
github.com/ingyamilmolinar/beatmo/internal/ui/game_sequencer_schedule.go:342.10,344.5 1 1
github.com/ingyamilmolinar/beatmo/internal/ui/game_sequencer_schedule.go:345.4,345.16 1 1
github.com/ingyamilmolinar/beatmo/internal/ui/game_sequencer_schedule.go:345.16,347.5 1 1
github.com/ingyamilmolinar/beatmo/internal/ui/game_sequencer_schedule.go:348.4,349.21 2 1
github.com/ingyamilmolinar/beatmo/internal/ui/game_sequencer_schedule.go:349.21,351.5 1 1
github.com/ingyamilmolinar/beatmo/internal/ui/game_subdivisions.go:14.45,15.50 1 1
github.com/ingyamilmolinar/beatmo/internal/ui/game_subdivisions.go:15.50,17.3 1 1
github.com/ingyamilmolinar/beatmo/internal/ui/game_subdivisions.go:18.2,19.19 2 1
github.com/ingyamilmolinar/beatmo/internal/ui/game_subdivisions.go:19.19,21.3 1 1
github.com/ingyamilmolinar/beatmo/internal/ui/game_subdivisions.go:22.2,25.25 3 1
github.com/ingyamilmolinar/beatmo/internal/ui/game_subdivisions.go:25.25,26.13 1 1
github.com/ingyamilmolinar/beatmo/internal/ui/game_subdivisions.go:26.13,28.4 1 1
github.com/ingyamilmolinar/beatmo/internal/ui/game_subdivisions.go:31.2,31.22 1 1
github.com/ingyamilmolinar/beatmo/internal/ui/game_subdivisions.go:31.22,32.22 1 1
github.com/ingyamilmolinar/beatmo/internal/ui/game_subdivisions.go:33.10,35.21 2 1
github.com/ingyamilmolinar/beatmo/internal/ui/game_subdivisions.go:36.10,38.22 2 1
github.com/ingyamilmolinar/beatmo/internal/ui/game_subdivisions.go:39.10,41.22 2 1
github.com/ingyamilmolinar/beatmo/internal/ui/game_subdivisions.go:42.10,44.22 2 1
github.com/ingyamilmolinar/beatmo/internal/ui/game_subdivisions.go:45.11,47.22 2 1
github.com/ingyamilmolinar/beatmo/internal/ui/game_subdivisions.go:48.11,50.21 2 1
github.com/ingyamilmolinar/beatmo/internal/ui/game_subdivisions.go:51.11,52.21 1 0
github.com/ingyamilmolinar/beatmo/internal/ui/game_subdivisions.go:60.2,60.38 1 1
github.com/ingyamilmolinar/beatmo/internal/ui/game_subdivisions.go:60.38,61.43 1 1
github.com/ingyamilmolinar/beatmo/internal/ui/game_subdivisions.go:61.43,62.12 1 0
github.com/ingyamilmolinar/beatmo/internal/ui/game_subdivisions.go:65.3,76.28 7 1
github.com/ingyamilmolinar/beatmo/internal/ui/game_subdivisions.go:79.2,79.16 1 1
github.com/ingyamilmolinar/beatmo/internal/ui/game_subdivisions.go:79.16,83.30 4 1
github.com/ingyamilmolinar/beatmo/internal/ui/game_subdivisions.go:83.30,84.34 1 1
github.com/ingyamilmolinar/beatmo/internal/ui/game_subdivisions.go:84.34,86.5 1 1
github.com/ingyamilmolinar/beatmo/internal/ui/game_subdivisions.go:88.3,88.30 1 1
github.com/ingyamilmolinar/beatmo/internal/ui/game_subdivisions.go:88.30,89.49 1 1
github.com/ingyamilmolinar/beatmo/internal/ui/game_subdivisions.go:89.49,91.5 1 1
github.com/ingyamilmolinar/beatmo/internal/ui/game_subdivisions.go:92.4,92.39 1 1
github.com/ingyamilmolinar/beatmo/internal/ui/game_subdivisions.go:95.3,98.25 4 1
github.com/ingyamilmolinar/beatmo/internal/ui/game_subdivisions.go:100.2,105.29 3 1
github.com/ingyamilmolinar/beatmo/internal/ui/game_subdivisions.go:105.29,106.42 1 1
github.com/ingyamilmolinar/beatmo/internal/ui/game_subdivisions.go:106.42,109.4 2 1
github.com/ingyamilmolinar/beatmo/internal/ui/game_subdivisions.go:111.2,111.19 1 1
github.com/ingyamilmolinar/beatmo/internal/ui/game_subdivisions.go:111.19,113.32 2 1
github.com/ingyamilmolinar/beatmo/internal/ui/game_subdivisions.go:113.32,115.4 1 1
github.com/ingyamilmolinar/beatmo/internal/ui/game_subdivisions.go:117.2,122.48 3 1
github.com/ingyamilmolinar/beatmo/internal/ui/game_subdivisions.go:122.48,124.3 1 1
github.com/ingyamilmolinar/beatmo/internal/ui/game_subdivisions.go:125.2,125.35 1 1
github.com/ingyamilmolinar/beatmo/internal/ui/game_subdivisions.go:125.35,127.3 1 1
github.com/ingyamilmolinar/beatmo/internal/ui/game_subdivisions.go:128.2,130.12 3 1
github.com/ingyamilmolinar/beatmo/internal/ui/game_subdivisions.go:134.50,135.44 1 1
github.com/ingyamilmolinar/beatmo/internal/ui/game_subdivisions.go:135.44,137.3 1 0
github.com/ingyamilmolinar/beatmo/internal/ui/game_subdivisions.go:138.2,138.17 1 1
github.com/ingyamilmolinar/beatmo/internal/ui/game_subdivisions.go:138.17,140.3 1 1
github.com/ingyamilmolinar/beatmo/internal/ui/game_subdivisions.go:141.2,142.19 2 1
github.com/ingyamilmolinar/beatmo/internal/ui/game_subdivisions.go:142.19,144.3 1 1
github.com/ingyamilmolinar/beatmo/internal/ui/game_subdivisions.go:149.2,149.16 1 1
github.com/ingyamilmolinar/beatmo/internal/ui/game_subdivisions.go:149.16,150.20 1 1
github.com/ingyamilmolinar/beatmo/internal/ui/game_subdivisions.go:150.20,152.4 1 0
github.com/ingyamilmolinar/beatmo/internal/ui/game_subdivisions.go:153.3,154.39 2 1
github.com/ingyamilmolinar/beatmo/internal/ui/game_subdivisions.go:154.39,155.44 1 1
github.com/ingyamilmolinar/beatmo/internal/ui/game_subdivisions.go:155.44,156.13 1 0
github.com/ingyamilmolinar/beatmo/internal/ui/game_subdivisions.go:158.4,158.44 1 1
github.com/ingyamilmolinar/beatmo/internal/ui/game_subdivisions.go:158.44,160.5 1 1
github.com/ingyamilmolinar/beatmo/internal/ui/game_subdivisions.go:163.2,163.12 1 1
github.com/ingyamilmolinar/beatmo/internal/ui/game_subdivisions.go:175.78,180.31 2 1
github.com/ingyamilmolinar/beatmo/internal/ui/game_subdivisions.go:180.31,182.3 1 1
github.com/ingyamilmolinar/beatmo/internal/ui/game_subdivisions.go:185.2,187.14 3 1
github.com/ingyamilmolinar/beatmo/internal/ui/game_subdivisions.go:187.14,189.3 1 0
github.com/ingyamilmolinar/beatmo/internal/ui/game_subdivisions.go:190.2,191.52 2 1
github.com/ingyamilmolinar/beatmo/internal/ui/game_subdivisions.go:191.52,192.14 1 1
github.com/ingyamilmolinar/beatmo/internal/ui/game_subdivisions.go:192.14,194.4 1 0
github.com/ingyamilmolinar/beatmo/internal/ui/game_subdivisions.go:195.3,195.14 1 1
github.com/ingyamilmolinar/beatmo/internal/ui/game_subdivisions.go:195.14,197.4 1 0
github.com/ingyamilmolinar/beatmo/internal/ui/game_subdivisions.go:198.3,199.32 2 1
github.com/ingyamilmolinar/beatmo/internal/ui/game_subdivisions.go:200.16,201.12 1 1
github.com/ingyamilmolinar/beatmo/internal/ui/game_subdivisions.go:202.15,203.13 1 1
github.com/ingyamilmolinar/beatmo/internal/ui/game_subdivisions.go:204.11,205.12 1 0
github.com/ingyamilmolinar/beatmo/internal/ui/game_subdivisions.go:209.2,209.40 1 1
github.com/ingyamilmolinar/beatmo/internal/ui/game_subdivisions.go:209.40,210.47 1 1
github.com/ingyamilmolinar/beatmo/internal/ui/game_subdivisions.go:210.47,211.60 1 1
github.com/ingyamilmolinar/beatmo/internal/ui/game_subdivisions.go:211.60,213.5 1 1
github.com/ingyamilmolinar/beatmo/internal/ui/game_subdivisions.go:222.2,223.52 2 1
github.com/ingyamilmolinar/beatmo/internal/ui/game_subdivisions.go:223.52,225.79 2 1
github.com/ingyamilmolinar/beatmo/internal/ui/game_subdivisions.go:225.79,226.12 1 1
github.com/ingyamilmolinar/beatmo/internal/ui/game_subdivisions.go:228.3,228.45 1 1
github.com/ingyamilmolinar/beatmo/internal/ui/game_subdivisions.go:228.45,229.60 1 1
github.com/ingyamilmolinar/beatmo/internal/ui/game_subdivisions.go:229.60,231.5 1 0
github.com/ingyamilmolinar/beatmo/internal/ui/game_subdivisions.go:234.2,234.10 1 1
github.com/ingyamilmolinar/beatmo/internal/ui/game_sync_ui.go:15.31,16.18 1 1
github.com/ingyamilmolinar/beatmo/internal/ui/game_sync_ui.go:16.18,18.3 1 0
github.com/ingyamilmolinar/beatmo/internal/ui/game_sync_ui.go:19.2,20.14 2 1
github.com/ingyamilmolinar/beatmo/internal/ui/game_sync_ui.go:20.14,22.3 1 0
github.com/ingyamilmolinar/beatmo/internal/ui/game_sync_ui.go:25.2,25.34 1 1
github.com/ingyamilmolinar/beatmo/internal/ui/game_sync_ui.go:25.34,26.27 1 1
github.com/ingyamilmolinar/beatmo/internal/ui/game_sync_ui.go:26.27,28.4 1 1
github.com/ingyamilmolinar/beatmo/internal/ui/game_sync_ui.go:29.3,30.30 2 0
github.com/ingyamilmolinar/beatmo/internal/ui/game_sync_ui.go:30.30,32.4 1 0
github.com/ingyamilmolinar/beatmo/internal/ui/game_sync_ui.go:35.2,36.14 2 1
github.com/ingyamilmolinar/beatmo/internal/ui/game_sync_ui.go:36.14,38.3 1 0
github.com/ingyamilmolinar/beatmo/internal/ui/game_sync_ui.go:39.2,39.14 1 1
github.com/ingyamilmolinar/beatmo/internal/ui/game_sync_ui.go:39.14,41.3 1 0
github.com/ingyamilmolinar/beatmo/internal/ui/game_sync_ui.go:42.2,44.47 3 1
github.com/ingyamilmolinar/beatmo/internal/ui/game_sync_ui.go:44.47,46.3 1 1
github.com/ingyamilmolinar/beatmo/internal/ui/game_sync_ui.go:46.8,46.66 1 1
github.com/ingyamilmolinar/beatmo/internal/ui/game_sync_ui.go:46.66,48.3 1 1
github.com/ingyamilmolinar/beatmo/internal/ui/game_sync_ui.go:48.8,50.3 1 0
github.com/ingyamilmolinar/beatmo/internal/ui/game_sync_ui.go:51.2,55.16 4 1
github.com/ingyamilmolinar/beatmo/internal/ui/game_sync_ui.go:55.16,57.3 1 0
github.com/ingyamilmolinar/beatmo/internal/ui/game_sync_ui.go:59.2,59.45 1 1
github.com/ingyamilmolinar/beatmo/internal/ui/game_sync_ui.go:59.45,61.3 1 0
github.com/ingyamilmolinar/beatmo/internal/ui/game_sync_ui.go:62.2,62.31 1 1
github.com/ingyamilmolinar/beatmo/internal/ui/game_sync_ui.go:62.31,64.70 1 1
github.com/ingyamilmolinar/beatmo/internal/ui/game_sync_ui.go:64.70,65.12 1 1
github.com/ingyamilmolinar/beatmo/internal/ui/game_sync_ui.go:67.3,68.15 2 1
github.com/ingyamilmolinar/beatmo/internal/ui/game_sync_ui.go:68.15,79.16 10 1
github.com/ingyamilmolinar/beatmo/internal/ui/game_sync_ui.go:79.16,81.5 1 1
github.com/ingyamilmolinar/beatmo/internal/ui/game_sync_ui.go:82.4,91.40 3 1
github.com/ingyamilmolinar/beatmo/internal/ui/game_sync_ui.go:91.40,93.5 1 1
github.com/ingyamilmolinar/beatmo/internal/ui/game_sync_ui.go:94.9,94.33 1 1
github.com/ingyamilmolinar/beatmo/internal/ui/game_sync_ui.go:94.33,109.16 14 1
github.com/ingyamilmolinar/beatmo/internal/ui/game_sync_ui.go:109.16,111.5 1 1
github.com/ingyamilmolinar/beatmo/internal/ui/game_sync_ui.go:112.4,112.20 1 1
github.com/ingyamilmolinar/beatmo/internal/ui/game_sync_ui.go:115.3,115.49 1 1
github.com/ingyamilmolinar/beatmo/internal/ui/game_sync_ui.go:115.49,117.37 2 1
github.com/ingyamilmolinar/beatmo/internal/ui/game_sync_ui.go:117.37,119.5 1 1
github.com/ingyamilmolinar/beatmo/internal/ui/game_sync_ui.go:121.3,124.32 3 1
github.com/ingyamilmolinar/beatmo/internal/ui/game_sync_ui.go:124.32,126.40 2 1
github.com/ingyamilmolinar/beatmo/internal/ui/game_sync_ui.go:126.40,128.5 1 1
github.com/ingyamilmolinar/beatmo/internal/ui/game_sync_ui.go:130.3,130.26 1 1
github.com/ingyamilmolinar/beatmo/internal/ui/game_sync_ui.go:130.26,132.52 2 1
github.com/ingyamilmolinar/beatmo/internal/ui/game_sync_ui.go:132.52,134.5 1 1
github.com/ingyamilmolinar/beatmo/internal/ui/game_sync_ui.go:135.4,135.46 1 1
github.com/ingyamilmolinar/beatmo/internal/ui/game_sync_ui.go:135.46,138.53 3 1
github.com/ingyamilmolinar/beatmo/internal/ui/game_sync_ui.go:138.53,139.25 1 1
github.com/ingyamilmolinar/beatmo/internal/ui/game_sync_ui.go:140.30,141.50 1 1
github.com/ingyamilmolinar/beatmo/internal/ui/game_sync_ui.go:142.14,143.48 1 1
github.com/ingyamilmolinar/beatmo/internal/ui/game_sync_ui.go:150.5,150.85 1 1
github.com/ingyamilmolinar/beatmo/internal/ui/game_sync_ui.go:152.4,152.41 1 1
github.com/ingyamilmolinar/beatmo/internal/ui/game_sync_ui.go:156.3,158.16 3 1
github.com/ingyamilmolinar/beatmo/internal/ui/game_sync_ui.go:158.16,160.4 1 0
github.com/ingyamilmolinar/beatmo/internal/ui/game_sync_ui.go:161.3,161.22 1 1
github.com/ingyamilmolinar/beatmo/internal/ui/game_sync_ui.go:161.22,163.4 1 0
github.com/ingyamilmolinar/beatmo/internal/ui/game_sync_ui.go:164.3,165.12 2 1
github.com/ingyamilmolinar/beatmo/internal/ui/game_sync_ui.go:165.12,167.4 1 0
github.com/ingyamilmolinar/beatmo/internal/ui/game_sync_ui.go:167.9,167.23 1 1
github.com/ingyamilmolinar/beatmo/internal/ui/game_sync_ui.go:167.23,169.4 1 0
github.com/ingyamilmolinar/beatmo/internal/ui/game_sync_ui.go:172.3,172.58 1 1
github.com/ingyamilmolinar/beatmo/internal/ui/game_sync_ui.go:172.58,174.4 1 1
github.com/ingyamilmolinar/beatmo/internal/ui/game_sync_ui.go:175.3,178.15 3 1
github.com/ingyamilmolinar/beatmo/internal/ui/game_sync_ui.go:178.15,182.20 4 1
github.com/ingyamilmolinar/beatmo/internal/ui/game_sync_ui.go:182.20,184.5 1 0
github.com/ingyamilmolinar/beatmo/internal/ui/game_sync_ui.go:185.4,187.40 3 1
github.com/ingyamilmolinar/beatmo/internal/ui/game_sync_ui.go:189.3,190.63 2 1
github.com/ingyamilmolinar/beatmo/internal/ui/game_sync_ui.go:194.44,202.30 5 1
github.com/ingyamilmolinar/beatmo/internal/ui/game_sync_ui.go:202.30,205.72 2 1
github.com/ingyamilmolinar/beatmo/internal/ui/game_sync_ui.go:205.72,207.26 2 1
github.com/ingyamilmolinar/beatmo/internal/ui/game_sync_ui.go:207.26,210.38 3 1
github.com/ingyamilmolinar/beatmo/internal/ui/game_sync_ui.go:210.38,212.126 2 1
github.com/ingyamilmolinar/beatmo/internal/ui/game_sync_ui.go:214.5,215.30 2 1
github.com/ingyamilmolinar/beatmo/internal/ui/game_sync_ui.go:215.30,217.40 2 1
github.com/ingyamilmolinar/beatmo/internal/ui/game_sync_ui.go:217.40,219.7 1 1
github.com/ingyamilmolinar/beatmo/internal/ui/game_sync_ui.go:220.6,220.31 1 1
github.com/ingyamilmolinar/beatmo/internal/ui/game_sync_ui.go:222.5,222.38 1 1
github.com/ingyamilmolinar/beatmo/internal/ui/game_sync_ui.go:227.2,227.45 1 1
github.com/ingyamilmolinar/beatmo/internal/ui/game_sync_ui.go:227.45,229.3 1 0
github.com/ingyamilmolinar/beatmo/internal/ui/game_sync_ui.go:230.2,234.71 2 1
github.com/ingyamilmolinar/beatmo/internal/ui/game_sync_ui.go:234.71,237.3 2 1
github.com/ingyamilmolinar/beatmo/internal/ui/game_sync_ui.go:238.2,239.16 2 1
github.com/ingyamilmolinar/beatmo/internal/ui/game_sync_ui.go:239.16,241.3 1 1
github.com/ingyamilmolinar/beatmo/internal/ui/game_sync_ui.go:242.2,249.28 4 1
github.com/ingyamilmolinar/beatmo/internal/ui/game_sync_ui.go:249.28,250.27 1 1
github.com/ingyamilmolinar/beatmo/internal/ui/game_sync_ui.go:250.27,252.4 1 1
github.com/ingyamilmolinar/beatmo/internal/ui/game_sync_ui.go:252.9,254.4 1 1
github.com/ingyamilmolinar/beatmo/internal/ui/game_sync_ui.go:258.2,259.17 2 1
github.com/ingyamilmolinar/beatmo/internal/ui/game_sync_ui.go:259.17,260.27 1 1
github.com/ingyamilmolinar/beatmo/internal/ui/game_sync_ui.go:260.27,262.4 1 1
github.com/ingyamilmolinar/beatmo/internal/ui/game_sync_ui.go:262.9,264.4 1 0
github.com/ingyamilmolinar/beatmo/internal/ui/game_sync_ui.go:266.2,266.66 1 1
github.com/ingyamilmolinar/beatmo/internal/ui/game_sync_ui.go:266.66,268.3 1 1
github.com/ingyamilmolinar/beatmo/internal/ui/game_sync_ui.go:269.2,273.118 3 1
github.com/ingyamilmolinar/beatmo/internal/ui/game_sync_ui.go:273.118,275.68 2 0
github.com/ingyamilmolinar/beatmo/internal/ui/game_sync_ui.go:275.68,277.4 1 0
github.com/ingyamilmolinar/beatmo/internal/ui/game_sync_ui.go:278.3,278.20 1 0
github.com/ingyamilmolinar/beatmo/internal/ui/game_sync_ui.go:278.20,281.4 2 0
github.com/ingyamilmolinar/beatmo/internal/ui/game_sync_ui.go:283.2,294.16 10 1
github.com/ingyamilmolinar/beatmo/internal/ui/game_sync_ui.go:294.16,296.3 1 1
github.com/ingyamilmolinar/beatmo/internal/ui/game_sync_ui.go:297.2,300.13 3 1
github.com/ingyamilmolinar/beatmo/internal/ui/game_test_registry.go:5.40,5.41 0 0
github.com/ingyamilmolinar/beatmo/internal/ui/game_tick_highlight.go:9.54,11.12 2 1
github.com/ingyamilmolinar/beatmo/internal/ui/game_tick_highlight.go:11.12,13.3 1 1
github.com/ingyamilmolinar/beatmo/internal/ui/game_tick_highlight.go:14.2,14.12 1 1
github.com/ingyamilmolinar/beatmo/internal/ui/game_tick_highlight.go:17.38,19.2 1 1
github.com/ingyamilmolinar/beatmo/internal/ui/game_tick_highlight.go:21.38,23.2 1 1
github.com/ingyamilmolinar/beatmo/internal/ui/game_tick_highlight.go:25.33,28.15 2 1
github.com/ingyamilmolinar/beatmo/internal/ui/game_tick_highlight.go:28.15,29.32 1 1
github.com/ingyamilmolinar/beatmo/internal/ui/game_tick_highlight.go:29.32,30.33 1 1
github.com/ingyamilmolinar/beatmo/internal/ui/game_tick_highlight.go:30.33,31.35 1 1
github.com/ingyamilmolinar/beatmo/internal/ui/game_tick_highlight.go:31.35,32.14 1 0
github.com/ingyamilmolinar/beatmo/internal/ui/game_tick_highlight.go:34.5,34.66 1 1
github.com/ingyamilmolinar/beatmo/internal/ui/game_tick_highlight.go:34.66,35.14 1 0
github.com/ingyamilmolinar/beatmo/internal/ui/game_tick_highlight.go:37.5,37.50 1 1
github.com/ingyamilmolinar/beatmo/internal/ui/game_tick_highlight.go:43.81,45.16 2 1
github.com/ingyamilmolinar/beatmo/internal/ui/game_tick_highlight.go:45.16,46.57 1 1
github.com/ingyamilmolinar/beatmo/internal/ui/game_tick_highlight.go:46.57,48.4 1 0
github.com/ingyamilmolinar/beatmo/internal/ui/game_tick_highlight.go:49.3,49.55 1 1
github.com/ingyamilmolinar/beatmo/internal/ui/game_tick_highlight.go:49.55,51.78 2 1
github.com/ingyamilmolinar/beatmo/internal/ui/game_tick_highlight.go:51.78,53.5 1 1
github.com/ingyamilmolinar/beatmo/internal/ui/game_tick_highlight.go:56.2,57.40 2 1
github.com/ingyamilmolinar/beatmo/internal/ui/game_tick_highlight.go:57.40,58.53 1 1
github.com/ingyamilmolinar/beatmo/internal/ui/game_tick_highlight.go:58.53,60.9 2 1
github.com/ingyamilmolinar/beatmo/internal/ui/game_tick_highlight.go:60.9,62.5 1 1
github.com/ingyamilmolinar/beatmo/internal/ui/game_tick_highlight.go:65.2,65.71 1 1
github.com/ingyamilmolinar/beatmo/internal/ui/game_tick_highlight.go:65.71,67.3 1 0
github.com/ingyamilmolinar/beatmo/internal/ui/game_tick_highlight.go:68.2,68.16 1 1
github.com/ingyamilmolinar/beatmo/internal/ui/game_tick_highlight.go:68.16,69.41 1 1
github.com/ingyamilmolinar/beatmo/internal/ui/game_tick_highlight.go:69.41,71.4 1 1
github.com/ingyamilmolinar/beatmo/internal/ui/game_tick_highlight.go:72.3,72.42 1 1
github.com/ingyamilmolinar/beatmo/internal/ui/game_tick_highlight.go:72.42,74.4 1 1
github.com/ingyamilmolinar/beatmo/internal/ui/game_tick_highlight.go:75.3,75.9 1 1
github.com/ingyamilmolinar/beatmo/internal/ui/game_tick_highlight.go:78.2,80.40 3 1
github.com/ingyamilmolinar/beatmo/internal/ui/game_tick_highlight.go:80.40,82.3 1 1
github.com/ingyamilmolinar/beatmo/internal/ui/game_tick_highlight.go:83.2,83.26 1 1
github.com/ingyamilmolinar/beatmo/internal/ui/game_tick_highlight.go:83.26,84.13 1 1
github.com/ingyamilmolinar/beatmo/internal/ui/game_tick_highlight.go:84.13,86.4 1 0
github.com/ingyamilmolinar/beatmo/internal/ui/game_tick_highlight.go:87.3,87.9 1 1
github.com/ingyamilmolinar/beatmo/internal/ui/game_tick_highlight.go:89.2,90.82 2 1
github.com/ingyamilmolinar/beatmo/internal/ui/game_tick_highlight.go:90.82,91.66 1 0
github.com/ingyamilmolinar/beatmo/internal/ui/game_tick_highlight.go:91.66,93.36 1 0
github.com/ingyamilmolinar/beatmo/internal/ui/game_tick_highlight.go:93.36,95.37 2 0
github.com/ingyamilmolinar/beatmo/internal/ui/game_tick_highlight.go:95.37,97.6 1 0
github.com/ingyamilmolinar/beatmo/internal/ui/game_tick_highlight.go:99.4,99.36 1 0
github.com/ingyamilmolinar/beatmo/internal/ui/game_tick_highlight.go:99.36,102.5 2 0
github.com/ingyamilmolinar/beatmo/internal/ui/game_tick_highlight.go:105.2,105.12 1 1
github.com/ingyamilmolinar/beatmo/internal/ui/game_tick_highlight.go:105.12,109.3 3 0
github.com/ingyamilmolinar/beatmo/internal/ui/game_tick_highlight.go:110.2,110.44 1 1
github.com/ingyamilmolinar/beatmo/internal/ui/game_tick_highlight.go:110.44,112.3 1 1
github.com/ingyamilmolinar/beatmo/internal/ui/game_tick_highlight.go:113.2,113.29 1 1
github.com/ingyamilmolinar/beatmo/internal/ui/game_tick_highlight.go:113.29,115.3 1 0
github.com/ingyamilmolinar/beatmo/internal/ui/game_tick_highlight.go:118.2,119.40 2 1
github.com/ingyamilmolinar/beatmo/internal/ui/game_tick_highlight.go:119.40,121.3 1 1
github.com/ingyamilmolinar/beatmo/internal/ui/game_tick_highlight.go:122.2,122.102 1 1
github.com/ingyamilmolinar/beatmo/internal/ui/game_tick_highlight.go:122.102,125.3 2 0
github.com/ingyamilmolinar/beatmo/internal/ui/game_tick_highlight.go:126.2,127.32 2 1
github.com/ingyamilmolinar/beatmo/internal/ui/game_tick_highlight.go:127.32,128.13 1 1
github.com/ingyamilmolinar/beatmo/internal/ui/game_tick_highlight.go:128.13,130.9 2 1
github.com/ingyamilmolinar/beatmo/internal/ui/game_tick_highlight.go:133.2,133.67 1 1
github.com/ingyamilmolinar/beatmo/internal/ui/game_tick_highlight.go:133.67,136.3 2 0
github.com/ingyamilmolinar/beatmo/internal/ui/game_tick_highlight.go:138.2,139.50 2 1
github.com/ingyamilmolinar/beatmo/internal/ui/game_tick_highlight.go:139.50,142.3 2 1
github.com/ingyamilmolinar/beatmo/internal/ui/game_tick_highlight.go:143.2,144.13 2 1
github.com/ingyamilmolinar/beatmo/internal/ui/game_tick_highlight.go:144.13,147.39 2 1
github.com/ingyamilmolinar/beatmo/internal/ui/game_tick_highlight.go:147.39,149.4 1 1
github.com/ingyamilmolinar/beatmo/internal/ui/game_tick_highlight.go:150.3,154.19 4 1
github.com/ingyamilmolinar/beatmo/internal/ui/game_tick_highlight.go:154.19,157.4 2 1
github.com/ingyamilmolinar/beatmo/internal/ui/game_tick_highlight.go:158.3,158.105 1 1
github.com/ingyamilmolinar/beatmo/internal/ui/game_tick_highlight.go:159.8,165.3 3 1
github.com/ingyamilmolinar/beatmo/internal/ui/game_timeline.go:8.40,9.31 1 1
github.com/ingyamilmolinar/beatmo/internal/ui/game_timeline.go:9.31,11.3 1 0
github.com/ingyamilmolinar/beatmo/internal/ui/game_timeline.go:12.2,12.23 1 1
github.com/ingyamilmolinar/beatmo/internal/ui/game_timeline.go:12.23,14.3 1 1
github.com/ingyamilmolinar/beatmo/internal/ui/game_timeline.go:15.2,15.10 1 0
github.com/ingyamilmolinar/beatmo/internal/ui/game_timeline.go:18.52,19.23 1 1
github.com/ingyamilmolinar/beatmo/internal/ui/game_timeline.go:19.23,21.3 1 1
github.com/ingyamilmolinar/beatmo/internal/ui/game_timeline.go:22.2,22.19 1 1
github.com/ingyamilmolinar/beatmo/internal/ui/game_timeline.go:25.81,27.2 1 1
github.com/ingyamilmolinar/beatmo/internal/ui/game_timeline.go:29.111,33.2 3 1
github.com/ingyamilmolinar/beatmo/internal/ui/game_timeline.go:35.51,37.2 1 0
github.com/ingyamilmolinar/beatmo/internal/ui/game_timeline.go:39.58,41.2 1 1
github.com/ingyamilmolinar/beatmo/internal/ui/game_timeline.go:43.42,45.2 1 1
github.com/ingyamilmolinar/beatmo/internal/ui/game_timeline.go:47.77,49.2 1 1
github.com/ingyamilmolinar/beatmo/internal/ui/game_timeline.go:51.106,53.2 1 1
github.com/ingyamilmolinar/beatmo/internal/ui/game_timeline.go:55.113,58.134 1 1
github.com/ingyamilmolinar/beatmo/internal/ui/game_timeline.go:58.134,64.43 2 1
github.com/ingyamilmolinar/beatmo/internal/ui/game_timeline.go:64.43,66.46 2 1
github.com/ingyamilmolinar/beatmo/internal/ui/game_timeline.go:66.46,68.5 1 1
github.com/ingyamilmolinar/beatmo/internal/ui/game_timeline.go:69.4,69.36 1 1
github.com/ingyamilmolinar/beatmo/internal/ui/game_timeline.go:69.36,73.5 3 0
github.com/ingyamilmolinar/beatmo/internal/ui/game_timeline.go:79.3,80.16 2 1
github.com/ingyamilmolinar/beatmo/internal/ui/game_timeline.go:80.16,82.4 1 1
github.com/ingyamilmolinar/beatmo/internal/ui/game_timeline.go:83.3,83.71 1 1
github.com/ingyamilmolinar/beatmo/internal/ui/game_timeline.go:83.71,85.4 1 1
github.com/ingyamilmolinar/beatmo/internal/ui/game_timeline.go:86.3,86.57 1 1
github.com/ingyamilmolinar/beatmo/internal/ui/game_timeline.go:86.57,88.4 1 1
github.com/ingyamilmolinar/beatmo/internal/ui/game_timeline.go:89.3,89.17 1 1
github.com/ingyamilmolinar/beatmo/internal/ui/game_timeline.go:89.17,93.4 3 0
github.com/ingyamilmolinar/beatmo/internal/ui/game_timeline.go:95.2,95.68 1 1
github.com/ingyamilmolinar/beatmo/internal/ui/game_timeline.go:98.59,100.2 1 1
github.com/ingyamilmolinar/beatmo/internal/ui/game_timeline.go:102.45,103.69 1 1
github.com/ingyamilmolinar/beatmo/internal/ui/game_timeline.go:103.69,105.3 1 0
github.com/ingyamilmolinar/beatmo/internal/ui/game_timeline.go:106.2,110.20 5 1
github.com/ingyamilmolinar/beatmo/internal/ui/game_timeline.go:110.20,113.3 2 1
github.com/ingyamilmolinar/beatmo/internal/ui/game_timeline.go:114.2,114.20 1 1
github.com/ingyamilmolinar/beatmo/internal/ui/game_timeline.go:114.20,117.3 2 1
github.com/ingyamilmolinar/beatmo/internal/ui/game_timeline.go:118.2,118.12 1 1
github.com/ingyamilmolinar/beatmo/internal/ui/game_timeline.go:121.65,123.2 1 1
github.com/ingyamilmolinar/beatmo/internal/ui/game_transport_helpers.go:8.31,8.59 1 1
github.com/ingyamilmolinar/beatmo/internal/ui/game_transport_helpers.go:10.30,10.57 1 1
github.com/ingyamilmolinar/beatmo/internal/ui/game_transport_helpers.go:12.33,12.64 1 1
github.com/ingyamilmolinar/beatmo/internal/ui/game_transport_helpers.go:14.35,14.64 1 0
github.com/ingyamilmolinar/beatmo/internal/ui/game_transport_helpers.go:16.35,16.64 1 0
github.com/ingyamilmolinar/beatmo/internal/ui/game_transport_helpers.go:18.42,18.78 1 0
github.com/ingyamilmolinar/beatmo/internal/ui/game_transport_helpers.go:20.35,20.64 1 0
github.com/ingyamilmolinar/beatmo/internal/ui/game_transport_helpers.go:22.35,24.7 2 1
github.com/ingyamilmolinar/beatmo/internal/ui/game_transport_helpers.go:24.7,27.3 2 1
github.com/ingyamilmolinar/beatmo/internal/ui/game_transport_helpers.go:27.8,29.3 1 1
github.com/ingyamilmolinar/beatmo/internal/ui/game_transport_helpers.go:30.2,30.22 1 1
github.com/ingyamilmolinar/beatmo/internal/ui/game_transport_helpers.go:33.38,33.68 1 0
github.com/ingyamilmolinar/beatmo/internal/ui/game_transport_helpers.go:35.37,35.68 1 0
github.com/ingyamilmolinar/beatmo/internal/ui/game_transport_helpers.go:37.34,37.66 1 0
github.com/ingyamilmolinar/beatmo/internal/ui/game_transport_helpers.go:39.39,39.76 1 0
github.com/ingyamilmolinar/beatmo/internal/ui/game_transport_helpers.go:41.35,41.67 1 1
github.com/ingyamilmolinar/beatmo/internal/ui/game_transport_helpers.go:43.34,43.65 1 0
github.com/ingyamilmolinar/beatmo/internal/ui/game_transport_helpers.go:45.42,45.74 1 1
github.com/ingyamilmolinar/beatmo/internal/ui/game_transport_helpers.go:47.41,47.72 1 0
github.com/ingyamilmolinar/beatmo/internal/ui/game_transport_helpers.go:49.46,49.76 1 1
github.com/ingyamilmolinar/beatmo/internal/ui/game_transport_helpers.go:51.46,51.72 1 1
github.com/ingyamilmolinar/beatmo/internal/ui/game_transport_helpers.go:53.46,53.72 1 0
github.com/ingyamilmolinar/beatmo/internal/ui/game_transport_helpers.go:55.53,55.86 1 1
github.com/ingyamilmolinar/beatmo/internal/ui/game_transport_helpers.go:57.49,57.76 1 1
github.com/ingyamilmolinar/beatmo/internal/ui/game_transport_helpers.go:59.48,59.76 1 1
github.com/ingyamilmolinar/beatmo/internal/ui/game_transport_helpers.go:61.45,61.74 1 0
github.com/ingyamilmolinar/beatmo/internal/ui/game_transport_helpers.go:63.43,63.77 1 0
github.com/ingyamilmolinar/beatmo/internal/ui/game_transport_helpers.go:65.56,65.87 1 1
github.com/ingyamilmolinar/beatmo/internal/ui/game_transport_helpers.go:69.49,70.62 1 1
github.com/ingyamilmolinar/beatmo/internal/ui/game_transport_helpers.go:70.62,72.3 1 0
github.com/ingyamilmolinar/beatmo/internal/ui/game_transport_helpers.go:73.2,73.34 1 1
github.com/ingyamilmolinar/beatmo/internal/ui/game_transport_helpers.go:73.34,75.3 1 1
github.com/ingyamilmolinar/beatmo/internal/ui/game_transport_helpers.go:76.2,77.37 2 0
github.com/ingyamilmolinar/beatmo/internal/ui/game_transport_helpers.go:82.39,83.34 1 1
github.com/ingyamilmolinar/beatmo/internal/ui/game_transport_helpers.go:83.34,85.3 1 0
github.com/ingyamilmolinar/beatmo/internal/ui/game_transport_helpers.go:86.2,86.24 1 1
github.com/ingyamilmolinar/beatmo/internal/ui/game_transport_helpers.go:86.24,88.3 1 0
github.com/ingyamilmolinar/beatmo/internal/ui/game_transport_helpers.go:89.2,91.27 3 1
github.com/ingyamilmolinar/beatmo/internal/ui/game_transport_helpers.go:94.35,94.65 1 0
github.com/ingyamilmolinar/beatmo/internal/ui/game_transport_helpers.go:96.34,96.63 1 0
github.com/ingyamilmolinar/beatmo/internal/ui/game_transport_helpers.go:101.31,103.2 1 1
github.com/ingyamilmolinar/beatmo/internal/ui/game_trigger_cache.go:7.69,9.33 2 1
github.com/ingyamilmolinar/beatmo/internal/ui/game_trigger_cache.go:9.33,11.3 1 1
github.com/ingyamilmolinar/beatmo/internal/ui/game_trigger_cache.go:12.2,12.38 1 1
github.com/ingyamilmolinar/beatmo/internal/ui/game_trigger_cache.go:12.38,14.3 1 1
github.com/ingyamilmolinar/beatmo/internal/ui/game_trigger_cache.go:15.2,16.22 2 1
github.com/ingyamilmolinar/beatmo/internal/ui/game_trigger_cache.go:19.43,20.20 1 1
github.com/ingyamilmolinar/beatmo/internal/ui/game_trigger_cache.go:20.20,22.3 1 0
github.com/ingyamilmolinar/beatmo/internal/ui/game_trigger_cache.go:23.2,25.24 3 1
github.com/ingyamilmolinar/beatmo/internal/ui/game_trigger_cache.go:25.24,27.3 1 0
github.com/ingyamilmolinar/beatmo/internal/ui/game_trigger_cache.go:28.2,28.8 1 1
github.com/ingyamilmolinar/beatmo/internal/ui/game_trigger_cache.go:28.8,30.3 1 1
github.com/ingyamilmolinar/beatmo/internal/ui/game_trigger_cache.go:30.8,32.3 1 1
github.com/ingyamilmolinar/beatmo/internal/ui/game_trigger_cache.go:33.2,33.24 1 1
github.com/ingyamilmolinar/beatmo/internal/ui/game_trigger_cache.go:36.49,38.24 2 1
github.com/ingyamilmolinar/beatmo/internal/ui/game_trigger_cache.go:38.24,40.3 1 1
github.com/ingyamilmolinar/beatmo/internal/ui/game_trigger_cache.go:41.2,41.24 1 1
github.com/ingyamilmolinar/beatmo/internal/ui/game_trigger_cache.go:44.35,45.20 1 1
github.com/ingyamilmolinar/beatmo/internal/ui/game_trigger_cache.go:45.20,47.3 1 0
github.com/ingyamilmolinar/beatmo/internal/ui/game_trigger_cache.go:48.2,49.24 2 1
github.com/ingyamilmolinar/beatmo/internal/ui/game_trigger_cache.go:49.24,51.3 1 1
github.com/ingyamilmolinar/beatmo/internal/ui/game_trigger_cache.go:51.8,52.30 1 1
github.com/ingyamilmolinar/beatmo/internal/ui/game_trigger_cache.go:52.30,54.4 1 1
github.com/ingyamilmolinar/beatmo/internal/ui/game_trigger_cache.go:56.2,56.38 1 1
github.com/ingyamilmolinar/beatmo/internal/ui/game_trigger_cache.go:56.38,58.3 1 1
github.com/ingyamilmolinar/beatmo/internal/ui/game_trigger_cache.go:59.2,59.24 1 1
github.com/ingyamilmolinar/beatmo/internal/ui/game_trigger_cache.go:62.65,67.2 4 1
github.com/ingyamilmolinar/beatmo/internal/ui/game_trigger_cache.go:69.69,72.33 3 1
github.com/ingyamilmolinar/beatmo/internal/ui/game_trigger_cache.go:72.33,74.3 1 0
github.com/ingyamilmolinar/beatmo/internal/ui/game_trigger_cache.go:75.2,75.46 1 1
github.com/ingyamilmolinar/beatmo/internal/ui/game_trigger_cache.go:75.46,78.3 2 1
github.com/ingyamilmolinar/beatmo/internal/ui/game_trigger_cache.go:79.2,79.21 1 0
github.com/ingyamilmolinar/beatmo/internal/ui/game_trigger_cache.go:84.74,86.2 1 1
github.com/ingyamilmolinar/beatmo/internal/ui/game_trigger_cache.go:88.76,90.2 1 1
github.com/ingyamilmolinar/beatmo/internal/ui/game_trigger_logic.go:10.51,10.88 1 1
github.com/ingyamilmolinar/beatmo/internal/ui/game_trigger_logic.go:12.73,13.42 1 1
github.com/ingyamilmolinar/beatmo/internal/ui/game_trigger_logic.go:13.42,15.3 1 0
github.com/ingyamilmolinar/beatmo/internal/ui/game_trigger_logic.go:16.2,16.54 1 1
github.com/ingyamilmolinar/beatmo/internal/ui/game_trigger_logic.go:16.54,18.3 1 1
github.com/ingyamilmolinar/beatmo/internal/ui/game_trigger_logic.go:19.2,20.47 2 1
github.com/ingyamilmolinar/beatmo/internal/ui/game_trigger_logic.go:24.83,28.26 4 0
github.com/ingyamilmolinar/beatmo/internal/ui/game_trigger_logic.go:28.26,30.43 2 0
github.com/ingyamilmolinar/beatmo/internal/ui/game_trigger_logic.go:30.43,33.9 3 0
github.com/ingyamilmolinar/beatmo/internal/ui/game_trigger_logic.go:35.3,35.6 1 0
github.com/ingyamilmolinar/beatmo/internal/ui/game_trigger_logic.go:37.2,37.17 1 0
github.com/ingyamilmolinar/beatmo/internal/ui/game_trigger_logic.go:37.17,39.3 1 0
github.com/ingyamilmolinar/beatmo/internal/ui/game_trigger_logic.go:40.2,40.47 1 0
github.com/ingyamilmolinar/beatmo/internal/ui/game_trigger_logic.go:40.47,42.3 1 0
github.com/ingyamilmolinar/beatmo/internal/ui/game_trigger_logic.go:43.2,44.50 2 0
github.com/ingyamilmolinar/beatmo/internal/ui/game_trigger_logic.go:44.50,46.3 1 0
github.com/ingyamilmolinar/beatmo/internal/ui/game_trigger_logic.go:47.2,48.57 2 0
github.com/ingyamilmolinar/beatmo/internal/ui/game_trigger_logic.go:52.143,53.83 1 1
github.com/ingyamilmolinar/beatmo/internal/ui/game_trigger_logic.go:53.83,55.3 1 1
github.com/ingyamilmolinar/beatmo/internal/ui/game_trigger_logic.go:56.2,57.14 2 1
github.com/ingyamilmolinar/beatmo/internal/ui/game_trigger_logic.go:58.18,59.14 1 1
github.com/ingyamilmolinar/beatmo/internal/ui/game_trigger_logic.go:60.26,61.26 1 1
github.com/ingyamilmolinar/beatmo/internal/ui/game_trigger_logic.go:61.26,62.43 1 1
github.com/ingyamilmolinar/beatmo/internal/ui/game_trigger_logic.go:62.43,64.66 2 1
github.com/ingyamilmolinar/beatmo/internal/ui/game_trigger_logic.go:64.66,66.6 1 1
github.com/ingyamilmolinar/beatmo/internal/ui/game_trigger_logic.go:67.5,67.22 1 1
github.com/ingyamilmolinar/beatmo/internal/ui/game_trigger_logic.go:67.22,69.6 1 0
github.com/ingyamilmolinar/beatmo/internal/ui/game_trigger_logic.go:70.5,71.39 2 1
github.com/ingyamilmolinar/beatmo/internal/ui/game_trigger_logic.go:71.39,73.6 1 1
github.com/ingyamilmolinar/beatmo/internal/ui/game_trigger_logic.go:74.10,74.28 1 1
github.com/ingyamilmolinar/beatmo/internal/ui/game_trigger_logic.go:74.28,76.49 2 1
github.com/ingyamilmolinar/beatmo/internal/ui/game_trigger_logic.go:76.49,78.6 1 1
github.com/ingyamilmolinar/beatmo/internal/ui/game_trigger_logic.go:81.22,82.26 1 1
github.com/ingyamilmolinar/beatmo/internal/ui/game_trigger_logic.go:82.26,83.21 1 1
github.com/ingyamilmolinar/beatmo/internal/ui/game_trigger_logic.go:83.21,85.49 2 1
github.com/ingyamilmolinar/beatmo/internal/ui/game_trigger_logic.go:85.49,87.6 1 1
github.com/ingyamilmolinar/beatmo/internal/ui/game_trigger_logic.go:90.21,92.13 2 1
github.com/ingyamilmolinar/beatmo/internal/ui/game_trigger_logic.go:92.13,94.4 1 1
github.com/ingyamilmolinar/beatmo/internal/ui/game_trigger_logic.go:95.3,95.12 1 1
github.com/ingyamilmolinar/beatmo/internal/ui/game_trigger_logic.go:95.12,97.13 2 1
github.com/ingyamilmolinar/beatmo/internal/ui/game_trigger_logic.go:97.13,99.5 1 1
github.com/ingyamilmolinar/beatmo/internal/ui/game_trigger_logic.go:101.33,103.28 2 0
github.com/ingyamilmolinar/beatmo/internal/ui/game_trigger_logic.go:103.28,105.4 1 0
github.com/ingyamilmolinar/beatmo/internal/ui/game_trigger_logic.go:106.35,108.29 2 0
github.com/ingyamilmolinar/beatmo/internal/ui/game_trigger_logic.go:108.29,110.4 1 0
github.com/ingyamilmolinar/beatmo/internal/ui/game_trigger_logic.go:112.2,112.13 1 1
github.com/ingyamilmolinar/beatmo/internal/ui/game_trigger_logic.go:115.101,116.24 1 1
github.com/ingyamilmolinar/beatmo/internal/ui/game_trigger_logic.go:116.24,118.3 1 1
github.com/ingyamilmolinar/beatmo/internal/ui/game_trigger_logic.go:119.2,119.25 1 1
github.com/ingyamilmolinar/beatmo/internal/ui/game_trigger_logic.go:119.25,121.3 1 1
github.com/ingyamilmolinar/beatmo/internal/ui/game_trigger_logic.go:122.2,122.26 1 1
github.com/ingyamilmolinar/beatmo/internal/ui/game_trigger_logic.go:122.26,124.3 1 1
github.com/ingyamilmolinar/beatmo/internal/ui/game_trigger_logic.go:125.2,125.24 1 1
github.com/ingyamilmolinar/beatmo/internal/ui/game_trigger_logic.go:130.98,131.83 1 1
github.com/ingyamilmolinar/beatmo/internal/ui/game_trigger_logic.go:131.83,133.3 1 1
github.com/ingyamilmolinar/beatmo/internal/ui/game_trigger_logic.go:134.2,135.40 2 1
github.com/ingyamilmolinar/beatmo/internal/ui/game_trigger_logic.go:135.40,137.3 1 1
github.com/ingyamilmolinar/beatmo/internal/ui/game_trigger_logic.go:138.2,140.46 3 1
github.com/ingyamilmolinar/beatmo/internal/ui/game_trigger_logic.go:140.46,146.3 3 1
github.com/ingyamilmolinar/beatmo/internal/ui/game_trigger_logic.go:147.2,147.24 1 1
github.com/ingyamilmolinar/beatmo/internal/ui/game_trigger_logic.go:150.70,153.2 2 1
github.com/ingyamilmolinar/beatmo/internal/ui/game_trigger_logic.go:155.83,156.83 1 1
github.com/ingyamilmolinar/beatmo/internal/ui/game_trigger_logic.go:156.83,158.3 1 1
github.com/ingyamilmolinar/beatmo/internal/ui/game_trigger_logic.go:159.2,159.52 1 1
github.com/ingyamilmolinar/beatmo/internal/ui/game_trigger_logic.go:159.52,161.3 1 1
github.com/ingyamilmolinar/beatmo/internal/ui/game_trigger_logic.go:162.2,162.14 1 1
github.com/ingyamilmolinar/beatmo/internal/ui/game_trigger_logic.go:162.14,163.53 1 1
github.com/ingyamilmolinar/beatmo/internal/ui/game_trigger_logic.go:163.53,165.4 1 1
github.com/ingyamilmolinar/beatmo/internal/ui/game_trigger_logic.go:167.2,168.50 2 1
github.com/ingyamilmolinar/beatmo/internal/ui/game_trigger_logic.go:168.50,170.3 1 0
github.com/ingyamilmolinar/beatmo/internal/ui/game_trigger_logic.go:171.2,172.55 2 1
github.com/ingyamilmolinar/beatmo/internal/ui/game_trigger_logic.go:179.73,189.2 7 1
github.com/ingyamilmolinar/beatmo/internal/ui/game_ui_types.go:19.65,22.2 2 0
github.com/ingyamilmolinar/beatmo/internal/ui/game_update.go:18.37,19.43 1 1
github.com/ingyamilmolinar/beatmo/internal/ui/game_update.go:19.43,21.3 1 1
github.com/ingyamilmolinar/beatmo/internal/ui/game_update.go:22.2,22.38 1 1
github.com/ingyamilmolinar/beatmo/internal/ui/game_update.go:27.38,28.43 1 0
github.com/ingyamilmolinar/beatmo/internal/ui/game_update.go:28.43,30.3 1 0
github.com/ingyamilmolinar/beatmo/internal/ui/game_update.go:31.2,31.38 1 0
github.com/ingyamilmolinar/beatmo/internal/ui/game_update.go:36.31,38.15 2 1
github.com/ingyamilmolinar/beatmo/internal/ui/game_update.go:38.15,43.35 4 1
github.com/ingyamilmolinar/beatmo/internal/ui/game_update.go:43.35,45.31 2 0
github.com/ingyamilmolinar/beatmo/internal/ui/game_update.go:45.31,47.5 1 0
github.com/ingyamilmolinar/beatmo/internal/ui/game_update.go:48.4,48.33 1 0
github.com/ingyamilmolinar/beatmo/internal/ui/game_update.go:48.33,55.22 7 0
github.com/ingyamilmolinar/beatmo/internal/ui/game_update.go:55.22,60.6 4 0
github.com/ingyamilmolinar/beatmo/internal/ui/game_update.go:61.5,66.46 5 0
github.com/ingyamilmolinar/beatmo/internal/ui/game_update.go:71.2,71.25 1 1
github.com/ingyamilmolinar/beatmo/internal/ui/game_update.go:71.25,73.3 1 0
github.com/ingyamilmolinar/beatmo/internal/ui/game_update.go:75.2,75.20 1 1
github.com/ingyamilmolinar/beatmo/internal/ui/game_update.go:75.20,76.37 1 0
github.com/ingyamilmolinar/beatmo/internal/ui/game_update.go:76.37,87.4 9 0
github.com/ingyamilmolinar/beatmo/internal/ui/game_update.go:87.9,87.75 1 0
github.com/ingyamilmolinar/beatmo/internal/ui/game_update.go:87.75,122.4 10 0
github.com/ingyamilmolinar/beatmo/internal/ui/game_update.go:126.2,126.39 1 1
github.com/ingyamilmolinar/beatmo/internal/ui/game_update.go:126.39,128.57 2 1
github.com/ingyamilmolinar/beatmo/internal/ui/game_update.go:128.57,131.4 2 1
github.com/ingyamilmolinar/beatmo/internal/ui/game_update.go:133.2,140.67 4 1
github.com/ingyamilmolinar/beatmo/internal/ui/game_update.go:140.67,142.30 2 1
github.com/ingyamilmolinar/beatmo/internal/ui/game_update.go:142.30,144.45 2 1
github.com/ingyamilmolinar/beatmo/internal/ui/game_update.go:144.45,145.32 1 1
github.com/ingyamilmolinar/beatmo/internal/ui/game_update.go:145.32,147.6 1 1
github.com/ingyamilmolinar/beatmo/internal/ui/game_update.go:149.4,149.15 1 1
github.com/ingyamilmolinar/beatmo/internal/ui/game_update.go:149.15,151.5 1 1
github.com/ingyamilmolinar/beatmo/internal/ui/game_update.go:153.3,153.15 1 1
github.com/ingyamilmolinar/beatmo/internal/ui/game_update.go:153.15,155.4 1 0
github.com/ingyamilmolinar/beatmo/internal/ui/game_update.go:156.3,158.24 3 1
github.com/ingyamilmolinar/beatmo/internal/ui/game_update.go:163.2,163.6 1 1
github.com/ingyamilmolinar/beatmo/internal/ui/game_update.go:163.6,164.10 1 1
github.com/ingyamilmolinar/beatmo/internal/ui/game_update.go:165.33,166.19 1 1
github.com/ingyamilmolinar/beatmo/internal/ui/game_update.go:166.19,168.5 1 1
github.com/ingyamilmolinar/beatmo/internal/ui/game_update.go:169.11,170.19 1 1
github.com/ingyamilmolinar/beatmo/internal/ui/game_update.go:175.2,175.62 1 1
github.com/ingyamilmolinar/beatmo/internal/ui/game_update.go:175.62,178.3 2 0
github.com/ingyamilmolinar/beatmo/internal/ui/game_update.go:181.2,181.25 1 1
github.com/ingyamilmolinar/beatmo/internal/ui/game_update.go:181.25,184.3 2 1
github.com/ingyamilmolinar/beatmo/internal/ui/game_update.go:186.2,196.77 3 1
github.com/ingyamilmolinar/beatmo/internal/ui/game_update.go:196.77,198.3 1 1
github.com/ingyamilmolinar/beatmo/internal/ui/game_update.go:201.2,201.24 1 1
github.com/ingyamilmolinar/beatmo/internal/ui/game_update.go:201.24,203.3 1 1
github.com/ingyamilmolinar/beatmo/internal/ui/game_update.go:208.2,214.152 3 1
github.com/ingyamilmolinar/beatmo/internal/ui/game_update.go:214.152,220.25 2 0
github.com/ingyamilmolinar/beatmo/internal/ui/game_update.go:220.25,222.4 1 0
github.com/ingyamilmolinar/beatmo/internal/ui/game_update.go:227.2,237.20 4 1
github.com/ingyamilmolinar/beatmo/internal/ui/game_update.go:237.20,238.23 1 1
github.com/ingyamilmolinar/beatmo/internal/ui/game_update.go:239.19,240.120 1 0
github.com/ingyamilmolinar/beatmo/internal/ui/game_update.go:240.120,244.5 2 0
github.com/ingyamilmolinar/beatmo/internal/ui/game_update.go:246.25,248.21 2 0
github.com/ingyamilmolinar/beatmo/internal/ui/game_update.go:248.21,250.5 1 0
github.com/ingyamilmolinar/beatmo/internal/ui/game_update.go:251.4,252.23 2 0
github.com/ingyamilmolinar/beatmo/internal/ui/game_update.go:253.21,255.23 2 1
github.com/ingyamilmolinar/beatmo/internal/ui/game_update.go:256.28,258.23 2 1
github.com/ingyamilmolinar/beatmo/internal/ui/game_update.go:268.2,268.45 1 1
github.com/ingyamilmolinar/beatmo/internal/ui/game_update.go:268.45,271.3 2 1
github.com/ingyamilmolinar/beatmo/internal/ui/game_update.go:275.2,275.22 1 1
github.com/ingyamilmolinar/beatmo/internal/ui/game_update.go:275.22,278.3 2 1
github.com/ingyamilmolinar/beatmo/internal/ui/game_update.go:278.8,282.42 1 1
github.com/ingyamilmolinar/beatmo/internal/ui/game_update.go:282.42,284.4 1 1
github.com/ingyamilmolinar/beatmo/internal/ui/game_update.go:284.9,284.37 1 1
github.com/ingyamilmolinar/beatmo/internal/ui/game_update.go:284.37,286.4 1 1
github.com/ingyamilmolinar/beatmo/internal/ui/game_update.go:289.3,290.25 2 1
github.com/ingyamilmolinar/beatmo/internal/ui/game_update.go:290.25,292.4 1 1
github.com/ingyamilmolinar/beatmo/internal/ui/game_update.go:293.3,294.20 2 1
github.com/ingyamilmolinar/beatmo/internal/ui/game_update.go:294.20,296.4 1 1
github.com/ingyamilmolinar/beatmo/internal/ui/game_update.go:297.3,301.20 3 1
github.com/ingyamilmolinar/beatmo/internal/ui/game_update.go:301.20,304.4 1 1
github.com/ingyamilmolinar/beatmo/internal/ui/game_update.go:308.3,308.37 1 1
github.com/ingyamilmolinar/beatmo/internal/ui/game_update.go:308.37,310.78 2 1
github.com/ingyamilmolinar/beatmo/internal/ui/game_update.go:310.78,312.5 1 0
github.com/ingyamilmolinar/beatmo/internal/ui/game_update.go:316.3,316.43 1 1
github.com/ingyamilmolinar/beatmo/internal/ui/game_update.go:316.43,318.4 1 1
github.com/ingyamilmolinar/beatmo/internal/ui/game_update.go:318.9,320.4 1 1
github.com/ingyamilmolinar/beatmo/internal/ui/game_update.go:323.2,323.14 1 1
github.com/ingyamilmolinar/beatmo/internal/ui/game_update.go:323.14,325.3 1 1
github.com/ingyamilmolinar/beatmo/internal/ui/game_update.go:325.8,326.51 1 1
github.com/ingyamilmolinar/beatmo/internal/ui/game_update.go:326.51,328.4 1 1
github.com/ingyamilmolinar/beatmo/internal/ui/game_update.go:328.9,330.4 1 1
github.com/ingyamilmolinar/beatmo/internal/ui/game_update.go:334.2,350.47 5 1
github.com/ingyamilmolinar/beatmo/internal/ui/game_update.go:350.47,352.3 1 1
github.com/ingyamilmolinar/beatmo/internal/ui/game_update.go:354.2,358.52 2 1
github.com/ingyamilmolinar/beatmo/internal/ui/game_update.go:358.52,359.82 1 1
github.com/ingyamilmolinar/beatmo/internal/ui/game_update.go:359.82,361.4 1 1
github.com/ingyamilmolinar/beatmo/internal/ui/game_update.go:363.2,364.28 2 1
github.com/ingyamilmolinar/beatmo/internal/ui/game_update.go:364.28,366.3 1 1
github.com/ingyamilmolinar/beatmo/internal/ui/game_update.go:367.2,367.53 1 1
github.com/ingyamilmolinar/beatmo/internal/ui/game_update.go:367.53,369.3 1 1
github.com/ingyamilmolinar/beatmo/internal/ui/game_update.go:370.2,372.29 3 1
github.com/ingyamilmolinar/beatmo/internal/ui/game_update.go:372.29,373.39 1 1
github.com/ingyamilmolinar/beatmo/internal/ui/game_update.go:373.39,374.44 1 1
github.com/ingyamilmolinar/beatmo/internal/ui/game_update.go:374.44,376.5 1 1
github.com/ingyamilmolinar/beatmo/internal/ui/game_update.go:376.10,379.5 2 1
github.com/ingyamilmolinar/beatmo/internal/ui/game_update.go:381.3,381.37 1 1
github.com/ingyamilmolinar/beatmo/internal/ui/game_update.go:381.37,383.4 1 1
github.com/ingyamilmolinar/beatmo/internal/ui/game_update.go:384.3,384.38 1 1
github.com/ingyamilmolinar/beatmo/internal/ui/game_update.go:384.38,386.4 1 0
github.com/ingyamilmolinar/beatmo/internal/ui/game_update.go:387.3,387.50 1 1
github.com/ingyamilmolinar/beatmo/internal/ui/game_update.go:387.50,391.4 3 1
github.com/ingyamilmolinar/beatmo/internal/ui/game_update.go:392.3,392.38 1 1
github.com/ingyamilmolinar/beatmo/internal/ui/game_update.go:392.38,394.4 1 1
github.com/ingyamilmolinar/beatmo/internal/ui/game_update.go:395.3,395.36 1 1
github.com/ingyamilmolinar/beatmo/internal/ui/game_update.go:395.36,397.4 1 1
github.com/ingyamilmolinar/beatmo/internal/ui/game_update.go:397.9,397.42 1 1
github.com/ingyamilmolinar/beatmo/internal/ui/game_update.go:397.42,399.4 1 1
github.com/ingyamilmolinar/beatmo/internal/ui/game_update.go:400.3,401.36 2 1
github.com/ingyamilmolinar/beatmo/internal/ui/game_update.go:401.36,402.25 1 1
github.com/ingyamilmolinar/beatmo/internal/ui/game_update.go:402.25,403.25 1 1
github.com/ingyamilmolinar/beatmo/internal/ui/game_update.go:403.25,405.6 1 0
github.com/ingyamilmolinar/beatmo/internal/ui/game_update.go:406.5,406.25 1 1
github.com/ingyamilmolinar/beatmo/internal/ui/game_update.go:409.3,410.27 2 1
github.com/ingyamilmolinar/beatmo/internal/ui/game_update.go:410.27,411.37 1 1
github.com/ingyamilmolinar/beatmo/internal/ui/game_update.go:411.37,413.5 1 0
github.com/ingyamilmolinar/beatmo/internal/ui/game_update.go:413.10,413.43 1 1
github.com/ingyamilmolinar/beatmo/internal/ui/game_update.go:413.43,415.5 1 0
github.com/ingyamilmolinar/beatmo/internal/ui/game_update.go:418.2,423.32 2 1
github.com/ingyamilmolinar/beatmo/internal/ui/game_update.go:423.32,428.17 4 1
github.com/ingyamilmolinar/beatmo/internal/ui/game_update.go:428.17,430.21 2 1
github.com/ingyamilmolinar/beatmo/internal/ui/game_update.go:430.21,432.5 1 1
github.com/ingyamilmolinar/beatmo/internal/ui/game_update.go:433.9,433.27 1 1
github.com/ingyamilmolinar/beatmo/internal/ui/game_update.go:433.27,435.4 1 1
github.com/ingyamilmolinar/beatmo/internal/ui/game_update.go:438.2,438.23 1 1
github.com/ingyamilmolinar/beatmo/internal/ui/game_update.go:438.23,440.20 2 1
github.com/ingyamilmolinar/beatmo/internal/ui/game_update.go:440.20,442.4 1 1
github.com/ingyamilmolinar/beatmo/internal/ui/game_update.go:443.3,443.87 1 1
github.com/ingyamilmolinar/beatmo/internal/ui/game_update.go:443.87,445.33 2 0
github.com/ingyamilmolinar/beatmo/internal/ui/game_update.go:445.33,447.5 1 0
github.com/ingyamilmolinar/beatmo/internal/ui/game_update.go:450.2,450.20 1 1
github.com/ingyamilmolinar/beatmo/internal/ui/game_update.go:450.20,452.3 1 1
github.com/ingyamilmolinar/beatmo/internal/ui/game_update.go:455.2,455.24 1 1
github.com/ingyamilmolinar/beatmo/internal/ui/game_update.go:455.24,458.24 3 1
github.com/ingyamilmolinar/beatmo/internal/ui/game_update.go:458.24,459.17 1 1
github.com/ingyamilmolinar/beatmo/internal/ui/game_update.go:459.17,461.5 1 1
github.com/ingyamilmolinar/beatmo/internal/ui/game_update.go:467.2,473.45 4 1
github.com/ingyamilmolinar/beatmo/internal/ui/game_update.go:473.45,475.3 1 1
github.com/ingyamilmolinar/beatmo/internal/ui/game_update.go:479.2,480.28 2 1
github.com/ingyamilmolinar/beatmo/internal/ui/game_update.go:480.28,481.38 1 1
github.com/ingyamilmolinar/beatmo/internal/ui/game_update.go:481.38,489.4 4 1
github.com/ingyamilmolinar/beatmo/internal/ui/game_update.go:489.9,491.4 1 1
github.com/ingyamilmolinar/beatmo/internal/ui/game_update.go:492.8,492.36 1 1
github.com/ingyamilmolinar/beatmo/internal/ui/game_update.go:492.36,493.38 1 1
github.com/ingyamilmolinar/beatmo/internal/ui/game_update.go:493.38,495.4 1 0
github.com/ingyamilmolinar/beatmo/internal/ui/game_update.go:496.3,496.34 1 1
github.com/ingyamilmolinar/beatmo/internal/ui/game_update.go:497.8,499.3 1 1
github.com/ingyamilmolinar/beatmo/internal/ui/game_update.go:500.2,501.18 2 1
github.com/ingyamilmolinar/beatmo/internal/ui/game_update.go:501.18,503.3 1 1
github.com/ingyamilmolinar/beatmo/internal/ui/game_update.go:505.2,505.15 1 1
github.com/ingyamilmolinar/beatmo/internal/ui/game_update.go:505.15,507.26 1 1
github.com/ingyamilmolinar/beatmo/internal/ui/game_update.go:507.26,508.24 1 1
github.com/ingyamilmolinar/beatmo/internal/ui/game_update.go:508.24,510.26 2 1
github.com/ingyamilmolinar/beatmo/internal/ui/game_update.go:510.26,513.6 2 1
github.com/ingyamilmolinar/beatmo/internal/ui/game_update.go:514.10,514.36 1 1
github.com/ingyamilmolinar/beatmo/internal/ui/game_update.go:514.36,516.29 2 1
github.com/ingyamilmolinar/beatmo/internal/ui/game_update.go:516.29,518.6 1 1
github.com/ingyamilmolinar/beatmo/internal/ui/game_update.go:522.2,522.17 1 1
github.com/ingyamilmolinar/beatmo/internal/ui/game_update.go:522.17,524.54 2 1
github.com/ingyamilmolinar/beatmo/internal/ui/game_update.go:524.54,528.4 1 0
github.com/ingyamilmolinar/beatmo/internal/ui/game_update.go:531.3,531.40 1 1
github.com/ingyamilmolinar/beatmo/internal/ui/game_update.go:531.40,534.17 3 1
github.com/ingyamilmolinar/beatmo/internal/ui/game_update.go:534.17,537.27 3 1
github.com/ingyamilmolinar/beatmo/internal/ui/game_update.go:537.27,538.20 1 0
github.com/ingyamilmolinar/beatmo/internal/ui/game_update.go:538.20,540.7 1 0
github.com/ingyamilmolinar/beatmo/internal/ui/game_update.go:541.6,544.26 4 0
github.com/ingyamilmolinar/beatmo/internal/ui/game_update.go:546.5,546.20 1 1
github.com/ingyamilmolinar/beatmo/internal/ui/game_update.go:549.4,549.17 1 1
github.com/ingyamilmolinar/beatmo/internal/ui/game_update.go:549.17,551.5 1 1
github.com/ingyamilmolinar/beatmo/internal/ui/game_update.go:552.4,552.12 1 1
github.com/ingyamilmolinar/beatmo/internal/ui/game_update.go:555.4,555.57 1 0
github.com/ingyamilmolinar/beatmo/internal/ui/game_update.go:555.57,557.5 1 0
github.com/ingyamilmolinar/beatmo/internal/ui/game_update.go:559.3,559.54 1 1
github.com/ingyamilmolinar/beatmo/internal/ui/game_update.go:559.54,561.4 1 0
github.com/ingyamilmolinar/beatmo/internal/ui/game_update.go:565.3,565.23 1 1
github.com/ingyamilmolinar/beatmo/internal/ui/game_update.go:565.23,567.4 1 1
github.com/ingyamilmolinar/beatmo/internal/ui/game_update.go:569.3,569.22 1 1
github.com/ingyamilmolinar/beatmo/internal/ui/game_update.go:569.22,571.4 1 0
github.com/ingyamilmolinar/beatmo/internal/ui/game_update.go:577.2,577.87 1 1
github.com/ingyamilmolinar/beatmo/internal/ui/game_update.go:577.87,579.3 1 1
github.com/ingyamilmolinar/beatmo/internal/ui/game_update.go:581.2,585.26 2 1
github.com/ingyamilmolinar/beatmo/internal/ui/game_update.go:585.26,586.18 1 1
github.com/ingyamilmolinar/beatmo/internal/ui/game_update.go:586.18,597.8 7 1
github.com/ingyamilmolinar/beatmo/internal/ui/game_update.go:597.8,598.12 1 1
github.com/ingyamilmolinar/beatmo/internal/ui/game_update.go:599.22,599.22 0 1
github.com/ingyamilmolinar/beatmo/internal/ui/game_update.go:600.13,601.23 1 1
github.com/ingyamilmolinar/beatmo/internal/ui/game_update.go:605.4,605.24 1 1
github.com/ingyamilmolinar/beatmo/internal/ui/game_update.go:606.9,606.28 1 1
github.com/ingyamilmolinar/beatmo/internal/ui/game_update.go:606.28,620.24 10 1
github.com/ingyamilmolinar/beatmo/internal/ui/game_update.go:620.24,621.34 1 1
github.com/ingyamilmolinar/beatmo/internal/ui/game_update.go:621.34,623.6 1 1
github.com/ingyamilmolinar/beatmo/internal/ui/game_update.go:624.5,624.56 1 1
github.com/ingyamilmolinar/beatmo/internal/ui/game_update.go:624.56,626.6 1 0
github.com/ingyamilmolinar/beatmo/internal/ui/game_update.go:627.5,633.47 7 1
github.com/ingyamilmolinar/beatmo/internal/ui/game_update.go:633.47,635.6 1 1
github.com/ingyamilmolinar/beatmo/internal/ui/game_update.go:636.5,638.17 3 1
github.com/ingyamilmolinar/beatmo/internal/ui/game_update.go:638.17,640.6 1 0
github.com/ingyamilmolinar/beatmo/internal/ui/game_update.go:641.5,642.16 2 1
github.com/ingyamilmolinar/beatmo/internal/ui/game_update.go:642.16,644.6 1 1
github.com/ingyamilmolinar/beatmo/internal/ui/game_update.go:645.5,645.34 1 1
github.com/ingyamilmolinar/beatmo/internal/ui/game_update.go:645.34,647.35 2 1
github.com/ingyamilmolinar/beatmo/internal/ui/game_update.go:647.35,649.7 1 1
github.com/ingyamilmolinar/beatmo/internal/ui/game_update.go:650.6,651.18 2 1
github.com/ingyamilmolinar/beatmo/internal/ui/game_update.go:651.18,653.7 1 0
github.com/ingyamilmolinar/beatmo/internal/ui/game_update.go:654.6,654.28 1 1
github.com/ingyamilmolinar/beatmo/internal/ui/game_update.go:656.5,660.38 5 1
github.com/ingyamilmolinar/beatmo/internal/ui/game_update.go:660.38,662.6 1 1
github.com/ingyamilmolinar/beatmo/internal/ui/game_update.go:663.10,666.5 2 1
github.com/ingyamilmolinar/beatmo/internal/ui/game_update.go:667.9,671.4 3 1
github.com/ingyamilmolinar/beatmo/internal/ui/game_update.go:673.2,673.26 1 1
github.com/ingyamilmolinar/beatmo/internal/ui/game_update.go:673.26,689.32 13 1
github.com/ingyamilmolinar/beatmo/internal/ui/game_update.go:689.32,691.4 1 1
github.com/ingyamilmolinar/beatmo/internal/ui/game_update.go:692.3,694.33 3 1
github.com/ingyamilmolinar/beatmo/internal/ui/game_update.go:700.2,702.37 3 1
github.com/ingyamilmolinar/beatmo/internal/ui/game_update.go:702.37,705.15 3 1
github.com/ingyamilmolinar/beatmo/internal/ui/game_update.go:705.15,709.48 3 1
github.com/ingyamilmolinar/beatmo/internal/ui/game_update.go:709.48,711.5 1 1
github.com/ingyamilmolinar/beatmo/internal/ui/game_update.go:711.10,711.44 1 1
github.com/ingyamilmolinar/beatmo/internal/ui/game_update.go:711.44,713.5 1 1
github.com/ingyamilmolinar/beatmo/internal/ui/game_update.go:715.4,719.20 4 1
github.com/ingyamilmolinar/beatmo/internal/ui/game_update.go:719.20,721.5 1 1
github.com/ingyamilmolinar/beatmo/internal/ui/game_update.go:724.4,724.46 1 1
github.com/ingyamilmolinar/beatmo/internal/ui/game_update.go:724.46,726.5 1 1
github.com/ingyamilmolinar/beatmo/internal/ui/game_update.go:727.4,727.33 1 1
github.com/ingyamilmolinar/beatmo/internal/ui/game_update.go:727.33,729.34 2 1
github.com/ingyamilmolinar/beatmo/internal/ui/game_update.go:729.34,731.6 1 1
github.com/ingyamilmolinar/beatmo/internal/ui/game_update.go:732.5,732.18 1 1
github.com/ingyamilmolinar/beatmo/internal/ui/game_update.go:732.18,734.6 1 0
github.com/ingyamilmolinar/beatmo/internal/ui/game_update.go:735.5,735.30 1 1
github.com/ingyamilmolinar/beatmo/internal/ui/game_update.go:739.2,740.35 2 1
github.com/ingyamilmolinar/beatmo/internal/ui/game_update.go:740.35,743.3 2 1
github.com/ingyamilmolinar/beatmo/internal/ui/game_update.go:745.2,745.9 1 1
github.com/ingyamilmolinar/beatmo/internal/ui/game_update.go:746.29,750.36 3 1
github.com/ingyamilmolinar/beatmo/internal/ui/game_update.go:750.36,752.4 1 1
github.com/ingyamilmolinar/beatmo/internal/ui/game_update.go:753.3,753.33 1 1
github.com/ingyamilmolinar/beatmo/internal/ui/game_update.go:754.10,754.10 0 1
github.com/ingyamilmolinar/beatmo/internal/ui/game_update.go:757.2,760.86 2 1
github.com/ingyamilmolinar/beatmo/internal/ui/game_update.go:760.86,763.3 2 1
github.com/ingyamilmolinar/beatmo/internal/ui/game_update.go:765.2,769.19 5 1
github.com/ingyamilmolinar/beatmo/internal/ui/game_update.go:769.19,773.3 2 1
github.com/ingyamilmolinar/beatmo/internal/ui/game_update.go:775.2,776.16 2 1
github.com/ingyamilmolinar/beatmo/internal/ui/game_update.go:776.16,779.3 2 1
github.com/ingyamilmolinar/beatmo/internal/ui/game_update.go:782.2,782.17 1 1
github.com/ingyamilmolinar/beatmo/internal/ui/game_update.go:782.17,784.3 1 1
github.com/ingyamilmolinar/beatmo/internal/ui/game_update.go:785.2,785.30 1 1
github.com/ingyamilmolinar/beatmo/internal/ui/game_update.go:785.30,787.20 2 1
github.com/ingyamilmolinar/beatmo/internal/ui/game_update.go:787.20,789.4 1 1
github.com/ingyamilmolinar/beatmo/internal/ui/game_update.go:790.3,790.32 1 1
github.com/ingyamilmolinar/beatmo/internal/ui/game_update.go:790.32,792.4 1 0
github.com/ingyamilmolinar/beatmo/internal/ui/game_update.go:793.3,794.28 2 1
github.com/ingyamilmolinar/beatmo/internal/ui/game_update.go:796.2,796.18 1 1
github.com/ingyamilmolinar/beatmo/internal/ui/game_update.go:796.18,798.3 1 1
github.com/ingyamilmolinar/beatmo/internal/ui/game_update.go:799.2,799.107 1 1
github.com/ingyamilmolinar/beatmo/internal/ui/game_update.go:799.107,801.14 2 1
github.com/ingyamilmolinar/beatmo/internal/ui/game_update.go:801.14,803.4 1 0
github.com/ingyamilmolinar/beatmo/internal/ui/game_update.go:804.3,804.39 1 1
github.com/ingyamilmolinar/beatmo/internal/ui/game_update.go:804.39,806.4 1 1
github.com/ingyamilmolinar/beatmo/internal/ui/game_update.go:808.2,809.17 2 1
github.com/ingyamilmolinar/beatmo/internal/ui/game_update.go:809.17,813.3 3 1
github.com/ingyamilmolinar/beatmo/internal/ui/game_update.go:814.2,817.26 2 1
github.com/ingyamilmolinar/beatmo/internal/ui/game_update.go:817.26,819.32 1 1
github.com/ingyamilmolinar/beatmo/internal/ui/game_update.go:819.32,821.33 2 1
github.com/ingyamilmolinar/beatmo/internal/ui/game_update.go:821.33,823.5 1 1
github.com/ingyamilmolinar/beatmo/internal/ui/game_update.go:824.4,824.15 1 1
github.com/ingyamilmolinar/beatmo/internal/ui/game_update.go:824.15,826.5 1 0
github.com/ingyamilmolinar/beatmo/internal/ui/game_update.go:828.4,830.47 3 1
github.com/ingyamilmolinar/beatmo/internal/ui/game_update.go:832.3,832.28 1 1
github.com/ingyamilmolinar/beatmo/internal/ui/game_update.go:834.2,834.27 1 1
github.com/ingyamilmolinar/beatmo/internal/ui/game_update.go:834.27,836.3 1 1
github.com/ingyamilmolinar/beatmo/internal/ui/game_update.go:837.2,840.23 2 1
github.com/ingyamilmolinar/beatmo/internal/ui/game_update.go:840.23,842.3 1 1
github.com/ingyamilmolinar/beatmo/internal/ui/game_update.go:843.2,844.12 2 1
github.com/ingyamilmolinar/beatmo/internal/ui/game_update.go:850.36,851.26 1 1
github.com/ingyamilmolinar/beatmo/internal/ui/game_update.go:851.26,853.3 1 1
github.com/ingyamilmolinar/beatmo/internal/ui/game_update.go:854.2,858.22 3 1
github.com/ingyamilmolinar/beatmo/internal/ui/game_update.go:858.22,859.25 1 1
github.com/ingyamilmolinar/beatmo/internal/ui/game_update.go:859.25,861.4 1 1
github.com/ingyamilmolinar/beatmo/internal/ui/game_update.go:861.9,863.4 1 0
github.com/ingyamilmolinar/beatmo/internal/ui/game_update.go:864.3,864.9 1 1
github.com/ingyamilmolinar/beatmo/internal/ui/game_update.go:866.2,866.46 1 1
github.com/ingyamilmolinar/beatmo/internal/ui/game_update.go:866.46,869.3 2 0
github.com/ingyamilmolinar/beatmo/internal/ui/game_update.go:870.2,870.83 1 1
github.com/ingyamilmolinar/beatmo/internal/ui/game_update.go:870.83,871.45 1 0
github.com/ingyamilmolinar/beatmo/internal/ui/game_update.go:871.45,873.4 1 0
github.com/ingyamilmolinar/beatmo/internal/ui/game_update.go:873.9,875.4 1 0
github.com/ingyamilmolinar/beatmo/internal/ui/game_update.go:876.3,876.9 1 0
github.com/ingyamilmolinar/beatmo/internal/ui/game_update.go:880.2,881.57 2 1
github.com/ingyamilmolinar/beatmo/internal/ui/game_update.go:881.57,882.25 1 1
github.com/ingyamilmolinar/beatmo/internal/ui/game_update.go:882.25,884.4 1 1
github.com/ingyamilmolinar/beatmo/internal/ui/game_update.go:884.9,886.4 1 0
github.com/ingyamilmolinar/beatmo/internal/ui/game_update.go:887.3,887.9 1 1
github.com/ingyamilmolinar/beatmo/internal/ui/game_update.go:889.2,889.24 1 1
github.com/ingyamilmolinar/beatmo/internal/ui/game_update.go:889.24,890.91 1 1
github.com/ingyamilmolinar/beatmo/internal/ui/game_update.go:890.91,893.4 2 1
github.com/ingyamilmolinar/beatmo/internal/ui/game_update.go:895.2,895.49 1 1
github.com/ingyamilmolinar/beatmo/internal/ui/game_update.go:895.49,896.38 1 1
github.com/ingyamilmolinar/beatmo/internal/ui/game_update.go:896.38,898.4 1 1
github.com/ingyamilmolinar/beatmo/internal/ui/game_update.go:898.9,900.4 1 0
github.com/ingyamilmolinar/beatmo/internal/ui/game_update.go:901.3,901.9 1 1
github.com/ingyamilmolinar/beatmo/internal/ui/game_update.go:904.2,904.43 1 1
github.com/ingyamilmolinar/beatmo/internal/ui/geometry.go:6.43,8.2 1 1
github.com/ingyamilmolinar/beatmo/internal/ui/gesture.go:48.94,52.27 2 1
github.com/ingyamilmolinar/beatmo/internal/ui/gesture.go:52.27,54.21 1 1
github.com/ingyamilmolinar/beatmo/internal/ui/gesture.go:54.21,58.4 3 1
github.com/ingyamilmolinar/beatmo/internal/ui/gesture.go:63.3,63.78 1 1
github.com/ingyamilmolinar/beatmo/internal/ui/gesture.go:63.78,69.80 5 1
github.com/ingyamilmolinar/beatmo/internal/ui/gesture.go:69.80,75.5 1 1
github.com/ingyamilmolinar/beatmo/internal/ui/gesture.go:80.2,80.21 1 1
github.com/ingyamilmolinar/beatmo/internal/ui/gesture.go:80.21,82.16 2 1
github.com/ingyamilmolinar/beatmo/internal/ui/gesture.go:82.16,84.4 1 0
github.com/ingyamilmolinar/beatmo/internal/ui/gesture.go:87.3,91.83 4 1
github.com/ingyamilmolinar/beatmo/internal/ui/gesture.go:91.83,93.26 1 1
github.com/ingyamilmolinar/beatmo/internal/ui/gesture.go:93.26,100.5 2 1
github.com/ingyamilmolinar/beatmo/internal/ui/gesture.go:106.3,106.20 1 1
github.com/ingyamilmolinar/beatmo/internal/ui/gesture.go:106.20,109.34 3 1
github.com/ingyamilmolinar/beatmo/internal/ui/gesture.go:109.34,119.5 1 1
github.com/ingyamilmolinar/beatmo/internal/ui/gesture.go:124.2,124.21 1 1
github.com/ingyamilmolinar/beatmo/internal/ui/gesture.go:124.21,126.24 2 1
github.com/ingyamilmolinar/beatmo/internal/ui/gesture.go:126.24,128.4 1 0
github.com/ingyamilmolinar/beatmo/internal/ui/gesture.go:130.3,142.27 7 1
github.com/ingyamilmolinar/beatmo/internal/ui/gesture.go:142.27,150.4 6 1
github.com/ingyamilmolinar/beatmo/internal/ui/gesture.go:153.3,159.45 5 1
github.com/ingyamilmolinar/beatmo/internal/ui/gesture.go:159.45,165.30 5 1
github.com/ingyamilmolinar/beatmo/internal/ui/gesture.go:165.30,167.5 1 0
github.com/ingyamilmolinar/beatmo/internal/ui/gesture.go:169.4,174.5 1 1
github.com/ingyamilmolinar/beatmo/internal/ui/gesture.go:178.3,178.37 1 1
github.com/ingyamilmolinar/beatmo/internal/ui/gesture.go:178.37,189.4 3 1
github.com/ingyamilmolinar/beatmo/internal/ui/gesture.go:192.2,192.12 1 1
github.com/ingyamilmolinar/beatmo/internal/ui/gesture.go:196.48,200.2 3 1
github.com/ingyamilmolinar/beatmo/internal/ui/grid.go:56.34,70.2 3 1
github.com/ingyamilmolinar/beatmo/internal/ui/grid.go:75.44,79.2 3 1
github.com/ingyamilmolinar/beatmo/internal/ui/grid.go:81.34,83.24 2 1
github.com/ingyamilmolinar/beatmo/internal/ui/grid.go:83.24,85.3 1 1
github.com/ingyamilmolinar/beatmo/internal/ui/grid.go:86.2,86.16 1 1
github.com/ingyamilmolinar/beatmo/internal/ui/grid.go:90.29,91.22 1 1
github.com/ingyamilmolinar/beatmo/internal/ui/grid.go:91.22,93.3 1 0
github.com/ingyamilmolinar/beatmo/internal/ui/grid.go:94.2,94.34 1 1
github.com/ingyamilmolinar/beatmo/internal/ui/grid.go:98.31,98.70 1 1
github.com/ingyamilmolinar/beatmo/internal/ui/grid.go:102.50,104.2 1 1
github.com/ingyamilmolinar/beatmo/internal/ui/grid.go:110.50,121.17 7 1
github.com/ingyamilmolinar/beatmo/internal/ui/grid.go:121.17,124.3 1 1
github.com/ingyamilmolinar/beatmo/internal/ui/grid.go:125.2,125.17 1 1
github.com/ingyamilmolinar/beatmo/internal/ui/grid.go:125.17,127.3 1 1
github.com/ingyamilmolinar/beatmo/internal/ui/grid.go:129.2,129.14 1 1
github.com/ingyamilmolinar/beatmo/internal/ui/grid.go:129.14,131.3 1 1
github.com/ingyamilmolinar/beatmo/internal/ui/grid.go:132.2,132.10 1 1
github.com/ingyamilmolinar/beatmo/internal/ui/grid.go:138.52,146.17 6 1
github.com/ingyamilmolinar/beatmo/internal/ui/grid.go:146.17,149.3 2 1
github.com/ingyamilmolinar/beatmo/internal/ui/grid.go:150.2,150.17 1 1
github.com/ingyamilmolinar/beatmo/internal/ui/grid.go:150.17,152.3 1 1
github.com/ingyamilmolinar/beatmo/internal/ui/grid.go:153.2,153.10 1 1
github.com/ingyamilmolinar/beatmo/internal/ui/grid.go:158.53,159.16 1 1
github.com/ingyamilmolinar/beatmo/internal/ui/grid.go:159.16,161.3 1 0
github.com/ingyamilmolinar/beatmo/internal/ui/grid.go:162.2,162.48 1 1
github.com/ingyamilmolinar/beatmo/internal/ui/grid.go:167.40,172.2 1 1
github.com/ingyamilmolinar/beatmo/internal/ui/grid.go:175.64,180.2 4 1
github.com/ingyamilmolinar/beatmo/internal/ui/grid.go:184.62,186.14 2 1
github.com/ingyamilmolinar/beatmo/internal/ui/grid.go:186.14,188.3 1 0
github.com/ingyamilmolinar/beatmo/internal/ui/grid.go:189.2,191.14 3 1
github.com/ingyamilmolinar/beatmo/internal/ui/grid.go:191.14,193.3 1 1
github.com/ingyamilmolinar/beatmo/internal/ui/grid.go:194.2,195.31 2 1
github.com/ingyamilmolinar/beatmo/internal/ui/grid.go:201.46,203.12 2 1
github.com/ingyamilmolinar/beatmo/internal/ui/grid.go:203.12,205.3 1 0
github.com/ingyamilmolinar/beatmo/internal/ui/grid.go:206.2,206.11 1 1
github.com/ingyamilmolinar/beatmo/internal/ui/grid.go:211.69,221.52 2 1
github.com/ingyamilmolinar/beatmo/internal/ui/grid.go:221.52,223.3 1 0
github.com/ingyamilmolinar/beatmo/internal/ui/grid.go:224.2,234.22 8 1
github.com/ingyamilmolinar/beatmo/internal/ui/grid.go:234.22,236.3 1 0
github.com/ingyamilmolinar/beatmo/internal/ui/grid.go:237.2,240.29 4 1
github.com/ingyamilmolinar/beatmo/internal/ui/grid.go:240.29,242.21 2 1
github.com/ingyamilmolinar/beatmo/internal/ui/grid.go:242.21,243.12 1 1
github.com/ingyamilmolinar/beatmo/internal/ui/grid.go:245.3,252.35 8 1
github.com/ingyamilmolinar/beatmo/internal/ui/grid.go:252.35,254.33 2 1
github.com/ingyamilmolinar/beatmo/internal/ui/grid.go:254.33,255.13 1 1
github.com/ingyamilmolinar/beatmo/internal/ui/grid.go:257.4,258.29 2 1
github.com/ingyamilmolinar/beatmo/internal/ui/grid.go:260.3,260.35 1 1
github.com/ingyamilmolinar/beatmo/internal/ui/grid.go:260.35,262.33 2 1
github.com/ingyamilmolinar/beatmo/internal/ui/grid.go:262.33,263.13 1 1
github.com/ingyamilmolinar/beatmo/internal/ui/grid.go:265.4,266.29 2 1
github.com/ingyamilmolinar/beatmo/internal/ui/grid.go:268.3,268.66 1 1
github.com/ingyamilmolinar/beatmo/internal/ui/grid.go:271.2,279.15 9 1
github.com/ingyamilmolinar/beatmo/internal/ui/hit_index.go:26.61,28.26 2 1
github.com/ingyamilmolinar/beatmo/internal/ui/hit_index.go:28.26,34.3 1 1
github.com/ingyamilmolinar/beatmo/internal/ui/hit_index.go:38.70,40.26 2 1
github.com/ingyamilmolinar/beatmo/internal/ui/hit_index.go:40.26,46.3 1 1
github.com/ingyamilmolinar/beatmo/internal/ui/hit_index.go:50.53,52.2 1 1
github.com/ingyamilmolinar/beatmo/internal/ui/hit_index.go:56.49,58.2 1 1
github.com/ingyamilmolinar/beatmo/internal/ui/hit_index.go:61.35,63.2 1 1
github.com/ingyamilmolinar/beatmo/internal/ui/hit_index.go:69.52,74.30 4 1
github.com/ingyamilmolinar/beatmo/internal/ui/hit_index.go:74.30,76.52 1 1
github.com/ingyamilmolinar/beatmo/internal/ui/hit_index.go:76.52,77.12 1 1
github.com/ingyamilmolinar/beatmo/internal/ui/hit_index.go:80.3,81.28 2 1
github.com/ingyamilmolinar/beatmo/internal/ui/hit_index.go:81.28,83.27 2 1
github.com/ingyamilmolinar/beatmo/internal/ui/hit_index.go:83.27,85.5 1 1
github.com/ingyamilmolinar/beatmo/internal/ui/hit_index.go:87.3,87.15 1 1
github.com/ingyamilmolinar/beatmo/internal/ui/hit_index.go:87.15,89.4 1 1
github.com/ingyamilmolinar/beatmo/internal/ui/hit_index.go:96.2,96.47 1 1
github.com/ingyamilmolinar/beatmo/internal/ui/hit_index.go:96.47,99.23 3 1
github.com/ingyamilmolinar/beatmo/internal/ui/hit_index.go:99.23,101.4 1 1
github.com/ingyamilmolinar/beatmo/internal/ui/hit_index.go:102.3,102.43 1 1
github.com/ingyamilmolinar/beatmo/internal/ui/hit_index.go:102.43,104.4 1 1
github.com/ingyamilmolinar/beatmo/internal/ui/hit_index.go:105.3,105.15 1 1
github.com/ingyamilmolinar/beatmo/internal/ui/hit_index.go:107.2,107.15 1 1
github.com/ingyamilmolinar/beatmo/internal/ui/hit_index.go:111.45,113.30 2 1
github.com/ingyamilmolinar/beatmo/internal/ui/hit_index.go:113.30,114.22 1 1
github.com/ingyamilmolinar/beatmo/internal/ui/hit_index.go:114.22,117.4 2 1
github.com/ingyamilmolinar/beatmo/internal/ui/hit_index.go:120.2,120.38 1 1
github.com/ingyamilmolinar/beatmo/internal/ui/hit_index.go:120.38,122.3 1 1
github.com/ingyamilmolinar/beatmo/internal/ui/hit_index.go:123.2,123.27 1 1
github.com/ingyamilmolinar/beatmo/internal/ui/hit_index.go:127.60,129.2 1 1
github.com/ingyamilmolinar/beatmo/internal/ui/import.go:36.42,39.13 2 1
github.com/ingyamilmolinar/beatmo/internal/ui/import.go:39.13,41.3 1 1
github.com/ingyamilmolinar/beatmo/internal/ui/import.go:42.2,43.17 2 1
github.com/ingyamilmolinar/beatmo/internal/ui/import.go:43.17,45.3 1 1
github.com/ingyamilmolinar/beatmo/internal/ui/import.go:46.2,46.25 1 1
github.com/ingyamilmolinar/beatmo/internal/ui/import.go:46.25,48.75 2 1
github.com/ingyamilmolinar/beatmo/internal/ui/import.go:48.75,50.4 1 0
github.com/ingyamilmolinar/beatmo/internal/ui/import.go:52.2,54.16 3 1
github.com/ingyamilmolinar/beatmo/internal/ui/import.go:54.16,56.3 1 0
github.com/ingyamilmolinar/beatmo/internal/ui/import.go:57.2,57.31 1 1
github.com/ingyamilmolinar/beatmo/internal/ui/import.go:63.42,66.15 3 1
github.com/ingyamilmolinar/beatmo/internal/ui/import.go:66.15,66.87 1 1
github.com/ingyamilmolinar/beatmo/internal/ui/import.go:71.2,72.16 2 1
github.com/ingyamilmolinar/beatmo/internal/ui/import.go:72.16,75.3 2 1
github.com/ingyamilmolinar/beatmo/internal/ui/import.go:76.2,76.15 1 1
github.com/ingyamilmolinar/beatmo/internal/ui/import.go:76.15,77.17 1 1
github.com/ingyamilmolinar/beatmo/internal/ui/import.go:77.17,80.4 2 1
github.com/ingyamilmolinar/beatmo/internal/ui/import.go:85.2,91.15 6 1
github.com/ingyamilmolinar/beatmo/internal/ui/import.go:91.15,91.38 1 1
github.com/ingyamilmolinar/beatmo/internal/ui/import.go:92.2,93.15 2 1
github.com/ingyamilmolinar/beatmo/internal/ui/import.go:93.15,93.39 1 1
github.com/ingyamilmolinar/beatmo/internal/ui/import.go:94.2,103.49 9 1
github.com/ingyamilmolinar/beatmo/internal/ui/import.go:103.49,105.3 1 1
github.com/ingyamilmolinar/beatmo/internal/ui/import.go:107.2,107.47 1 1
github.com/ingyamilmolinar/beatmo/internal/ui/import.go:107.47,109.3 1 1
github.com/ingyamilmolinar/beatmo/internal/ui/import.go:110.2,110.35 1 1
github.com/ingyamilmolinar/beatmo/internal/ui/import.go:110.35,112.3 1 1
github.com/ingyamilmolinar/beatmo/internal/ui/import.go:115.2,115.19 1 1
github.com/ingyamilmolinar/beatmo/internal/ui/import.go:115.19,117.3 1 1
github.com/ingyamilmolinar/beatmo/internal/ui/import.go:118.2,118.18 1 1
github.com/ingyamilmolinar/beatmo/internal/ui/import.go:119.20,119.20 0 1
github.com/ingyamilmolinar/beatmo/internal/ui/import.go:120.10,121.16 1 1
github.com/ingyamilmolinar/beatmo/internal/ui/import.go:128.2,152.52 18 1
github.com/ingyamilmolinar/beatmo/internal/ui/import.go:152.52,155.3 1 0
github.com/ingyamilmolinar/beatmo/internal/ui/import.go:156.2,161.34 4 1
github.com/ingyamilmolinar/beatmo/internal/ui/import.go:161.34,164.24 2 1
github.com/ingyamilmolinar/beatmo/internal/ui/import.go:164.24,165.29 1 1
github.com/ingyamilmolinar/beatmo/internal/ui/import.go:165.29,167.16 2 1
github.com/ingyamilmolinar/beatmo/internal/ui/import.go:167.16,169.6 1 0
github.com/ingyamilmolinar/beatmo/internal/ui/import.go:170.5,170.15 1 1
github.com/ingyamilmolinar/beatmo/internal/ui/import.go:170.15,172.6 1 0
github.com/ingyamilmolinar/beatmo/internal/ui/import.go:173.5,173.17 1 1
github.com/ingyamilmolinar/beatmo/internal/ui/import.go:178.3,181.24 3 1
github.com/ingyamilmolinar/beatmo/internal/ui/import.go:181.24,182.31 1 1
github.com/ingyamilmolinar/beatmo/internal/ui/import.go:182.31,184.5 1 1
github.com/ingyamilmolinar/beatmo/internal/ui/import.go:186.3,189.27 3 1
github.com/ingyamilmolinar/beatmo/internal/ui/import.go:189.27,191.4 1 1
github.com/ingyamilmolinar/beatmo/internal/ui/import.go:191.9,193.4 1 1
github.com/ingyamilmolinar/beatmo/internal/ui/import.go:194.3,195.27 2 1
github.com/ingyamilmolinar/beatmo/internal/ui/import.go:195.27,197.4 1 1
github.com/ingyamilmolinar/beatmo/internal/ui/import.go:197.9,199.4 1 1
github.com/ingyamilmolinar/beatmo/internal/ui/import.go:200.3,202.41 2 1
github.com/ingyamilmolinar/beatmo/internal/ui/import.go:202.41,204.4 1 1
github.com/ingyamilmolinar/beatmo/internal/ui/import.go:208.2,210.28 3 1
github.com/ingyamilmolinar/beatmo/internal/ui/import.go:210.28,211.28 1 1
github.com/ingyamilmolinar/beatmo/internal/ui/import.go:211.28,212.12 1 0
github.com/ingyamilmolinar/beatmo/internal/ui/import.go:215.3,220.17 5 1
github.com/ingyamilmolinar/beatmo/internal/ui/import.go:220.17,222.4 1 1
github.com/ingyamilmolinar/beatmo/internal/ui/import.go:222.9,222.25 1 1
github.com/ingyamilmolinar/beatmo/internal/ui/import.go:222.25,224.4 1 0
github.com/ingyamilmolinar/beatmo/internal/ui/import.go:225.3,225.17 1 1
github.com/ingyamilmolinar/beatmo/internal/ui/import.go:225.17,227.4 1 0
github.com/ingyamilmolinar/beatmo/internal/ui/import.go:227.9,227.25 1 1
github.com/ingyamilmolinar/beatmo/internal/ui/import.go:227.25,229.4 1 1
github.com/ingyamilmolinar/beatmo/internal/ui/import.go:230.3,231.34 2 1
github.com/ingyamilmolinar/beatmo/internal/ui/import.go:232.17,233.35 1 1
github.com/ingyamilmolinar/beatmo/internal/ui/import.go:234.15,235.33 1 1
github.com/ingyamilmolinar/beatmo/internal/ui/import.go:237.3,239.47 2 1
github.com/ingyamilmolinar/beatmo/internal/ui/import.go:239.47,241.21 2 1
github.com/ingyamilmolinar/beatmo/internal/ui/import.go:241.21,244.14 2 1
github.com/ingyamilmolinar/beatmo/internal/ui/import.go:244.14,246.6 1 1
github.com/ingyamilmolinar/beatmo/internal/ui/import.go:246.11,246.21 1 1
github.com/ingyamilmolinar/beatmo/internal/ui/import.go:246.21,248.6 1 0
github.com/ingyamilmolinar/beatmo/internal/ui/import.go:249.5,249.17 1 1
github.com/ingyamilmolinar/beatmo/internal/ui/import.go:251.4,251.20 1 1
github.com/ingyamilmolinar/beatmo/internal/ui/import.go:251.20,253.5 1 1
github.com/ingyamilmolinar/beatmo/internal/ui/import.go:254.4,254.22 1 1
github.com/ingyamilmolinar/beatmo/internal/ui/import.go:254.22,256.5 1 1
github.com/ingyamilmolinar/beatmo/internal/ui/import.go:258.4,258.26 1 1
github.com/ingyamilmolinar/beatmo/internal/ui/import.go:258.26,260.15 2 1
github.com/ingyamilmolinar/beatmo/internal/ui/import.go:261.26,264.16 3 1
github.com/ingyamilmolinar/beatmo/internal/ui/import.go:264.16,266.7 1 0
github.com/ingyamilmolinar/beatmo/internal/ui/import.go:266.12,266.23 1 1
github.com/ingyamilmolinar/beatmo/internal/ui/import.go:266.23,268.7 1 0
github.com/ingyamilmolinar/beatmo/internal/ui/import.go:269.6,269.22 1 1
github.com/ingyamilmolinar/beatmo/internal/ui/import.go:270.13,270.13 0 1
github.com/ingyamilmolinar/beatmo/internal/ui/import.go:275.4,275.25 1 1
github.com/ingyamilmolinar/beatmo/internal/ui/import.go:275.25,276.36 1 1
github.com/ingyamilmolinar/beatmo/internal/ui/import.go:276.36,278.6 1 1
github.com/ingyamilmolinar/beatmo/internal/ui/import.go:279.5,279.39 1 1
github.com/ingyamilmolinar/beatmo/internal/ui/import.go:279.39,281.6 1 1
github.com/ingyamilmolinar/beatmo/internal/ui/import.go:283.5,283.46 1 1
github.com/ingyamilmolinar/beatmo/internal/ui/import.go:283.46,285.6 1 1
github.com/ingyamilmolinar/beatmo/internal/ui/import.go:286.5,286.48 1 1
github.com/ingyamilmolinar/beatmo/internal/ui/import.go:286.48,288.6 1 1
github.com/ingyamilmolinar/beatmo/internal/ui/import.go:290.5,291.21 2 1
github.com/ingyamilmolinar/beatmo/internal/ui/import.go:291.21,292.30 1 1
github.com/ingyamilmolinar/beatmo/internal/ui/import.go:292.30,294.7 1 0
github.com/ingyamilmolinar/beatmo/internal/ui/import.go:295.6,295.25 1 1
github.com/ingyamilmolinar/beatmo/internal/ui/import.go:297.5,297.21 1 1
github.com/ingyamilmolinar/beatmo/internal/ui/import.go:297.21,298.22 1 1
github.com/ingyamilmolinar/beatmo/internal/ui/import.go:298.22,300.7 1 0
github.com/ingyamilmolinar/beatmo/internal/ui/import.go:301.6,301.22 1 1
github.com/ingyamilmolinar/beatmo/internal/ui/import.go:301.22,303.7 1 1
github.com/ingyamilmolinar/beatmo/internal/ui/import.go:304.6,304.25 1 1
github.com/ingyamilmolinar/beatmo/internal/ui/import.go:307.10,307.30 1 1
github.com/ingyamilmolinar/beatmo/internal/ui/import.go:307.30,311.32 2 1
github.com/ingyamilmolinar/beatmo/internal/ui/import.go:311.32,313.6 1 0
github.com/ingyamilmolinar/beatmo/internal/ui/import.go:313.11,313.31 1 1
github.com/ingyamilmolinar/beatmo/internal/ui/import.go:313.31,315.6 1 1
github.com/ingyamilmolinar/beatmo/internal/ui/import.go:316.5,316.21 1 1
github.com/ingyamilmolinar/beatmo/internal/ui/import.go:319.4,319.34 1 1
github.com/ingyamilmolinar/beatmo/internal/ui/import.go:319.34,322.5 2 1
github.com/ingyamilmolinar/beatmo/internal/ui/import.go:324.4,331.35 8 1
github.com/ingyamilmolinar/beatmo/internal/ui/import.go:333.3,333.19 1 1
github.com/ingyamilmolinar/beatmo/internal/ui/import.go:335.2,339.28 3 1
github.com/ingyamilmolinar/beatmo/internal/ui/import.go:339.28,340.45 1 1
github.com/ingyamilmolinar/beatmo/internal/ui/import.go:340.45,341.12 1 0
github.com/ingyamilmolinar/beatmo/internal/ui/import.go:343.3,344.18 2 1
github.com/ingyamilmolinar/beatmo/internal/ui/import.go:344.18,345.12 1 0
github.com/ingyamilmolinar/beatmo/internal/ui/import.go:347.3,347.33 1 1
github.com/ingyamilmolinar/beatmo/internal/ui/import.go:347.33,349.17 2 1
github.com/ingyamilmolinar/beatmo/internal/ui/import.go:349.17,351.5 1 1
github.com/ingyamilmolinar/beatmo/internal/ui/import.go:354.2,359.37 5 1
github.com/ingyamilmolinar/beatmo/internal/ui/import.go:359.37,367.13 7 1
github.com/ingyamilmolinar/beatmo/internal/ui/import.go:367.13,369.4 1 0
github.com/ingyamilmolinar/beatmo/internal/ui/import.go:369.9,369.20 1 1
github.com/ingyamilmolinar/beatmo/internal/ui/import.go:369.20,371.4 1 1
github.com/ingyamilmolinar/beatmo/internal/ui/import.go:372.3,379.63 4 1
github.com/ingyamilmolinar/beatmo/internal/ui/import.go:379.63,381.71 1 1
github.com/ingyamilmolinar/beatmo/internal/ui/import.go:381.71,382.33 1 1
github.com/ingyamilmolinar/beatmo/internal/ui/import.go:382.33,384.6 1 0
github.com/ingyamilmolinar/beatmo/internal/ui/import.go:385.5,385.43 1 1
github.com/ingyamilmolinar/beatmo/internal/ui/import.go:387.4,387.31 1 1
github.com/ingyamilmolinar/beatmo/internal/ui/import.go:391.3,392.62 2 1
github.com/ingyamilmolinar/beatmo/internal/ui/import.go:392.62,394.4 1 1
github.com/ingyamilmolinar/beatmo/internal/ui/import.go:397.3,397.21 1 1
github.com/ingyamilmolinar/beatmo/internal/ui/import.go:397.21,398.32 1 1
github.com/ingyamilmolinar/beatmo/internal/ui/import.go:398.32,400.5 1 0
github.com/ingyamilmolinar/beatmo/internal/ui/import.go:401.4,404.31 3 1
github.com/ingyamilmolinar/beatmo/internal/ui/import.go:406.3,406.50 1 1
github.com/ingyamilmolinar/beatmo/internal/ui/import.go:406.50,409.16 3 1
github.com/ingyamilmolinar/beatmo/internal/ui/import.go:409.16,412.5 2 1
github.com/ingyamilmolinar/beatmo/internal/ui/import.go:413.4,413.132 1 1
github.com/ingyamilmolinar/beatmo/internal/ui/import.go:414.9,416.4 1 0
github.com/ingyamilmolinar/beatmo/internal/ui/import.go:418.3,418.21 1 1
github.com/ingyamilmolinar/beatmo/internal/ui/import.go:418.21,420.25 2 1
github.com/ingyamilmolinar/beatmo/internal/ui/import.go:420.25,421.33 1 1
github.com/ingyamilmolinar/beatmo/internal/ui/import.go:421.33,423.17 2 1
github.com/ingyamilmolinar/beatmo/internal/ui/import.go:423.17,425.7 1 0
github.com/ingyamilmolinar/beatmo/internal/ui/import.go:426.6,426.16 1 1
github.com/ingyamilmolinar/beatmo/internal/ui/import.go:426.16,428.7 1 0
github.com/ingyamilmolinar/beatmo/internal/ui/import.go:429.6,429.18 1 1
github.com/ingyamilmolinar/beatmo/internal/ui/import.go:432.4,435.25 3 1
github.com/ingyamilmolinar/beatmo/internal/ui/import.go:435.25,436.35 1 1
github.com/ingyamilmolinar/beatmo/internal/ui/import.go:436.35,438.6 1 1
github.com/ingyamilmolinar/beatmo/internal/ui/import.go:440.4,443.31 3 1
github.com/ingyamilmolinar/beatmo/internal/ui/import.go:443.31,445.5 1 1
github.com/ingyamilmolinar/beatmo/internal/ui/import.go:445.10,447.5 1 1
github.com/ingyamilmolinar/beatmo/internal/ui/import.go:448.4,449.31 2 1
github.com/ingyamilmolinar/beatmo/internal/ui/import.go:449.31,451.5 1 1
github.com/ingyamilmolinar/beatmo/internal/ui/import.go:451.10,453.5 1 1
github.com/ingyamilmolinar/beatmo/internal/ui/import.go:454.4,456.50 2 1
github.com/ingyamilmolinar/beatmo/internal/ui/import.go:456.50,458.5 1 0
github.com/ingyamilmolinar/beatmo/internal/ui/import.go:461.3,461.28 1 1
github.com/ingyamilmolinar/beatmo/internal/ui/import.go:461.28,465.4 3 1
github.com/ingyamilmolinar/beatmo/internal/ui/import.go:467.3,472.47 6 1
github.com/ingyamilmolinar/beatmo/internal/ui/import.go:474.2,478.15 4 1
github.com/ingyamilmolinar/beatmo/internal/ui/import.go:478.15,480.3 1 1
github.com/ingyamilmolinar/beatmo/internal/ui/import.go:482.2,482.24 1 1
github.com/ingyamilmolinar/beatmo/internal/ui/import.go:482.24,485.36 3 1
github.com/ingyamilmolinar/beatmo/internal/ui/import.go:485.36,487.4 1 1
github.com/ingyamilmolinar/beatmo/internal/ui/import.go:488.8,490.36 2 1
github.com/ingyamilmolinar/beatmo/internal/ui/import.go:490.36,492.4 1 1
github.com/ingyamilmolinar/beatmo/internal/ui/import.go:496.2,505.19 9 1
github.com/ingyamilmolinar/beatmo/internal/ui/import.go:505.19,507.3 1 1
github.com/ingyamilmolinar/beatmo/internal/ui/import.go:508.2,509.12 2 1
github.com/ingyamilmolinar/beatmo/internal/ui/import.go:515.42,517.64 1 1
github.com/ingyamilmolinar/beatmo/internal/ui/import.go:517.64,519.3 1 0
github.com/ingyamilmolinar/beatmo/internal/ui/import.go:521.2,522.16 2 1
github.com/ingyamilmolinar/beatmo/internal/ui/import.go:522.16,524.3 1 1
github.com/ingyamilmolinar/beatmo/internal/ui/import.go:526.2,526.50 1 1
github.com/ingyamilmolinar/beatmo/internal/ui/import.go:526.50,531.5 1 0
github.com/ingyamilmolinar/beatmo/internal/ui/import.go:531.5,532.63 1 0
github.com/ingyamilmolinar/beatmo/internal/ui/import.go:532.63,535.5 2 0
github.com/ingyamilmolinar/beatmo/internal/ui/import.go:539.2,539.29 1 1
github.com/ingyamilmolinar/beatmo/internal/ui/import.go:539.29,541.27 2 1
github.com/ingyamilmolinar/beatmo/internal/ui/import.go:541.27,543.4 1 1
github.com/ingyamilmolinar/beatmo/internal/ui/import.go:544.3,546.62 3 1
github.com/ingyamilmolinar/beatmo/internal/ui/import.go:546.62,549.4 2 1
github.com/ingyamilmolinar/beatmo/internal/ui/import.go:552.2,552.39 1 1
github.com/ingyamilmolinar/beatmo/internal/ui/import.go:552.39,553.70 1 1
github.com/ingyamilmolinar/beatmo/internal/ui/import.go:553.70,554.23 1 0
github.com/ingyamilmolinar/beatmo/internal/ui/import.go:554.23,556.5 1 0
github.com/ingyamilmolinar/beatmo/internal/ui/import.go:558.3,558.22 1 1
github.com/ingyamilmolinar/beatmo/internal/ui/import.go:558.22,560.35 2 0
github.com/ingyamilmolinar/beatmo/internal/ui/import.go:560.35,562.5 1 0
github.com/ingyamilmolinar/beatmo/internal/ui/import.go:565.2,565.11 1 1
github.com/ingyamilmolinar/beatmo/internal/ui/import.go:569.42,570.12 1 1
github.com/ingyamilmolinar/beatmo/internal/ui/import.go:570.12,572.3 1 1
github.com/ingyamilmolinar/beatmo/internal/ui/import.go:573.2,573.12 1 1
github.com/ingyamilmolinar/beatmo/internal/ui/import.go:573.12,575.3 1 1
github.com/ingyamilmolinar/beatmo/internal/ui/import.go:576.2,576.10 1 1
github.com/ingyamilmolinar/beatmo/internal/ui/input.go:42.37,43.26 1 1
github.com/ingyamilmolinar/beatmo/internal/ui/input.go:43.26,45.4 1 0
github.com/ingyamilmolinar/beatmo/internal/ui/input.go:46.3,46.29 1 1
github.com/ingyamilmolinar/beatmo/internal/ui/input.go:48.57,49.78 1 1
github.com/ingyamilmolinar/beatmo/internal/ui/input.go:49.78,51.4 1 0
github.com/ingyamilmolinar/beatmo/internal/ui/input.go:52.3,52.36 1 1
github.com/ingyamilmolinar/beatmo/internal/ui/input.go:72.10,88.16 16 1
github.com/ingyamilmolinar/beatmo/internal/ui/input.go:88.16,98.3 9 1
github.com/ingyamilmolinar/beatmo/internal/ui/input.go:105.10,110.16 5 1
github.com/ingyamilmolinar/beatmo/internal/ui/input.go:110.16,113.3 2 1
github.com/ingyamilmolinar/beatmo/internal/ui/input_dispatch.go:15.44,17.2 1 1
github.com/ingyamilmolinar/beatmo/internal/ui/input_dispatch.go:20.52,22.2 1 1
github.com/ingyamilmolinar/beatmo/internal/ui/input_dispatch.go:25.34,26.51 1 1
github.com/ingyamilmolinar/beatmo/internal/ui/input_dispatch.go:26.51,28.3 1 1
github.com/ingyamilmolinar/beatmo/internal/ui/input_dispatch.go:33.65,36.22 1 1
github.com/ingyamilmolinar/beatmo/internal/ui/input_dispatch.go:36.22,38.29 2 1
github.com/ingyamilmolinar/beatmo/internal/ui/input_dispatch.go:38.29,40.4 1 1
github.com/ingyamilmolinar/beatmo/internal/ui/input_dispatch.go:41.3,41.32 1 1
github.com/ingyamilmolinar/beatmo/internal/ui/input_dispatch.go:45.2,46.31 2 1
github.com/ingyamilmolinar/beatmo/internal/ui/input_dispatch.go:46.31,47.30 1 1
github.com/ingyamilmolinar/beatmo/internal/ui/input_dispatch.go:47.30,48.12 1 1
github.com/ingyamilmolinar/beatmo/internal/ui/input_dispatch.go:50.3,51.30 2 1
github.com/ingyamilmolinar/beatmo/internal/ui/input_dispatch.go:51.30,54.4 2 1
github.com/ingyamilmolinar/beatmo/internal/ui/input_dispatch.go:55.3,55.30 1 1
github.com/ingyamilmolinar/beatmo/internal/ui/input_dispatch.go:55.30,57.4 1 1
github.com/ingyamilmolinar/beatmo/internal/ui/input_dispatch.go:59.2,59.14 1 1
github.com/ingyamilmolinar/beatmo/internal/ui/input_dispatch.go:66.63,67.22 1 1
github.com/ingyamilmolinar/beatmo/internal/ui/input_dispatch.go:67.22,70.3 2 0
github.com/ingyamilmolinar/beatmo/internal/ui/input_dispatch.go:71.2,72.31 2 1
github.com/ingyamilmolinar/beatmo/internal/ui/input_dispatch.go:72.31,73.30 1 1
github.com/ingyamilmolinar/beatmo/internal/ui/input_dispatch.go:73.30,74.12 1 1
github.com/ingyamilmolinar/beatmo/internal/ui/input_dispatch.go:76.3,77.57 2 1
github.com/ingyamilmolinar/beatmo/internal/ui/input_dispatch.go:77.57,79.4 1 1
github.com/ingyamilmolinar/beatmo/internal/ui/input_dispatch.go:81.2,81.14 1 1
github.com/ingyamilmolinar/beatmo/internal/ui/input_dispatch.go:86.35,89.2 1 1
github.com/ingyamilmolinar/beatmo/internal/ui/input_dispatch.go:92.38,95.2 2 1
github.com/ingyamilmolinar/beatmo/internal/ui/input_dispatch.go:100.68,102.2 1 1
github.com/ingyamilmolinar/beatmo/internal/ui/js_exports_stub.go:5.33,5.34 0 1
github.com/ingyamilmolinar/beatmo/internal/ui/js_exports_stub.go:6.33,6.34 0 1
github.com/ingyamilmolinar/beatmo/internal/ui/jslog_desktop.go:5.49,5.50 0 1
github.com/ingyamilmolinar/beatmo/internal/ui/layout_profile.go:134.31,138.51 2 1
github.com/ingyamilmolinar/beatmo/internal/ui/layout_profile.go:138.51,139.11 1 1
github.com/ingyamilmolinar/beatmo/internal/ui/layout_profile.go:139.11,141.4 1 1
github.com/ingyamilmolinar/beatmo/internal/ui/layout_profile.go:141.9,143.4 1 1
github.com/ingyamilmolinar/beatmo/internal/ui/layout_profile.go:145.2,145.22 1 1
github.com/ingyamilmolinar/beatmo/internal/ui/layout_profile.go:150.22,151.25 1 1
github.com/ingyamilmolinar/beatmo/internal/ui/layout_profile.go:151.25,153.3 1 1
github.com/ingyamilmolinar/beatmo/internal/ui/layout_profile.go:153.8,155.3 1 1
github.com/ingyamilmolinar/beatmo/internal/ui/layout_profile.go:159.41,159.75 1 1
github.com/ingyamilmolinar/beatmo/internal/ui/layout_profile.go:163.38,269.2 1 1
github.com/ingyamilmolinar/beatmo/internal/ui/layout_profile.go:271.37,377.2 1 1
github.com/ingyamilmolinar/beatmo/internal/ui/layout_resize_zone.go:18.68,20.2 1 1
github.com/ingyamilmolinar/beatmo/internal/ui/layout_resize_zone.go:22.40,22.66 1 1
github.com/ingyamilmolinar/beatmo/internal/ui/layout_resize_zone.go:24.57,27.2 2 1
github.com/ingyamilmolinar/beatmo/internal/ui/layout_resize_zone.go:29.47,29.65 1 1
github.com/ingyamilmolinar/beatmo/internal/ui/layout_resize_zone.go:30.47,30.65 1 1
github.com/ingyamilmolinar/beatmo/internal/ui/layout_resize_zone.go:34.37,35.44 1 1
github.com/ingyamilmolinar/beatmo/internal/ui/layout_resize_zone.go:35.44,37.3 1 1
github.com/ingyamilmolinar/beatmo/internal/ui/layout_resize_zone.go:38.2,39.47 2 1
github.com/ingyamilmolinar/beatmo/internal/ui/layout_resize_zone.go:39.47,42.3 2 1
github.com/ingyamilmolinar/beatmo/internal/ui/layout_resize_zone.go:44.2,44.66 1 1
github.com/ingyamilmolinar/beatmo/internal/ui/layout_resize_zone.go:44.66,46.51 2 1
github.com/ingyamilmolinar/beatmo/internal/ui/layout_resize_zone.go:46.51,48.4 1 1
github.com/ingyamilmolinar/beatmo/internal/ui/layout_resize_zone.go:48.9,50.4 1 1
github.com/ingyamilmolinar/beatmo/internal/ui/layout_resize_zone.go:51.3,51.9 1 1
github.com/ingyamilmolinar/beatmo/internal/ui/layout_resize_zone.go:53.2,53.63 1 1
github.com/ingyamilmolinar/beatmo/internal/ui/layout_resize_zone.go:53.63,54.47 1 1
github.com/ingyamilmolinar/beatmo/internal/ui/layout_resize_zone.go:54.47,56.52 2 1
github.com/ingyamilmolinar/beatmo/internal/ui/layout_resize_zone.go:56.52,58.5 1 0
github.com/ingyamilmolinar/beatmo/internal/ui/layout_resize_zone.go:58.10,60.5 1 1
github.com/ingyamilmolinar/beatmo/internal/ui/layout_resize_zone.go:61.4,61.10 1 1
github.com/ingyamilmolinar/beatmo/internal/ui/layout_resize_zone.go:64.2,64.34 1 1
github.com/ingyamilmolinar/beatmo/internal/ui/layout_resize_zone.go:68.49,69.86 1 1
github.com/ingyamilmolinar/beatmo/internal/ui/layout_resize_zone.go:69.86,71.3 1 1
github.com/ingyamilmolinar/beatmo/internal/ui/layout_resize_zone.go:72.2,76.33 3 1
github.com/ingyamilmolinar/beatmo/internal/ui/layout_resize_zone.go:76.33,78.16 2 1
github.com/ingyamilmolinar/beatmo/internal/ui/layout_resize_zone.go:78.16,79.12 1 0
github.com/ingyamilmolinar/beatmo/internal/ui/layout_resize_zone.go:82.3,88.5 2 1
github.com/ingyamilmolinar/beatmo/internal/ui/layout_resize_zone.go:92.2,93.33 2 1
github.com/ingyamilmolinar/beatmo/internal/ui/layout_resize_zone.go:93.33,95.16 2 1
github.com/ingyamilmolinar/beatmo/internal/ui/layout_resize_zone.go:95.16,96.12 1 1
github.com/ingyamilmolinar/beatmo/internal/ui/layout_resize_zone.go:98.3,104.5 2 1
github.com/ingyamilmolinar/beatmo/internal/ui/layout_resize_zone.go:107.2,107.14 1 1
github.com/ingyamilmolinar/beatmo/internal/ui/layout_resize_zone.go:110.56,110.57 0 1
github.com/ingyamilmolinar/beatmo/internal/ui/layout_resize_zone.go:111.66,113.2 1 1
github.com/ingyamilmolinar/beatmo/internal/ui/layout_resize_zone.go:114.66,116.2 1 1
github.com/ingyamilmolinar/beatmo/internal/ui/layout_resize_zone.go:126.64,128.21 2 1
github.com/ingyamilmolinar/beatmo/internal/ui/layout_resize_zone.go:128.21,130.3 1 0
github.com/ingyamilmolinar/beatmo/internal/ui/layout_resize_zone.go:131.2,132.22 2 1
github.com/ingyamilmolinar/beatmo/internal/ui/layout_resize_zone.go:135.51,137.2 1 1
github.com/ingyamilmolinar/beatmo/internal/ui/layout_resize_zone.go:139.54,141.2 1 1
github.com/ingyamilmolinar/beatmo/internal/ui/layout_resize_zone.go:143.71,145.2 1 1
github.com/ingyamilmolinar/beatmo/internal/ui/mask_resolver.go:24.72,25.16 1 1
github.com/ingyamilmolinar/beatmo/internal/ui/mask_resolver.go:25.16,27.3 1 0
github.com/ingyamilmolinar/beatmo/internal/ui/mask_resolver.go:28.2,28.21 1 1
github.com/ingyamilmolinar/beatmo/internal/ui/mask_resolver.go:29.62,30.14 1 1
github.com/ingyamilmolinar/beatmo/internal/ui/mask_resolver.go:30.14,32.4 1 0
github.com/ingyamilmolinar/beatmo/internal/ui/mask_resolver.go:33.3,33.20 1 1
github.com/ingyamilmolinar/beatmo/internal/ui/mask_resolver.go:34.10,35.14 1 1
github.com/ingyamilmolinar/beatmo/internal/ui/mobile_input_stub.go:24.25,24.26 0 0
github.com/ingyamilmolinar/beatmo/internal/ui/mobile_input_stub.go:26.96,27.38 1 1
github.com/ingyamilmolinar/beatmo/internal/ui/mobile_input_stub.go:27.38,29.3 1 0
github.com/ingyamilmolinar/beatmo/internal/ui/mobile_input_stub.go:32.151,33.45 1 1
github.com/ingyamilmolinar/beatmo/internal/ui/mobile_input_stub.go:33.45,35.3 1 1
github.com/ingyamilmolinar/beatmo/internal/ui/mobile_input_stub.go:38.25,39.43 1 1
github.com/ingyamilmolinar/beatmo/internal/ui/mobile_input_stub.go:39.43,41.3 1 0
github.com/ingyamilmolinar/beatmo/internal/ui/mobile_input_stub.go:42.2,42.50 1 1
github.com/ingyamilmolinar/beatmo/internal/ui/mobile_input_stub.go:42.50,44.3 1 0
github.com/ingyamilmolinar/beatmo/internal/ui/mobile_input_stub.go:47.40,48.34 1 1
github.com/ingyamilmolinar/beatmo/internal/ui/mobile_input_stub.go:48.34,50.3 1 1
github.com/ingyamilmolinar/beatmo/internal/ui/mobile_input_stub.go:51.2,51.14 1 1
github.com/ingyamilmolinar/beatmo/internal/ui/mobile_input_stub.go:55.34,56.42 1 1
github.com/ingyamilmolinar/beatmo/internal/ui/mobile_input_stub.go:56.42,57.8 1 1
github.com/ingyamilmolinar/beatmo/internal/ui/mobile_input_stub.go:57.8,59.4 1 1
github.com/ingyamilmolinar/beatmo/internal/ui/mobile_input_stub.go:61.2,61.14 1 1
github.com/ingyamilmolinar/beatmo/internal/ui/mobile_input_stub.go:64.60,65.34 1 1
github.com/ingyamilmolinar/beatmo/internal/ui/mobile_input_stub.go:65.34,66.57 1 1
github.com/ingyamilmolinar/beatmo/internal/ui/mobile_input_stub.go:66.57,70.4 3 1
github.com/ingyamilmolinar/beatmo/internal/ui/mobile_input_stub.go:72.2,72.25 1 1
github.com/ingyamilmolinar/beatmo/internal/ui/mobile_input_stub.go:76.52,77.33 1 1
github.com/ingyamilmolinar/beatmo/internal/ui/mobile_input_stub.go:77.33,78.44 1 1
github.com/ingyamilmolinar/beatmo/internal/ui/mobile_input_stub.go:78.44,80.4 1 1
github.com/ingyamilmolinar/beatmo/internal/ui/mobile_input_stub.go:82.2,82.18 1 1
github.com/ingyamilmolinar/beatmo/internal/ui/mobile_input_stub.go:85.34,86.34 1 1
github.com/ingyamilmolinar/beatmo/internal/ui/mobile_input_stub.go:86.34,88.3 1 1
github.com/ingyamilmolinar/beatmo/internal/ui/mobile_input_stub.go:89.2,89.34 1 1
github.com/ingyamilmolinar/beatmo/internal/ui/mobile_input_stub.go:89.34,91.3 1 1
github.com/ingyamilmolinar/beatmo/internal/ui/mobile_input_stub.go:92.2,92.33 1 1
github.com/ingyamilmolinar/beatmo/internal/ui/mobile_input_stub.go:92.33,94.3 1 0
github.com/ingyamilmolinar/beatmo/internal/ui/mobile_input_stub.go:98.28,102.2 3 1
github.com/ingyamilmolinar/beatmo/internal/ui/nodesprite.go:15.46,18.2 2 1
github.com/ingyamilmolinar/beatmo/internal/ui/nodesprite.go:22.69,23.11 1 1
github.com/ingyamilmolinar/beatmo/internal/ui/nodesprite.go:23.11,25.3 1 0
github.com/ingyamilmolinar/beatmo/internal/ui/nodesprite.go:26.2,49.12 19 1
github.com/ingyamilmolinar/beatmo/internal/ui/overlay_base.go:12.35,14.2 1 1
github.com/ingyamilmolinar/beatmo/internal/ui/overlay_base.go:16.52,16.71 1 1
github.com/ingyamilmolinar/beatmo/internal/ui/overlay_base.go:17.52,17.68 1 1
github.com/ingyamilmolinar/beatmo/internal/ui/parity_scan_config.go:17.46,19.15 2 1
github.com/ingyamilmolinar/beatmo/internal/ui/parity_scan_config.go:19.15,21.3 1 1
github.com/ingyamilmolinar/beatmo/internal/ui/parity_scan_config.go:22.2,23.27 2 0
github.com/ingyamilmolinar/beatmo/internal/ui/parity_scan_config.go:23.27,25.3 1 0
github.com/ingyamilmolinar/beatmo/internal/ui/parity_scan_config.go:26.2,26.12 1 0
github.com/ingyamilmolinar/beatmo/internal/ui/path.go:12.55,13.19 1 1
github.com/ingyamilmolinar/beatmo/internal/ui/path.go:13.19,15.3 1 0
github.com/ingyamilmolinar/beatmo/internal/ui/path.go:16.2,16.34 1 1
github.com/ingyamilmolinar/beatmo/internal/ui/path.go:16.34,19.27 3 1
github.com/ingyamilmolinar/beatmo/internal/ui/path.go:19.27,21.4 1 1
github.com/ingyamilmolinar/beatmo/internal/ui/path.go:23.2,25.24 3 1
github.com/ingyamilmolinar/beatmo/internal/ui/path.go:25.24,28.3 2 1
github.com/ingyamilmolinar/beatmo/internal/ui/path.go:29.2,30.36 2 1
github.com/ingyamilmolinar/beatmo/internal/ui/path.go:30.36,31.29 1 1
github.com/ingyamilmolinar/beatmo/internal/ui/path.go:31.29,33.4 1 1
github.com/ingyamilmolinar/beatmo/internal/ui/path.go:35.2,35.12 1 1
github.com/ingyamilmolinar/beatmo/internal/ui/perf.go:70.32,82.2 11 1
github.com/ingyamilmolinar/beatmo/internal/ui/perf.go:84.50,86.17 2 1
github.com/ingyamilmolinar/beatmo/internal/ui/perf.go:86.17,88.3 1 1
github.com/ingyamilmolinar/beatmo/internal/ui/perf.go:89.2,90.37 2 1
github.com/ingyamilmolinar/beatmo/internal/ui/perf.go:90.37,92.3 1 1
github.com/ingyamilmolinar/beatmo/internal/ui/perf.go:93.2,94.6 2 1
github.com/ingyamilmolinar/beatmo/internal/ui/perf.go:94.6,96.22 2 1
github.com/ingyamilmolinar/beatmo/internal/ui/perf.go:96.22,97.9 1 1
github.com/ingyamilmolinar/beatmo/internal/ui/perf.go:99.3,99.61 1 1
github.com/ingyamilmolinar/beatmo/internal/ui/perf.go:99.61,100.9 1 1
github.com/ingyamilmolinar/beatmo/internal/ui/perf.go:105.48,106.56 1 1
github.com/ingyamilmolinar/beatmo/internal/ui/perf.go:106.56,108.3 1 1
github.com/ingyamilmolinar/beatmo/internal/ui/perf.go:109.2,110.6 2 0
github.com/ingyamilmolinar/beatmo/internal/ui/perf.go:110.6,112.22 2 0
github.com/ingyamilmolinar/beatmo/internal/ui/perf.go:112.22,113.9 1 0
github.com/ingyamilmolinar/beatmo/internal/ui/perf.go:115.3,115.62 1 0
github.com/ingyamilmolinar/beatmo/internal/ui/perf.go:115.62,116.9 1 0
github.com/ingyamilmolinar/beatmo/internal/ui/perf.go:121.37,121.68 1 1
github.com/ingyamilmolinar/beatmo/internal/ui/perf.go:123.68,125.33 2 1
github.com/ingyamilmolinar/beatmo/internal/ui/perf.go:125.33,127.3 1 1
github.com/ingyamilmolinar/beatmo/internal/ui/perf.go:128.2,129.6 2 1
github.com/ingyamilmolinar/beatmo/internal/ui/perf.go:129.6,131.29 2 1
github.com/ingyamilmolinar/beatmo/internal/ui/perf.go:131.29,132.9 1 1
github.com/ingyamilmolinar/beatmo/internal/ui/perf.go:134.3,134.70 1 1
github.com/ingyamilmolinar/beatmo/internal/ui/perf.go:134.70,135.9 1 1
github.com/ingyamilmolinar/beatmo/internal/ui/perf.go:138.2,139.6 2 1
github.com/ingyamilmolinar/beatmo/internal/ui/perf.go:139.6,141.28 2 1
github.com/ingyamilmolinar/beatmo/internal/ui/perf.go:141.28,142.9 1 1
github.com/ingyamilmolinar/beatmo/internal/ui/perf.go:144.3,144.69 1 1
github.com/ingyamilmolinar/beatmo/internal/ui/perf.go:144.69,145.9 1 1
github.com/ingyamilmolinar/beatmo/internal/ui/perf.go:150.45,152.18 2 1
github.com/ingyamilmolinar/beatmo/internal/ui/perf.go:152.18,154.3 1 0
github.com/ingyamilmolinar/beatmo/internal/ui/perf.go:155.2,169.23 14 1
github.com/ingyamilmolinar/beatmo/internal/ui/perf.go:169.23,171.3 1 1
github.com/ingyamilmolinar/beatmo/internal/ui/perf.go:172.2,173.16 2 1
github.com/ingyamilmolinar/beatmo/internal/ui/perf.go:173.16,175.3 1 1
github.com/ingyamilmolinar/beatmo/internal/ui/perf.go:176.2,178.16 3 1
github.com/ingyamilmolinar/beatmo/internal/ui/perf.go:178.16,180.3 1 1
github.com/ingyamilmolinar/beatmo/internal/ui/perf.go:181.2,183.14 3 1
github.com/ingyamilmolinar/beatmo/internal/ui/perf.go:183.14,185.3 1 1
github.com/ingyamilmolinar/beatmo/internal/ui/perf.go:186.2,188.14 3 1
github.com/ingyamilmolinar/beatmo/internal/ui/perf.go:188.14,190.3 1 1
github.com/ingyamilmolinar/beatmo/internal/ui/perf.go:191.2,214.10 9 1
github.com/ingyamilmolinar/beatmo/internal/ui/portal.go:43.58,45.2 1 1
github.com/ingyamilmolinar/beatmo/internal/ui/portal.go:49.49,60.23 5 1
github.com/ingyamilmolinar/beatmo/internal/ui/portal.go:60.23,62.3 1 1
github.com/ingyamilmolinar/beatmo/internal/ui/portal.go:63.2,66.17 2 1
github.com/ingyamilmolinar/beatmo/internal/ui/portal.go:66.17,68.3 1 1
github.com/ingyamilmolinar/beatmo/internal/ui/portal.go:72.42,76.2 3 1
github.com/ingyamilmolinar/beatmo/internal/ui/portal.go:79.41,80.23 1 1
github.com/ingyamilmolinar/beatmo/internal/ui/portal.go:80.23,82.3 1 0
github.com/ingyamilmolinar/beatmo/internal/ui/portal.go:83.2,85.24 3 1
github.com/ingyamilmolinar/beatmo/internal/ui/portal.go:85.24,87.3 1 1
github.com/ingyamilmolinar/beatmo/internal/ui/portal.go:88.2,90.13 3 1
github.com/ingyamilmolinar/beatmo/internal/ui/portal.go:97.49,98.29 1 1
github.com/ingyamilmolinar/beatmo/internal/ui/portal.go:98.29,99.17 1 1
github.com/ingyamilmolinar/beatmo/internal/ui/portal.go:99.17,101.25 2 1
github.com/ingyamilmolinar/beatmo/internal/ui/portal.go:101.25,103.5 1 1
github.com/ingyamilmolinar/beatmo/internal/ui/portal.go:104.4,105.10 2 1
github.com/ingyamilmolinar/beatmo/internal/ui/portal.go:111.45,112.28 1 1
github.com/ingyamilmolinar/beatmo/internal/ui/portal.go:112.28,113.17 1 1
github.com/ingyamilmolinar/beatmo/internal/ui/portal.go:113.17,115.4 1 1
github.com/ingyamilmolinar/beatmo/internal/ui/portal.go:117.2,117.14 1 1
github.com/ingyamilmolinar/beatmo/internal/ui/portal.go:121.39,123.2 1 1
github.com/ingyamilmolinar/beatmo/internal/ui/portal.go:126.41,127.28 1 1
github.com/ingyamilmolinar/beatmo/internal/ui/portal.go:127.28,128.14 1 1
github.com/ingyamilmolinar/beatmo/internal/ui/portal.go:128.14,130.4 1 1
github.com/ingyamilmolinar/beatmo/internal/ui/portal.go:132.2,132.14 1 1
github.com/ingyamilmolinar/beatmo/internal/ui/portal.go:136.40,137.23 1 1
github.com/ingyamilmolinar/beatmo/internal/ui/portal.go:137.23,139.3 1 0
github.com/ingyamilmolinar/beatmo/internal/ui/portal.go:140.2,140.35 1 1
github.com/ingyamilmolinar/beatmo/internal/ui/portal.go:144.60,146.2 1 1
github.com/ingyamilmolinar/beatmo/internal/ui/portal.go:149.34,150.29 1 1
github.com/ingyamilmolinar/beatmo/internal/ui/portal.go:150.29,153.24 3 1
github.com/ingyamilmolinar/beatmo/internal/ui/portal.go:153.24,155.4 1 1
github.com/ingyamilmolinar/beatmo/internal/ui/portal.go:156.3,156.39 1 1
github.com/ingyamilmolinar/beatmo/internal/ui/portal.go:165.34,166.28 1 1
github.com/ingyamilmolinar/beatmo/internal/ui/portal.go:166.28,167.45 1 1
github.com/ingyamilmolinar/beatmo/internal/ui/portal.go:167.45,169.4 1 1
github.com/ingyamilmolinar/beatmo/internal/ui/portal.go:174.2,174.29 1 1
github.com/ingyamilmolinar/beatmo/internal/ui/portal.go:174.29,176.24 2 1
github.com/ingyamilmolinar/beatmo/internal/ui/portal.go:176.24,178.4 1 1
github.com/ingyamilmolinar/beatmo/internal/ui/portal.go:179.3,179.39 1 1
github.com/ingyamilmolinar/beatmo/internal/ui/portal.go:187.41,189.41 2 1
github.com/ingyamilmolinar/beatmo/internal/ui/portal.go:189.41,190.39 1 1
github.com/ingyamilmolinar/beatmo/internal/ui/portal.go:190.39,198.22 6 1
github.com/ingyamilmolinar/beatmo/internal/ui/portal.go:198.22,200.5 1 1
github.com/ingyamilmolinar/beatmo/internal/ui/portal.go:201.4,201.18 1 1
github.com/ingyamilmolinar/beatmo/internal/ui/portal.go:204.2,204.13 1 1
github.com/ingyamilmolinar/beatmo/internal/ui/portal.go:204.13,206.3 1 1
github.com/ingyamilmolinar/beatmo/internal/ui/portal.go:210.52,211.28 1 1
github.com/ingyamilmolinar/beatmo/internal/ui/portal.go:211.28,213.3 1 1
github.com/ingyamilmolinar/beatmo/internal/ui/portal.go:217.40,219.2 1 1
github.com/ingyamilmolinar/beatmo/internal/ui/portal.go:222.46,224.28 2 1
github.com/ingyamilmolinar/beatmo/internal/ui/portal.go:224.28,225.17 1 1
github.com/ingyamilmolinar/beatmo/internal/ui/portal.go:225.17,228.4 2 1
github.com/ingyamilmolinar/beatmo/internal/ui/portal.go:228.9,228.30 1 1
github.com/ingyamilmolinar/beatmo/internal/ui/portal.go:228.30,230.4 1 1
github.com/ingyamilmolinar/beatmo/internal/ui/portal.go:233.2,233.36 1 1
github.com/ingyamilmolinar/beatmo/internal/ui/portal.go:233.36,235.3 1 1
github.com/ingyamilmolinar/beatmo/internal/ui/portal.go:236.2,236.23 1 1
github.com/ingyamilmolinar/beatmo/internal/ui/portal.go:241.44,242.41 1 1
github.com/ingyamilmolinar/beatmo/internal/ui/portal.go:242.41,243.23 1 1
github.com/ingyamilmolinar/beatmo/internal/ui/portal.go:243.23,246.4 2 1
github.com/ingyamilmolinar/beatmo/internal/ui/portal.go:248.2,248.25 1 1
github.com/ingyamilmolinar/beatmo/internal/ui/rect_helpers.go:5.75,7.19 2 1
github.com/ingyamilmolinar/beatmo/internal/ui/rect_helpers.go:7.19,9.3 1 0
github.com/ingyamilmolinar/beatmo/internal/ui/rect_helpers.go:10.2,10.19 1 1
github.com/ingyamilmolinar/beatmo/internal/ui/rect_helpers.go:10.19,12.3 1 0
github.com/ingyamilmolinar/beatmo/internal/ui/rect_helpers.go:13.2,15.20 3 1
github.com/ingyamilmolinar/beatmo/internal/ui/rect_helpers.go:18.64,19.15 1 1
github.com/ingyamilmolinar/beatmo/internal/ui/rect_helpers.go:19.15,21.3 1 1
github.com/ingyamilmolinar/beatmo/internal/ui/rect_helpers.go:22.2,22.14 1 1
github.com/ingyamilmolinar/beatmo/internal/ui/rect_helpers.go:22.14,24.3 1 0
github.com/ingyamilmolinar/beatmo/internal/ui/rect_helpers.go:25.2,27.32 3 1
github.com/ingyamilmolinar/beatmo/internal/ui/rect_helpers.go:27.32,29.3 1 0
github.com/ingyamilmolinar/beatmo/internal/ui/rect_helpers.go:30.2,30.19 1 1
github.com/ingyamilmolinar/beatmo/internal/ui/rect_helpers.go:30.19,32.3 1 0
github.com/ingyamilmolinar/beatmo/internal/ui/rect_helpers.go:33.2,33.19 1 1
github.com/ingyamilmolinar/beatmo/internal/ui/rect_helpers.go:33.19,35.3 1 0
github.com/ingyamilmolinar/beatmo/internal/ui/rect_helpers.go:36.2,36.71 1 1
github.com/ingyamilmolinar/beatmo/internal/ui/render_blit.go:7.58,11.2 3 1
github.com/ingyamilmolinar/beatmo/internal/ui/row_button_group.go:20.66,22.27 2 1
github.com/ingyamilmolinar/beatmo/internal/ui/row_button_group.go:22.27,23.45 1 1
github.com/ingyamilmolinar/beatmo/internal/ui/row_button_group.go:23.45,25.4 1 1
github.com/ingyamilmolinar/beatmo/internal/ui/row_button_group.go:27.2,27.14 1 1
github.com/ingyamilmolinar/beatmo/internal/ui/row_rack_zone.go:90.55,96.55 2 1
github.com/ingyamilmolinar/beatmo/internal/ui/row_rack_zone.go:96.55,97.34 1 1
github.com/ingyamilmolinar/beatmo/internal/ui/row_rack_zone.go:97.34,99.4 1 1
github.com/ingyamilmolinar/beatmo/internal/ui/row_rack_zone.go:101.2,102.65 2 1
github.com/ingyamilmolinar/beatmo/internal/ui/row_rack_zone.go:102.65,103.40 1 0
github.com/ingyamilmolinar/beatmo/internal/ui/row_rack_zone.go:103.40,105.4 1 0
github.com/ingyamilmolinar/beatmo/internal/ui/row_rack_zone.go:106.3,106.26 1 0
github.com/ingyamilmolinar/beatmo/internal/ui/row_rack_zone.go:108.2,109.10 2 1
github.com/ingyamilmolinar/beatmo/internal/ui/row_rack_zone.go:114.35,114.56 1 1
github.com/ingyamilmolinar/beatmo/internal/ui/row_rack_zone.go:116.42,116.65 1 1
github.com/ingyamilmolinar/beatmo/internal/ui/row_rack_zone.go:118.36,118.59 1 1
github.com/ingyamilmolinar/beatmo/internal/ui/row_rack_zone.go:120.52,125.2 4 1
github.com/ingyamilmolinar/beatmo/internal/ui/row_rack_zone.go:127.32,130.33 2 1
github.com/ingyamilmolinar/beatmo/internal/ui/row_rack_zone.go:130.33,132.3 1 1
github.com/ingyamilmolinar/beatmo/internal/ui/row_rack_zone.go:134.2,134.31 1 1
github.com/ingyamilmolinar/beatmo/internal/ui/row_rack_zone.go:134.31,136.35 2 0
github.com/ingyamilmolinar/beatmo/internal/ui/row_rack_zone.go:136.35,138.42 2 0
github.com/ingyamilmolinar/beatmo/internal/ui/row_rack_zone.go:138.42,140.5 1 0
github.com/ingyamilmolinar/beatmo/internal/ui/row_rack_zone.go:144.2,144.30 1 1
github.com/ingyamilmolinar/beatmo/internal/ui/row_rack_zone.go:144.30,145.20 1 1
github.com/ingyamilmolinar/beatmo/internal/ui/row_rack_zone.go:145.20,146.24 1 1
github.com/ingyamilmolinar/beatmo/internal/ui/row_rack_zone.go:146.24,148.5 1 1
github.com/ingyamilmolinar/beatmo/internal/ui/row_rack_zone.go:149.4,149.24 1 1
github.com/ingyamilmolinar/beatmo/internal/ui/row_rack_zone.go:149.24,151.5 1 1
github.com/ingyamilmolinar/beatmo/internal/ui/row_rack_zone.go:156.44,158.2 1 1
github.com/ingyamilmolinar/beatmo/internal/ui/row_rack_zone.go:160.50,161.24 1 1
github.com/ingyamilmolinar/beatmo/internal/ui/row_rack_zone.go:161.24,163.3 1 1
github.com/ingyamilmolinar/beatmo/internal/ui/row_rack_zone.go:164.2,165.24 2 1
github.com/ingyamilmolinar/beatmo/internal/ui/row_rack_zone.go:165.24,167.3 1 1
github.com/ingyamilmolinar/beatmo/internal/ui/row_rack_zone.go:168.2,169.33 2 1
github.com/ingyamilmolinar/beatmo/internal/ui/row_rack_zone.go:169.33,172.3 2 1
github.com/ingyamilmolinar/beatmo/internal/ui/row_rack_zone.go:175.61,175.84 1 1
github.com/ingyamilmolinar/beatmo/internal/ui/row_rack_zone.go:176.61,176.84 1 1
github.com/ingyamilmolinar/beatmo/internal/ui/row_rack_zone.go:180.45,182.27 2 1
github.com/ingyamilmolinar/beatmo/internal/ui/row_rack_zone.go:182.27,184.3 1 1
github.com/ingyamilmolinar/beatmo/internal/ui/row_rack_zone.go:185.2,185.12 1 1
github.com/ingyamilmolinar/beatmo/internal/ui/row_rack_zone.go:187.47,189.27 2 1
github.com/ingyamilmolinar/beatmo/internal/ui/row_rack_zone.go:189.27,191.3 1 1
github.com/ingyamilmolinar/beatmo/internal/ui/row_rack_zone.go:192.2,192.12 1 1
github.com/ingyamilmolinar/beatmo/internal/ui/row_rack_zone.go:194.47,196.27 2 1
github.com/ingyamilmolinar/beatmo/internal/ui/row_rack_zone.go:196.27,198.3 1 1
github.com/ingyamilmolinar/beatmo/internal/ui/row_rack_zone.go:199.2,199.12 1 1
github.com/ingyamilmolinar/beatmo/internal/ui/row_rack_zone.go:201.48,203.27 2 1
github.com/ingyamilmolinar/beatmo/internal/ui/row_rack_zone.go:203.27,205.3 1 1
github.com/ingyamilmolinar/beatmo/internal/ui/row_rack_zone.go:206.2,206.12 1 1
github.com/ingyamilmolinar/beatmo/internal/ui/row_rack_zone.go:208.49,210.27 2 1
github.com/ingyamilmolinar/beatmo/internal/ui/row_rack_zone.go:210.27,212.3 1 1
github.com/ingyamilmolinar/beatmo/internal/ui/row_rack_zone.go:213.2,213.12 1 1
github.com/ingyamilmolinar/beatmo/internal/ui/row_rack_zone.go:215.49,217.27 2 1
github.com/ingyamilmolinar/beatmo/internal/ui/row_rack_zone.go:217.27,219.3 1 1
github.com/ingyamilmolinar/beatmo/internal/ui/row_rack_zone.go:220.2,220.12 1 1
github.com/ingyamilmolinar/beatmo/internal/ui/row_rack_zone.go:222.49,224.27 2 1
github.com/ingyamilmolinar/beatmo/internal/ui/row_rack_zone.go:224.27,226.3 1 1
github.com/ingyamilmolinar/beatmo/internal/ui/row_rack_zone.go:227.2,227.12 1 1
github.com/ingyamilmolinar/beatmo/internal/ui/row_rack_zone.go:229.47,231.27 2 1
github.com/ingyamilmolinar/beatmo/internal/ui/row_rack_zone.go:231.27,233.3 1 1
github.com/ingyamilmolinar/beatmo/internal/ui/row_rack_zone.go:234.2,234.12 1 1
github.com/ingyamilmolinar/beatmo/internal/ui/row_rack_zone.go:236.47,238.27 2 1
github.com/ingyamilmolinar/beatmo/internal/ui/row_rack_zone.go:238.27,240.3 1 1
github.com/ingyamilmolinar/beatmo/internal/ui/row_rack_zone.go:241.2,241.12 1 1
github.com/ingyamilmolinar/beatmo/internal/ui/row_rack_zone.go:243.47,245.27 2 1
github.com/ingyamilmolinar/beatmo/internal/ui/row_rack_zone.go:245.27,247.3 1 1
github.com/ingyamilmolinar/beatmo/internal/ui/row_rack_zone.go:248.2,248.12 1 1
github.com/ingyamilmolinar/beatmo/internal/ui/row_rack_zone.go:250.45,252.27 2 1
github.com/ingyamilmolinar/beatmo/internal/ui/row_rack_zone.go:252.27,254.3 1 1
github.com/ingyamilmolinar/beatmo/internal/ui/row_rack_zone.go:255.2,255.12 1 1
github.com/ingyamilmolinar/beatmo/internal/ui/row_rack_zone.go:257.52,259.27 2 1
github.com/ingyamilmolinar/beatmo/internal/ui/row_rack_zone.go:259.27,261.3 1 1
github.com/ingyamilmolinar/beatmo/internal/ui/row_rack_zone.go:262.2,262.12 1 1
github.com/ingyamilmolinar/beatmo/internal/ui/row_rack_zone.go:264.58,264.83 1 1
github.com/ingyamilmolinar/beatmo/internal/ui/row_rack_zone.go:265.58,265.80 1 1
github.com/ingyamilmolinar/beatmo/internal/ui/row_rack_zone.go:266.58,266.80 1 1
github.com/ingyamilmolinar/beatmo/internal/ui/row_rack_zone.go:267.58,267.79 1 1
github.com/ingyamilmolinar/beatmo/internal/ui/row_rack_zone.go:268.58,268.77 1 1
github.com/ingyamilmolinar/beatmo/internal/ui/row_rack_zone.go:269.58,269.74 1 1
github.com/ingyamilmolinar/beatmo/internal/ui/row_rack_zone.go:270.58,270.80 1 1
github.com/ingyamilmolinar/beatmo/internal/ui/row_rack_zone.go:271.58,271.82 1 1
github.com/ingyamilmolinar/beatmo/internal/ui/row_rack_zone.go:272.58,272.74 1 1
github.com/ingyamilmolinar/beatmo/internal/ui/row_rack_zone.go:273.58,273.89 1 1
github.com/ingyamilmolinar/beatmo/internal/ui/row_rack_zone.go:274.58,274.80 1 1
github.com/ingyamilmolinar/beatmo/internal/ui/row_rack_zone.go:275.58,275.83 1 1
github.com/ingyamilmolinar/beatmo/internal/ui/row_rack_zone.go:278.41,279.27 1 1
github.com/ingyamilmolinar/beatmo/internal/ui/row_rack_zone.go:279.27,281.3 1 1
github.com/ingyamilmolinar/beatmo/internal/ui/row_rack_zone.go:282.2,283.13 2 1
github.com/ingyamilmolinar/beatmo/internal/ui/row_rack_zone.go:283.13,285.3 1 0
github.com/ingyamilmolinar/beatmo/internal/ui/row_rack_zone.go:286.2,287.34 2 1
github.com/ingyamilmolinar/beatmo/internal/ui/row_rack_zone.go:287.34,289.3 1 1
github.com/ingyamilmolinar/beatmo/internal/ui/row_rack_zone.go:290.2,290.11 1 1
github.com/ingyamilmolinar/beatmo/internal/ui/row_rack_zone.go:290.11,292.3 1 1
github.com/ingyamilmolinar/beatmo/internal/ui/row_rack_zone.go:293.2,293.15 1 1
github.com/ingyamilmolinar/beatmo/internal/ui/row_rack_zone.go:298.41,299.29 1 1
github.com/ingyamilmolinar/beatmo/internal/ui/row_rack_zone.go:299.29,301.3 1 1
github.com/ingyamilmolinar/beatmo/internal/ui/row_rack_zone.go:302.2,302.12 1 0
github.com/ingyamilmolinar/beatmo/internal/ui/row_rack_zone.go:305.39,306.34 1 1
github.com/ingyamilmolinar/beatmo/internal/ui/row_rack_zone.go:306.34,308.3 1 1
github.com/ingyamilmolinar/beatmo/internal/ui/row_rack_zone.go:309.2,309.25 1 0
github.com/ingyamilmolinar/beatmo/internal/ui/row_rack_zone.go:313.50,315.27 2 1
github.com/ingyamilmolinar/beatmo/internal/ui/row_rack_zone.go:315.27,317.3 1 1
github.com/ingyamilmolinar/beatmo/internal/ui/row_rack_zone.go:318.2,318.12 1 1
github.com/ingyamilmolinar/beatmo/internal/ui/row_rack_zone.go:321.45,322.39 1 1
github.com/ingyamilmolinar/beatmo/internal/ui/row_rack_zone.go:322.39,324.3 1 1
github.com/ingyamilmolinar/beatmo/internal/ui/row_rack_zone.go:325.2,325.14 1 0
github.com/ingyamilmolinar/beatmo/internal/ui/row_rack_zone.go:331.40,334.48 3 1
github.com/ingyamilmolinar/beatmo/internal/ui/row_rack_zone.go:334.48,336.3 1 1
github.com/ingyamilmolinar/beatmo/internal/ui/row_rack_zone.go:337.2,340.33 2 1
github.com/ingyamilmolinar/beatmo/internal/ui/row_rack_zone.go:340.33,343.3 2 1
github.com/ingyamilmolinar/beatmo/internal/ui/row_rack_zone.go:345.2,347.25 2 1
github.com/ingyamilmolinar/beatmo/internal/ui/row_rack_zone.go:347.25,351.91 3 1
github.com/ingyamilmolinar/beatmo/internal/ui/row_rack_zone.go:351.91,353.4 1 1
github.com/ingyamilmolinar/beatmo/internal/ui/row_rack_zone.go:354.3,357.24 3 1
github.com/ingyamilmolinar/beatmo/internal/ui/row_rack_zone.go:357.24,359.70 1 1
github.com/ingyamilmolinar/beatmo/internal/ui/row_rack_zone.go:359.70,361.5 1 1
github.com/ingyamilmolinar/beatmo/internal/ui/row_rack_zone.go:362.4,362.28 1 1
github.com/ingyamilmolinar/beatmo/internal/ui/row_rack_zone.go:362.28,363.45 1 1
github.com/ingyamilmolinar/beatmo/internal/ui/row_rack_zone.go:363.45,365.6 1 1
github.com/ingyamilmolinar/beatmo/internal/ui/row_rack_zone.go:366.10,367.42 1 1
github.com/ingyamilmolinar/beatmo/internal/ui/row_rack_zone.go:367.42,369.6 1 1
github.com/ingyamilmolinar/beatmo/internal/ui/row_rack_zone.go:373.3,375.25 3 1
github.com/ingyamilmolinar/beatmo/internal/ui/row_rack_zone.go:375.25,376.39 1 1
github.com/ingyamilmolinar/beatmo/internal/ui/row_rack_zone.go:376.39,378.5 1 1
github.com/ingyamilmolinar/beatmo/internal/ui/row_rack_zone.go:381.3,383.25 3 1
github.com/ingyamilmolinar/beatmo/internal/ui/row_rack_zone.go:383.25,384.43 1 1
github.com/ingyamilmolinar/beatmo/internal/ui/row_rack_zone.go:384.43,386.5 1 1
github.com/ingyamilmolinar/beatmo/internal/ui/row_rack_zone.go:389.3,394.25 4 1
github.com/ingyamilmolinar/beatmo/internal/ui/row_rack_zone.go:394.25,395.39 1 1
github.com/ingyamilmolinar/beatmo/internal/ui/row_rack_zone.go:395.39,397.5 1 1
github.com/ingyamilmolinar/beatmo/internal/ui/row_rack_zone.go:400.3,401.25 2 1
github.com/ingyamilmolinar/beatmo/internal/ui/row_rack_zone.go:401.25,402.39 1 1
github.com/ingyamilmolinar/beatmo/internal/ui/row_rack_zone.go:402.39,404.5 1 1
github.com/ingyamilmolinar/beatmo/internal/ui/row_rack_zone.go:407.3,408.27 2 1
github.com/ingyamilmolinar/beatmo/internal/ui/row_rack_zone.go:408.27,409.38 1 1
github.com/ingyamilmolinar/beatmo/internal/ui/row_rack_zone.go:409.38,411.5 1 1
github.com/ingyamilmolinar/beatmo/internal/ui/row_rack_zone.go:414.3,416.20 3 1
github.com/ingyamilmolinar/beatmo/internal/ui/row_rack_zone.go:416.20,417.25 1 1
github.com/ingyamilmolinar/beatmo/internal/ui/row_rack_zone.go:417.25,418.39 1 1
github.com/ingyamilmolinar/beatmo/internal/ui/row_rack_zone.go:418.39,420.6 1 1
github.com/ingyamilmolinar/beatmo/internal/ui/row_rack_zone.go:421.5,421.18 1 1
github.com/ingyamilmolinar/beatmo/internal/ui/row_rack_zone.go:423.9,425.4 1 1
github.com/ingyamilmolinar/beatmo/internal/ui/row_rack_zone.go:427.3,429.25 3 1
github.com/ingyamilmolinar/beatmo/internal/ui/row_rack_zone.go:429.25,430.44 1 0
github.com/ingyamilmolinar/beatmo/internal/ui/row_rack_zone.go:430.44,432.5 1 0
github.com/ingyamilmolinar/beatmo/internal/ui/row_rack_zone.go:435.3,436.23 2 1
github.com/ingyamilmolinar/beatmo/internal/ui/row_rack_zone.go:436.23,437.42 1 1
github.com/ingyamilmolinar/beatmo/internal/ui/row_rack_zone.go:437.42,439.5 1 1
github.com/ingyamilmolinar/beatmo/internal/ui/row_rack_zone.go:442.3,463.35 3 1
github.com/ingyamilmolinar/beatmo/internal/ui/row_rack_zone.go:467.2,477.29 5 1
github.com/ingyamilmolinar/beatmo/internal/ui/row_rack_zone.go:483.94,484.27 1 1
github.com/ingyamilmolinar/beatmo/internal/ui/row_rack_zone.go:484.27,488.20 2 1
github.com/ingyamilmolinar/beatmo/internal/ui/row_rack_zone.go:488.20,492.98 4 1
github.com/ingyamilmolinar/beatmo/internal/ui/row_rack_zone.go:492.98,494.5 1 1
github.com/ingyamilmolinar/beatmo/internal/ui/row_rack_zone.go:495.4,496.38 2 1
github.com/ingyamilmolinar/beatmo/internal/ui/row_rack_zone.go:500.3,500.35 1 1
github.com/ingyamilmolinar/beatmo/internal/ui/row_rack_zone.go:504.2,514.29 5 1
github.com/ingyamilmolinar/beatmo/internal/ui/row_rack_zone.go:517.56,518.32 1 1
github.com/ingyamilmolinar/beatmo/internal/ui/row_rack_zone.go:518.32,520.34 2 1
github.com/ingyamilmolinar/beatmo/internal/ui/row_rack_zone.go:520.34,522.4 1 1
github.com/ingyamilmolinar/beatmo/internal/ui/row_rack_zone.go:523.3,523.40 1 0
github.com/ingyamilmolinar/beatmo/internal/ui/row_rack_zone.go:525.2,526.21 2 1
github.com/ingyamilmolinar/beatmo/internal/ui/row_rack_zone.go:526.21,527.42 1 1
github.com/ingyamilmolinar/beatmo/internal/ui/row_rack_zone.go:527.42,529.4 1 1
github.com/ingyamilmolinar/beatmo/internal/ui/row_rack_zone.go:531.2,531.10 1 1
github.com/ingyamilmolinar/beatmo/internal/ui/row_rack_zone.go:535.103,536.45 1 1
github.com/ingyamilmolinar/beatmo/internal/ui/row_rack_zone.go:536.45,538.3 1 1
github.com/ingyamilmolinar/beatmo/internal/ui/row_rack_zone.go:539.2,541.62 3 1
github.com/ingyamilmolinar/beatmo/internal/ui/row_rack_zone.go:545.74,546.25 1 1
github.com/ingyamilmolinar/beatmo/internal/ui/row_rack_zone.go:546.25,548.3 1 0
github.com/ingyamilmolinar/beatmo/internal/ui/row_rack_zone.go:549.2,552.26 4 1
github.com/ingyamilmolinar/beatmo/internal/ui/row_rack_zone.go:552.26,564.3 10 1
github.com/ingyamilmolinar/beatmo/internal/ui/row_rack_zone.go:564.8,569.19 5 1
github.com/ingyamilmolinar/beatmo/internal/ui/row_rack_zone.go:569.19,571.4 1 1
github.com/ingyamilmolinar/beatmo/internal/ui/row_rack_zone.go:572.3,580.58 9 1
github.com/ingyamilmolinar/beatmo/internal/ui/row_rack_zone.go:585.90,588.18 3 1
github.com/ingyamilmolinar/beatmo/internal/ui/row_rack_zone.go:588.18,590.3 1 1
github.com/ingyamilmolinar/beatmo/internal/ui/row_rack_zone.go:591.2,594.26 4 1
github.com/ingyamilmolinar/beatmo/internal/ui/row_rack_zone.go:594.26,596.3 1 1
github.com/ingyamilmolinar/beatmo/internal/ui/row_rack_zone.go:597.2,597.20 1 1
github.com/ingyamilmolinar/beatmo/internal/ui/row_rack_zone.go:597.20,599.3 1 1
github.com/ingyamilmolinar/beatmo/internal/ui/row_rack_zone.go:600.2,600.26 1 1
github.com/ingyamilmolinar/beatmo/internal/ui/row_rack_zone.go:600.26,601.25 1 1
github.com/ingyamilmolinar/beatmo/internal/ui/row_rack_zone.go:601.25,603.4 1 1
github.com/ingyamilmolinar/beatmo/internal/ui/row_rack_zone.go:603.9,610.31 6 1
github.com/ingyamilmolinar/beatmo/internal/ui/row_rack_zone.go:610.31,612.5 1 1
github.com/ingyamilmolinar/beatmo/internal/ui/row_rack_zone.go:613.4,615.22 3 1
github.com/ingyamilmolinar/beatmo/internal/ui/row_rack_zone.go:615.22,617.5 1 1
github.com/ingyamilmolinar/beatmo/internal/ui/row_rack_zone.go:618.4,618.69 1 1
github.com/ingyamilmolinar/beatmo/internal/ui/row_rack_zone.go:620.8,622.3 1 1
github.com/ingyamilmolinar/beatmo/internal/ui/row_rack_zone.go:627.36,634.2 6 1
github.com/ingyamilmolinar/beatmo/internal/ui/row_rack_zone.go:636.37,637.41 1 1
github.com/ingyamilmolinar/beatmo/internal/ui/row_rack_zone.go:637.41,640.3 2 1
github.com/ingyamilmolinar/beatmo/internal/ui/row_rack_zone.go:645.41,652.27 5 1
github.com/ingyamilmolinar/beatmo/internal/ui/row_rack_zone.go:652.27,653.64 1 1
github.com/ingyamilmolinar/beatmo/internal/ui/row_rack_zone.go:653.64,654.12 1 1
github.com/ingyamilmolinar/beatmo/internal/ui/row_rack_zone.go:656.3,657.35 2 1
github.com/ingyamilmolinar/beatmo/internal/ui/row_rack_zone.go:657.35,659.4 1 1
github.com/ingyamilmolinar/beatmo/internal/ui/row_rack_zone.go:661.3,662.35 2 1
github.com/ingyamilmolinar/beatmo/internal/ui/row_rack_zone.go:662.35,664.4 1 1
github.com/ingyamilmolinar/beatmo/internal/ui/row_rack_zone.go:668.3,669.21 2 1
github.com/ingyamilmolinar/beatmo/internal/ui/row_rack_zone.go:669.21,671.4 1 1
github.com/ingyamilmolinar/beatmo/internal/ui/row_rack_zone.go:672.3,687.27 2 1
github.com/ingyamilmolinar/beatmo/internal/ui/row_rack_zone.go:687.27,688.21 1 1
github.com/ingyamilmolinar/beatmo/internal/ui/row_rack_zone.go:688.21,689.13 1 1
github.com/ingyamilmolinar/beatmo/internal/ui/row_rack_zone.go:691.4,692.17 2 1
github.com/ingyamilmolinar/beatmo/internal/ui/row_rack_zone.go:692.17,693.13 1 1
github.com/ingyamilmolinar/beatmo/internal/ui/row_rack_zone.go:695.4,702.6 1 1
github.com/ingyamilmolinar/beatmo/internal/ui/row_rack_zone.go:706.3,706.54 1 1
github.com/ingyamilmolinar/beatmo/internal/ui/row_rack_zone.go:706.54,715.4 1 1
github.com/ingyamilmolinar/beatmo/internal/ui/row_rack_zone.go:719.2,719.26 1 1
github.com/ingyamilmolinar/beatmo/internal/ui/row_rack_zone.go:719.26,721.27 2 1
github.com/ingyamilmolinar/beatmo/internal/ui/row_rack_zone.go:721.27,730.4 1 1
github.com/ingyamilmolinar/beatmo/internal/ui/row_rack_zone.go:734.2,735.72 1 1
github.com/ingyamilmolinar/beatmo/internal/ui/row_rack_zone.go:735.72,737.17 2 1
github.com/ingyamilmolinar/beatmo/internal/ui/row_rack_zone.go:737.17,738.13 1 1
github.com/ingyamilmolinar/beatmo/internal/ui/row_rack_zone.go:740.4,745.22 2 1
github.com/ingyamilmolinar/beatmo/internal/ui/row_rack_zone.go:745.22,746.44 1 1
github.com/ingyamilmolinar/beatmo/internal/ui/row_rack_zone.go:746.44,748.8 1 1
github.com/ingyamilmolinar/beatmo/internal/ui/row_rack_zone.go:759.2,759.21 1 1
github.com/ingyamilmolinar/beatmo/internal/ui/row_rack_zone.go:759.21,767.3 1 1
github.com/ingyamilmolinar/beatmo/internal/ui/row_rack_zone.go:770.2,770.55 1 1
github.com/ingyamilmolinar/beatmo/internal/ui/row_rack_zone.go:770.55,778.3 1 1
github.com/ingyamilmolinar/beatmo/internal/ui/row_rack_zone.go:788.62,789.22 1 1
github.com/ingyamilmolinar/beatmo/internal/ui/row_rack_zone.go:789.22,791.3 1 1
github.com/ingyamilmolinar/beatmo/internal/ui/row_rack_zone.go:792.2,792.22 1 1
github.com/ingyamilmolinar/beatmo/internal/ui/row_rack_zone.go:795.70,795.71 0 1
github.com/ingyamilmolinar/beatmo/internal/ui/row_rack_zone.go:796.70,796.71 0 1
github.com/ingyamilmolinar/beatmo/internal/ui/row_rack_zone.go:797.69,797.92 1 1
github.com/ingyamilmolinar/beatmo/internal/ui/row_rack_zone.go:804.65,804.88 1 0
github.com/ingyamilmolinar/beatmo/internal/ui/row_rack_zone.go:805.66,805.67 0 0
github.com/ingyamilmolinar/beatmo/internal/ui/row_rack_zone.go:806.66,806.67 0 0
github.com/ingyamilmolinar/beatmo/internal/ui/row_rack_zone.go:808.72,809.16 1 1
github.com/ingyamilmolinar/beatmo/internal/ui/row_rack_zone.go:809.16,811.3 1 0
github.com/ingyamilmolinar/beatmo/internal/ui/row_rack_zone.go:812.2,813.41 2 1
github.com/ingyamilmolinar/beatmo/internal/ui/row_rack_zone.go:813.41,815.46 2 1
github.com/ingyamilmolinar/beatmo/internal/ui/row_rack_zone.go:815.46,817.4 1 1
github.com/ingyamilmolinar/beatmo/internal/ui/row_rack_zone.go:818.3,818.23 1 1
github.com/ingyamilmolinar/beatmo/internal/ui/row_rack_zone.go:820.2,820.21 1 1
github.com/ingyamilmolinar/beatmo/internal/ui/row_rack_zone.go:825.49,826.52 1 1
github.com/ingyamilmolinar/beatmo/internal/ui/row_rack_zone.go:826.52,828.3 1 1
github.com/ingyamilmolinar/beatmo/internal/ui/row_rack_zone.go:829.2,830.71 2 1
github.com/ingyamilmolinar/beatmo/internal/ui/row_rack_zone.go:830.71,832.3 1 0
github.com/ingyamilmolinar/beatmo/internal/ui/row_rack_zone.go:833.2,833.33 1 1
github.com/ingyamilmolinar/beatmo/internal/ui/row_rack_zone.go:833.33,835.3 1 0
github.com/ingyamilmolinar/beatmo/internal/ui/row_rack_zone.go:836.2,837.88 2 1
github.com/ingyamilmolinar/beatmo/internal/ui/row_rack_zone.go:837.88,839.70 2 1
github.com/ingyamilmolinar/beatmo/internal/ui/row_rack_zone.go:839.70,841.4 1 0
github.com/ingyamilmolinar/beatmo/internal/ui/row_rack_zone.go:842.3,842.69 1 1
github.com/ingyamilmolinar/beatmo/internal/ui/row_rack_zone.go:842.69,844.4 1 0
github.com/ingyamilmolinar/beatmo/internal/ui/row_rack_zone.go:846.2,846.13 1 1
github.com/ingyamilmolinar/beatmo/internal/ui/row_rack_zone.go:849.63,852.32 3 1
github.com/ingyamilmolinar/beatmo/internal/ui/row_rack_zone.go:852.32,854.3 1 1
github.com/ingyamilmolinar/beatmo/internal/ui/row_rack_zone.go:855.2,857.24 3 1
github.com/ingyamilmolinar/beatmo/internal/ui/row_rack_zone.go:857.24,859.3 1 1
github.com/ingyamilmolinar/beatmo/internal/ui/row_rack_zone.go:860.2,860.24 1 1
github.com/ingyamilmolinar/beatmo/internal/ui/row_rack_zone.go:860.24,862.3 1 0
github.com/ingyamilmolinar/beatmo/internal/ui/row_rack_zone.go:863.2,865.40 3 1
github.com/ingyamilmolinar/beatmo/internal/ui/row_rack_zone.go:865.40,866.16 1 1
github.com/ingyamilmolinar/beatmo/internal/ui/row_rack_zone.go:866.16,868.4 1 1
github.com/ingyamilmolinar/beatmo/internal/ui/row_rack_zone.go:869.3,869.12 1 1
github.com/ingyamilmolinar/beatmo/internal/ui/row_rack_zone.go:869.12,872.4 2 1
github.com/ingyamilmolinar/beatmo/internal/ui/row_rack_zone.go:872.9,873.22 1 1
github.com/ingyamilmolinar/beatmo/internal/ui/row_rack_zone.go:873.22,875.5 1 0
github.com/ingyamilmolinar/beatmo/internal/ui/row_rack_zone.go:876.4,876.22 1 1
github.com/ingyamilmolinar/beatmo/internal/ui/row_rack_zone.go:876.22,878.5 1 1
github.com/ingyamilmolinar/beatmo/internal/ui/row_rack_zone.go:879.4,879.22 1 1
github.com/ingyamilmolinar/beatmo/internal/ui/row_rack_zone.go:879.22,881.5 1 1
github.com/ingyamilmolinar/beatmo/internal/ui/row_rack_zone.go:882.4,882.22 1 1
github.com/ingyamilmolinar/beatmo/internal/ui/row_rack_zone.go:882.22,884.5 1 1
github.com/ingyamilmolinar/beatmo/internal/ui/row_rack_zone.go:887.2,887.59 1 1
github.com/ingyamilmolinar/beatmo/internal/ui/row_rack_zone.go:887.59,900.3 12 1
github.com/ingyamilmolinar/beatmo/internal/ui/row_rack_zone.go:901.2,901.11 1 1
github.com/ingyamilmolinar/beatmo/internal/ui/row_rack_zone.go:901.11,903.3 1 0
github.com/ingyamilmolinar/beatmo/internal/ui/row_rack_zone.go:904.2,904.43 1 1
github.com/ingyamilmolinar/beatmo/internal/ui/row_rack_zone.go:907.58,908.28 1 1
github.com/ingyamilmolinar/beatmo/internal/ui/row_rack_zone.go:908.28,913.3 4 0
github.com/ingyamilmolinar/beatmo/internal/ui/row_rack_zone.go:914.2,915.20 2 1
github.com/ingyamilmolinar/beatmo/internal/ui/row_rack_zone.go:915.20,918.3 2 1
github.com/ingyamilmolinar/beatmo/internal/ui/row_rack_zone.go:919.2,920.104 2 1
github.com/ingyamilmolinar/beatmo/internal/ui/row_rack_zone.go:920.104,922.3 1 1
github.com/ingyamilmolinar/beatmo/internal/ui/row_rack_zone.go:922.8,924.3 1 1
github.com/ingyamilmolinar/beatmo/internal/ui/row_rack_zone.go:925.2,932.37 8 1
github.com/ingyamilmolinar/beatmo/internal/ui/row_rack_zone.go:935.89,940.34 5 1
github.com/ingyamilmolinar/beatmo/internal/ui/row_rack_zone.go:940.34,942.3 1 1
github.com/ingyamilmolinar/beatmo/internal/ui/row_rack_zone.go:943.2,945.38 3 1
github.com/ingyamilmolinar/beatmo/internal/ui/row_rack_zone.go:945.38,947.3 1 1
github.com/ingyamilmolinar/beatmo/internal/ui/row_rack_zone.go:948.2,949.30 2 1
github.com/ingyamilmolinar/beatmo/internal/ui/row_rack_zone.go:949.30,951.3 1 1
github.com/ingyamilmolinar/beatmo/internal/ui/row_rack_zone.go:953.2,953.22 1 1
github.com/ingyamilmolinar/beatmo/internal/ui/row_rack_zone.go:953.22,954.69 1 1
github.com/ingyamilmolinar/beatmo/internal/ui/row_rack_zone.go:954.69,955.12 1 1
github.com/ingyamilmolinar/beatmo/internal/ui/row_rack_zone.go:957.3,958.25 2 1
github.com/ingyamilmolinar/beatmo/internal/ui/row_rack_zone.go:958.25,960.21 2 0
github.com/ingyamilmolinar/beatmo/internal/ui/row_rack_zone.go:960.21,963.5 2 0
github.com/ingyamilmolinar/beatmo/internal/ui/row_rack_zone.go:965.3,965.13 1 1
github.com/ingyamilmolinar/beatmo/internal/ui/row_rack_zone.go:965.13,967.21 2 1
github.com/ingyamilmolinar/beatmo/internal/ui/row_rack_zone.go:967.21,970.5 2 1
github.com/ingyamilmolinar/beatmo/internal/ui/row_rack_zone.go:972.3,972.21 1 1
github.com/ingyamilmolinar/beatmo/internal/ui/row_rack_zone.go:972.21,974.4 1 1
github.com/ingyamilmolinar/beatmo/internal/ui/row_rack_zone.go:975.3,977.32 3 1
github.com/ingyamilmolinar/beatmo/internal/ui/row_rack_zone.go:977.32,979.4 1 0
github.com/ingyamilmolinar/beatmo/internal/ui/row_rack_zone.go:980.3,982.32 3 1
github.com/ingyamilmolinar/beatmo/internal/ui/row_rack_zone.go:982.32,985.4 2 1
github.com/ingyamilmolinar/beatmo/internal/ui/row_rack_zone.go:986.3,986.32 1 1
github.com/ingyamilmolinar/beatmo/internal/ui/row_rack_zone.go:986.32,989.4 2 1
github.com/ingyamilmolinar/beatmo/internal/ui/row_rack_zone.go:990.3,991.64 2 1
github.com/ingyamilmolinar/beatmo/internal/ui/row_rack_zone.go:991.64,994.4 2 1
github.com/ingyamilmolinar/beatmo/internal/ui/row_rack_zone.go:994.9,996.21 2 1
github.com/ingyamilmolinar/beatmo/internal/ui/row_rack_zone.go:996.21,998.5 1 1
github.com/ingyamilmolinar/beatmo/internal/ui/row_rack_zone.go:1000.3,1002.13 3 1
github.com/ingyamilmolinar/beatmo/internal/ui/row_rack_zone.go:1002.13,1004.21 2 1
github.com/ingyamilmolinar/beatmo/internal/ui/row_rack_zone.go:1004.21,1008.5 3 1
github.com/ingyamilmolinar/beatmo/internal/ui/row_rack_zone.go:1013.64,1018.34 5 1
github.com/ingyamilmolinar/beatmo/internal/ui/row_rack_zone.go:1018.34,1020.3 1 1
github.com/ingyamilmolinar/beatmo/internal/ui/row_rack_zone.go:1021.2,1023.38 3 1
github.com/ingyamilmolinar/beatmo/internal/ui/row_rack_zone.go:1023.38,1025.3 1 1
github.com/ingyamilmolinar/beatmo/internal/ui/row_rack_zone.go:1026.2,1027.30 2 1
github.com/ingyamilmolinar/beatmo/internal/ui/row_rack_zone.go:1027.30,1029.3 1 1
github.com/ingyamilmolinar/beatmo/internal/ui/row_rack_zone.go:1031.2,1031.22 1 1
github.com/ingyamilmolinar/beatmo/internal/ui/row_rack_zone.go:1031.22,1032.69 1 1
github.com/ingyamilmolinar/beatmo/internal/ui/row_rack_zone.go:1032.69,1033.12 1 1
github.com/ingyamilmolinar/beatmo/internal/ui/row_rack_zone.go:1035.3,1036.25 2 0
github.com/ingyamilmolinar/beatmo/internal/ui/row_rack_zone.go:1036.25,1038.21 2 0
github.com/ingyamilmolinar/beatmo/internal/ui/row_rack_zone.go:1038.21,1040.5 1 0
github.com/ingyamilmolinar/beatmo/internal/ui/row_rack_zone.go:1042.3,1042.13 1 0
github.com/ingyamilmolinar/beatmo/internal/ui/row_rack_zone.go:1042.13,1044.21 2 0
github.com/ingyamilmolinar/beatmo/internal/ui/row_rack_zone.go:1044.21,1046.5 1 0
github.com/ingyamilmolinar/beatmo/internal/ui/row_rack_zone.go:1048.3,1048.21 1 0
github.com/ingyamilmolinar/beatmo/internal/ui/row_rack_zone.go:1048.21,1050.4 1 0
github.com/ingyamilmolinar/beatmo/internal/ui/row_rack_zone.go:1051.3,1053.32 3 0
github.com/ingyamilmolinar/beatmo/internal/ui/row_rack_zone.go:1053.32,1055.4 1 0
github.com/ingyamilmolinar/beatmo/internal/ui/row_rack_zone.go:1056.3,1058.32 3 0
github.com/ingyamilmolinar/beatmo/internal/ui/row_rack_zone.go:1058.32,1059.21 1 0
github.com/ingyamilmolinar/beatmo/internal/ui/row_rack_zone.go:1059.21,1062.5 2 0
github.com/ingyamilmolinar/beatmo/internal/ui/row_rack_zone.go:1062.10,1065.5 2 0
github.com/ingyamilmolinar/beatmo/internal/ui/row_rack_zone.go:1066.4,1066.23 1 0
github.com/ingyamilmolinar/beatmo/internal/ui/row_rack_zone.go:1068.3,1068.32 1 0
github.com/ingyamilmolinar/beatmo/internal/ui/row_rack_zone.go:1068.32,1069.20 1 0
github.com/ingyamilmolinar/beatmo/internal/ui/row_rack_zone.go:1069.20,1072.5 2 0
github.com/ingyamilmolinar/beatmo/internal/ui/row_rack_zone.go:1072.10,1075.5 2 0
github.com/ingyamilmolinar/beatmo/internal/ui/row_rack_zone.go:1076.4,1076.23 1 0
github.com/ingyamilmolinar/beatmo/internal/ui/row_rack_zone.go:1078.3,1079.64 2 0
github.com/ingyamilmolinar/beatmo/internal/ui/row_rack_zone.go:1079.64,1082.4 2 0
github.com/ingyamilmolinar/beatmo/internal/ui/row_rack_zone.go:1082.9,1084.21 2 0
github.com/ingyamilmolinar/beatmo/internal/ui/row_rack_zone.go:1084.21,1086.5 1 0
github.com/ingyamilmolinar/beatmo/internal/ui/row_rack_zone.go:1088.3,1090.13 3 0
github.com/ingyamilmolinar/beatmo/internal/ui/row_rack_zone.go:1090.13,1092.21 2 0
github.com/ingyamilmolinar/beatmo/internal/ui/row_rack_zone.go:1092.21,1095.5 2 0
github.com/ingyamilmolinar/beatmo/internal/ui/row_rack_zone.go:1101.61,1103.15 2 0
github.com/ingyamilmolinar/beatmo/internal/ui/row_rack_zone.go:1103.15,1105.3 1 0
github.com/ingyamilmolinar/beatmo/internal/ui/row_rack_zone.go:1106.2,1107.14 2 0
github.com/ingyamilmolinar/beatmo/internal/ui/row_rack_zone.go:1107.14,1109.3 1 0
github.com/ingyamilmolinar/beatmo/internal/ui/row_rack_zone.go:1110.2,1112.15 3 0
github.com/ingyamilmolinar/beatmo/internal/ui/row_rack_zone.go:1112.15,1114.3 1 0
github.com/ingyamilmolinar/beatmo/internal/ui/row_rack_zone.go:1115.2,1116.15 2 0
github.com/ingyamilmolinar/beatmo/internal/ui/row_rack_zone.go:1116.15,1118.3 1 0
github.com/ingyamilmolinar/beatmo/internal/ui/row_rack_zone.go:1119.2,1122.15 4 0
github.com/ingyamilmolinar/beatmo/internal/ui/row_rack_zone.go:1122.15,1124.3 1 0
github.com/ingyamilmolinar/beatmo/internal/ui/row_rack_zone.go:1125.2,1126.15 2 0
github.com/ingyamilmolinar/beatmo/internal/ui/row_rack_zone.go:1126.15,1128.3 1 0
github.com/ingyamilmolinar/beatmo/internal/ui/row_rack_zone.go:1129.2,1131.15 3 0
github.com/ingyamilmolinar/beatmo/internal/ui/row_rack_zone.go:1131.15,1133.3 1 0
github.com/ingyamilmolinar/beatmo/internal/ui/row_rack_zone.go:1134.2,1135.15 2 0
github.com/ingyamilmolinar/beatmo/internal/ui/row_rack_zone.go:1135.15,1137.3 1 0
github.com/ingyamilmolinar/beatmo/internal/ui/row_rack_zone.go:1138.2,1140.13 3 0
github.com/ingyamilmolinar/beatmo/internal/ui/row_rack_zone.go:1140.13,1142.15 2 0
github.com/ingyamilmolinar/beatmo/internal/ui/row_rack_zone.go:1142.15,1144.4 1 0
github.com/ingyamilmolinar/beatmo/internal/ui/row_rack_zone.go:1145.3,1146.79 2 0
github.com/ingyamilmolinar/beatmo/internal/ui/row_rack_zone.go:1151.88,1153.15 2 1
github.com/ingyamilmolinar/beatmo/internal/ui/row_rack_zone.go:1153.15,1155.3 1 0
github.com/ingyamilmolinar/beatmo/internal/ui/row_rack_zone.go:1156.2,1158.14 3 1
github.com/ingyamilmolinar/beatmo/internal/ui/row_rack_zone.go:1158.14,1160.3 1 1
github.com/ingyamilmolinar/beatmo/internal/ui/row_rack_zone.go:1161.2,1163.15 3 1
github.com/ingyamilmolinar/beatmo/internal/ui/row_rack_zone.go:1163.15,1165.3 1 0
github.com/ingyamilmolinar/beatmo/internal/ui/row_rack_zone.go:1166.2,1167.15 2 1
github.com/ingyamilmolinar/beatmo/internal/ui/row_rack_zone.go:1167.15,1169.3 1 0
github.com/ingyamilmolinar/beatmo/internal/ui/row_rack_zone.go:1170.2,1173.15 4 1
github.com/ingyamilmolinar/beatmo/internal/ui/row_rack_zone.go:1173.15,1175.3 1 0
github.com/ingyamilmolinar/beatmo/internal/ui/row_rack_zone.go:1176.2,1177.15 2 1
github.com/ingyamilmolinar/beatmo/internal/ui/row_rack_zone.go:1177.15,1179.3 1 0
github.com/ingyamilmolinar/beatmo/internal/ui/row_rack_zone.go:1180.2,1182.15 3 1
github.com/ingyamilmolinar/beatmo/internal/ui/row_rack_zone.go:1182.15,1184.3 1 0
github.com/ingyamilmolinar/beatmo/internal/ui/row_rack_zone.go:1185.2,1186.15 2 1
github.com/ingyamilmolinar/beatmo/internal/ui/row_rack_zone.go:1186.15,1188.3 1 0
github.com/ingyamilmolinar/beatmo/internal/ui/row_rack_zone.go:1189.2,1191.13 3 1
github.com/ingyamilmolinar/beatmo/internal/ui/row_rack_zone.go:1191.13,1193.15 2 1
github.com/ingyamilmolinar/beatmo/internal/ui/row_rack_zone.go:1193.15,1195.4 1 1
github.com/ingyamilmolinar/beatmo/internal/ui/row_rack_zone.go:1196.3,1197.81 2 1
github.com/ingyamilmolinar/beatmo/internal/ui/row_rack_zone.go:1203.61,1205.26 2 0
github.com/ingyamilmolinar/beatmo/internal/ui/row_rack_zone.go:1205.26,1207.3 1 0
github.com/ingyamilmolinar/beatmo/internal/ui/row_rack_zone.go:1208.2,1209.15 2 0
github.com/ingyamilmolinar/beatmo/internal/ui/row_rack_zone.go:1209.15,1211.3 1 0
github.com/ingyamilmolinar/beatmo/internal/ui/row_rack_zone.go:1212.2,1217.34 5 0
github.com/ingyamilmolinar/beatmo/internal/ui/row_rack_zone.go:1221.88,1223.26 2 1
github.com/ingyamilmolinar/beatmo/internal/ui/row_rack_zone.go:1223.26,1225.3 1 1
github.com/ingyamilmolinar/beatmo/internal/ui/row_rack_zone.go:1226.2,1227.15 2 1
github.com/ingyamilmolinar/beatmo/internal/ui/row_rack_zone.go:1227.15,1229.3 1 0
github.com/ingyamilmolinar/beatmo/internal/ui/row_rack_zone.go:1230.2,1235.36 6 1
github.com/ingyamilmolinar/beatmo/internal/ui/row_window.go:12.46,14.24 2 1
github.com/ingyamilmolinar/beatmo/internal/ui/row_window.go:14.24,17.3 2 1
github.com/ingyamilmolinar/beatmo/internal/ui/row_window.go:18.2,18.24 1 1
github.com/ingyamilmolinar/beatmo/internal/ui/row_window.go:18.24,21.3 2 1
github.com/ingyamilmolinar/beatmo/internal/ui/row_window.go:22.2,22.12 1 1
github.com/ingyamilmolinar/beatmo/internal/ui/schedule_metrics.go:55.59,57.45 2 0
github.com/ingyamilmolinar/beatmo/internal/ui/schedule_metrics.go:57.45,59.3 1 0
github.com/ingyamilmolinar/beatmo/internal/ui/schedule_metrics.go:61.2,64.20 3 0
github.com/ingyamilmolinar/beatmo/internal/ui/schedule_metrics.go:64.20,66.3 1 0
github.com/ingyamilmolinar/beatmo/internal/ui/schedule_metrics.go:67.2,67.41 1 0
github.com/ingyamilmolinar/beatmo/internal/ui/schedule_metrics.go:67.41,69.3 1 0
github.com/ingyamilmolinar/beatmo/internal/ui/schedule_metrics.go:71.2,71.18 1 0
github.com/ingyamilmolinar/beatmo/internal/ui/schedule_metrics.go:71.18,74.3 2 0
github.com/ingyamilmolinar/beatmo/internal/ui/schedule_metrics.go:74.8,75.23 1 0
github.com/ingyamilmolinar/beatmo/internal/ui/schedule_metrics.go:75.23,77.4 1 0
github.com/ingyamilmolinar/beatmo/internal/ui/schedule_metrics.go:78.3,78.23 1 0
github.com/ingyamilmolinar/beatmo/internal/ui/schedule_metrics.go:78.23,80.4 1 0
github.com/ingyamilmolinar/beatmo/internal/ui/schedule_metrics.go:82.2,85.14 3 0
github.com/ingyamilmolinar/beatmo/internal/ui/schedule_metrics.go:85.14,89.21 4 0
github.com/ingyamilmolinar/beatmo/internal/ui/schedule_metrics.go:89.21,91.4 1 0
github.com/ingyamilmolinar/beatmo/internal/ui/schedule_metrics.go:92.3,92.33 1 0
github.com/ingyamilmolinar/beatmo/internal/ui/schedule_metrics.go:93.8,93.34 1 0
github.com/ingyamilmolinar/beatmo/internal/ui/schedule_metrics.go:93.34,95.3 1 0
github.com/ingyamilmolinar/beatmo/internal/ui/schedule_metrics.go:97.2,97.34 1 0
github.com/ingyamilmolinar/beatmo/internal/ui/schedule_metrics.go:101.35,115.2 13 0
github.com/ingyamilmolinar/beatmo/internal/ui/schedule_metrics.go:118.62,129.18 4 1
github.com/ingyamilmolinar/beatmo/internal/ui/schedule_metrics.go:129.18,138.3 8 1
github.com/ingyamilmolinar/beatmo/internal/ui/schedule_metrics.go:140.2,144.27 4 0
github.com/ingyamilmolinar/beatmo/internal/ui/schedule_metrics.go:144.27,146.3 1 0
github.com/ingyamilmolinar/beatmo/internal/ui/schedule_metrics.go:148.2,153.10 5 0
github.com/ingyamilmolinar/beatmo/internal/ui/schedule_metrics.go:158.44,159.33 1 0
github.com/ingyamilmolinar/beatmo/internal/ui/schedule_metrics.go:159.33,161.3 1 0
github.com/ingyamilmolinar/beatmo/internal/ui/schedule_metrics.go:161.8,163.3 1 0
github.com/ingyamilmolinar/beatmo/internal/ui/schedule_metrics.go:168.61,170.12 2 0
github.com/ingyamilmolinar/beatmo/internal/ui/schedule_metrics.go:170.12,172.3 1 0
github.com/ingyamilmolinar/beatmo/internal/ui/schedule_metrics.go:174.2,178.13 5 0
github.com/ingyamilmolinar/beatmo/internal/ui/schedule_metrics.go:178.13,180.3 1 0
github.com/ingyamilmolinar/beatmo/internal/ui/schedule_metrics.go:181.2,181.14 1 0
github.com/ingyamilmolinar/beatmo/internal/ui/schedule_metrics.go:181.14,183.3 1 0
github.com/ingyamilmolinar/beatmo/internal/ui/schedule_metrics.go:184.2,184.20 1 0
github.com/ingyamilmolinar/beatmo/internal/ui/scroll.go:23.36,24.19 1 1
github.com/ingyamilmolinar/beatmo/internal/ui/scroll.go:24.19,26.3 1 1
github.com/ingyamilmolinar/beatmo/internal/ui/scroll.go:27.2,27.41 1 1
github.com/ingyamilmolinar/beatmo/internal/ui/scroll.go:27.41,29.3 1 1
github.com/ingyamilmolinar/beatmo/internal/ui/scroll.go:30.2,31.18 2 1
github.com/ingyamilmolinar/beatmo/internal/ui/scroll.go:31.18,33.3 1 0
github.com/ingyamilmolinar/beatmo/internal/ui/scroll.go:34.2,34.17 1 1
github.com/ingyamilmolinar/beatmo/internal/ui/scroll.go:34.17,36.3 1 1
github.com/ingyamilmolinar/beatmo/internal/ui/scroll.go:37.2,37.24 1 1
github.com/ingyamilmolinar/beatmo/internal/ui/scroll.go:37.24,39.3 1 1
github.com/ingyamilmolinar/beatmo/internal/ui/scroll.go:43.45,45.2 1 1
github.com/ingyamilmolinar/beatmo/internal/ui/scroll.go:48.63,50.2 1 1
github.com/ingyamilmolinar/beatmo/internal/ui/scroll.go:54.71,55.38 1 1
github.com/ingyamilmolinar/beatmo/internal/ui/scroll.go:55.38,57.3 1 1
github.com/ingyamilmolinar/beatmo/internal/ui/scroll.go:58.2,60.50 3 1
github.com/ingyamilmolinar/beatmo/internal/ui/scroll.go:60.50,62.3 1 0
github.com/ingyamilmolinar/beatmo/internal/ui/scroll.go:63.2,64.19 2 1
github.com/ingyamilmolinar/beatmo/internal/ui/scroll.go:64.19,66.3 1 1
github.com/ingyamilmolinar/beatmo/internal/ui/scroll.go:67.2,67.20 1 1
github.com/ingyamilmolinar/beatmo/internal/ui/scroll.go:67.20,69.3 1 0
github.com/ingyamilmolinar/beatmo/internal/ui/scroll.go:70.2,72.36 3 1
github.com/ingyamilmolinar/beatmo/internal/ui/scroll.go:72.36,74.3 1 1
github.com/ingyamilmolinar/beatmo/internal/ui/scroll.go:75.2,76.54 2 1
github.com/ingyamilmolinar/beatmo/internal/ui/scroll.go:81.53,86.2 4 1
github.com/ingyamilmolinar/beatmo/internal/ui/scroll.go:89.67,91.82 2 1
github.com/ingyamilmolinar/beatmo/internal/ui/scroll.go:91.82,93.3 1 1
github.com/ingyamilmolinar/beatmo/internal/ui/scroll.go:94.2,98.13 5 1
github.com/ingyamilmolinar/beatmo/internal/ui/scroll.go:102.64,103.17 1 1
github.com/ingyamilmolinar/beatmo/internal/ui/scroll.go:103.17,105.3 1 0
github.com/ingyamilmolinar/beatmo/internal/ui/scroll.go:106.2,109.15 4 1
github.com/ingyamilmolinar/beatmo/internal/ui/scroll.go:109.15,111.3 1 0
github.com/ingyamilmolinar/beatmo/internal/ui/scroll.go:112.2,113.18 2 1
github.com/ingyamilmolinar/beatmo/internal/ui/scroll.go:113.18,115.3 1 0
github.com/ingyamilmolinar/beatmo/internal/ui/scroll.go:116.2,117.26 2 1
github.com/ingyamilmolinar/beatmo/internal/ui/scroll.go:117.26,119.3 1 0
github.com/ingyamilmolinar/beatmo/internal/ui/scroll.go:120.2,121.28 2 1
github.com/ingyamilmolinar/beatmo/internal/ui/scroll.go:121.28,123.3 1 1
github.com/ingyamilmolinar/beatmo/internal/ui/scroll.go:124.2,126.18 3 1
github.com/ingyamilmolinar/beatmo/internal/ui/scroll.go:126.18,128.3 1 0
github.com/ingyamilmolinar/beatmo/internal/ui/scroll.go:129.2,129.25 1 1
github.com/ingyamilmolinar/beatmo/internal/ui/scroll.go:129.25,131.3 1 0
github.com/ingyamilmolinar/beatmo/internal/ui/scroll.go:132.2,134.16 3 1
github.com/ingyamilmolinar/beatmo/internal/ui/scroll.go:138.38,138.60 1 1
github.com/ingyamilmolinar/beatmo/internal/ui/scroll_behavior.go:23.78,28.2 1 1
github.com/ingyamilmolinar/beatmo/internal/ui/scroll_behavior.go:34.55,35.28 1 1
github.com/ingyamilmolinar/beatmo/internal/ui/scroll_behavior.go:35.28,38.3 2 1
github.com/ingyamilmolinar/beatmo/internal/ui/scroll_behavior.go:39.2,39.14 1 1
github.com/ingyamilmolinar/beatmo/internal/ui/scroll_behavior.go:43.55,44.60 1 1
github.com/ingyamilmolinar/beatmo/internal/ui/scroll_behavior.go:44.60,47.3 2 1
github.com/ingyamilmolinar/beatmo/internal/ui/scroll_behavior.go:48.2,48.14 1 1
github.com/ingyamilmolinar/beatmo/internal/ui/scroll_behavior.go:52.52,53.57 1 1
github.com/ingyamilmolinar/beatmo/internal/ui/scroll_behavior.go:53.57,56.3 2 1
github.com/ingyamilmolinar/beatmo/internal/ui/scroll_behavior.go:57.2,57.14 1 1
github.com/ingyamilmolinar/beatmo/internal/ui/scroll_behavior.go:61.43,63.2 1 1
github.com/ingyamilmolinar/beatmo/internal/ui/scroll_behavior.go:66.54,69.2 2 1
github.com/ingyamilmolinar/beatmo/internal/ui/scroll_behavior.go:72.58,74.16 2 1
github.com/ingyamilmolinar/beatmo/internal/ui/scroll_behavior.go:74.16,76.3 1 1
github.com/ingyamilmolinar/beatmo/internal/ui/scroll_behavior.go:77.2,77.35 1 1
github.com/ingyamilmolinar/beatmo/internal/ui/scroll_behavior.go:81.44,83.2 1 1
github.com/ingyamilmolinar/beatmo/internal/ui/scroll_behavior.go:87.49,89.16 2 1
github.com/ingyamilmolinar/beatmo/internal/ui/scroll_behavior.go:89.16,91.3 1 1
github.com/ingyamilmolinar/beatmo/internal/ui/scroll_behavior.go:92.2,92.35 1 1
github.com/ingyamilmolinar/beatmo/internal/ui/scroll_behavior.go:97.60,98.24 1 1
github.com/ingyamilmolinar/beatmo/internal/ui/scroll_behavior.go:98.24,100.3 1 1
github.com/ingyamilmolinar/beatmo/internal/ui/scroll_behavior.go:101.2,104.18 4 1
github.com/ingyamilmolinar/beatmo/internal/ui/scroll_behavior.go:104.18,106.3 1 1
github.com/ingyamilmolinar/beatmo/internal/ui/scroll_behavior.go:107.2,112.66 5 1
github.com/ingyamilmolinar/beatmo/internal/ui/scroll_behavior.go:112.66,114.3 1 1
github.com/ingyamilmolinar/beatmo/internal/ui/scroll_behavior.go:115.2,115.25 1 1
github.com/ingyamilmolinar/beatmo/internal/ui/scroll_behavior.go:115.25,118.3 2 1
github.com/ingyamilmolinar/beatmo/internal/ui/scroll_behavior.go:119.2,119.14 1 1
github.com/ingyamilmolinar/beatmo/internal/ui/scroll_behavior.go:125.44,127.2 1 1
github.com/ingyamilmolinar/beatmo/internal/ui/scroll_behavior.go:130.53,132.2 1 1
github.com/ingyamilmolinar/beatmo/internal/ui/scroll_behavior.go:135.55,137.2 1 1
github.com/ingyamilmolinar/beatmo/internal/ui/scroll_behavior.go:142.51,143.21 1 1
github.com/ingyamilmolinar/beatmo/internal/ui/scroll_behavior.go:143.21,145.3 1 1
github.com/ingyamilmolinar/beatmo/internal/ui/scroll_behavior.go:146.2,146.50 1 1
github.com/ingyamilmolinar/beatmo/internal/ui/scroll_behavior.go:152.46,152.71 1 1
github.com/ingyamilmolinar/beatmo/internal/ui/scroll_behavior.go:155.53,155.90 1 1
github.com/ingyamilmolinar/beatmo/internal/ui/scroll_behavior.go:158.46,158.76 1 1
github.com/ingyamilmolinar/beatmo/internal/ui/scroll_behavior.go:161.43,161.68 1 1
github.com/ingyamilmolinar/beatmo/internal/ui/scroll_behavior.go:164.40,164.59 1 1
github.com/ingyamilmolinar/beatmo/internal/ui/scroll_behavior.go:167.40,167.60 1 1
github.com/ingyamilmolinar/beatmo/internal/ui/scroll_behavior.go:170.40,173.2 2 1
github.com/ingyamilmolinar/beatmo/internal/ui/scrollbar_style.go:41.49,41.84 1 1
github.com/ingyamilmolinar/beatmo/internal/ui/scrollbar_style.go:45.85,46.21 1 1
github.com/ingyamilmolinar/beatmo/internal/ui/scrollbar_style.go:46.21,48.3 1 0
github.com/ingyamilmolinar/beatmo/internal/ui/scrollbar_style.go:49.2,50.24 2 1
github.com/ingyamilmolinar/beatmo/internal/ui/scrollbar_style.go:50.24,52.3 1 1
github.com/ingyamilmolinar/beatmo/internal/ui/select_json_stub_test_tag.go:5.35,5.54 1 0
github.com/ingyamilmolinar/beatmo/internal/ui/select_json_stub_test_tag.go:7.46,7.62 1 1
github.com/ingyamilmolinar/beatmo/internal/ui/select_json_stub_test_tag.go:9.54,9.68 1 0
github.com/ingyamilmolinar/beatmo/internal/ui/seq_path_snapshot.go:11.39,12.14 1 1
github.com/ingyamilmolinar/beatmo/internal/ui/seq_path_snapshot.go:12.14,14.3 1 0
github.com/ingyamilmolinar/beatmo/internal/ui/seq_path_snapshot.go:15.2,20.27 2 1
github.com/ingyamilmolinar/beatmo/internal/ui/seq_path_snapshot.go:23.51,24.14 1 1
github.com/ingyamilmolinar/beatmo/internal/ui/seq_path_snapshot.go:24.14,26.3 1 0
github.com/ingyamilmolinar/beatmo/internal/ui/seq_path_snapshot.go:27.2,27.29 1 1
github.com/ingyamilmolinar/beatmo/internal/ui/seq_path_snapshot.go:30.69,31.19 1 1
github.com/ingyamilmolinar/beatmo/internal/ui/seq_path_snapshot.go:31.19,33.3 1 1
github.com/ingyamilmolinar/beatmo/internal/ui/seq_path_snapshot.go:34.2,35.21 2 1
github.com/ingyamilmolinar/beatmo/internal/ui/seq_path_snapshot.go:35.21,36.23 1 1
github.com/ingyamilmolinar/beatmo/internal/ui/seq_path_snapshot.go:36.23,37.12 1 1
github.com/ingyamilmolinar/beatmo/internal/ui/seq_path_snapshot.go:39.3,39.52 1 1
github.com/ingyamilmolinar/beatmo/internal/ui/seq_path_snapshot.go:41.2,41.12 1 1
github.com/ingyamilmolinar/beatmo/internal/ui/seq_path_snapshot.go:44.75,45.63 1 1
github.com/ingyamilmolinar/beatmo/internal/ui/seq_path_snapshot.go:45.63,47.3 1 0
github.com/ingyamilmolinar/beatmo/internal/ui/seq_path_snapshot.go:48.2,49.32 2 1
github.com/ingyamilmolinar/beatmo/internal/ui/seq_path_snapshot.go:49.32,51.3 1 1
github.com/ingyamilmolinar/beatmo/internal/ui/seq_path_snapshot.go:52.2,52.22 1 1
github.com/ingyamilmolinar/beatmo/internal/ui/seq_path_snapshot.go:52.22,54.3 1 1
github.com/ingyamilmolinar/beatmo/internal/ui/seq_path_snapshot.go:55.2,55.60 1 1
github.com/ingyamilmolinar/beatmo/internal/ui/seq_path_snapshot.go:55.60,57.3 1 1
github.com/ingyamilmolinar/beatmo/internal/ui/seq_path_snapshot.go:58.2,59.36 2 1
github.com/ingyamilmolinar/beatmo/internal/ui/seq_path_snapshot.go:59.36,61.3 1 1
github.com/ingyamilmolinar/beatmo/internal/ui/seq_path_snapshot.go:62.2,63.18 2 1
github.com/ingyamilmolinar/beatmo/internal/ui/seq_path_snapshot.go:63.18,65.3 1 0
github.com/ingyamilmolinar/beatmo/internal/ui/seq_path_snapshot.go:66.2,68.13 3 1
github.com/ingyamilmolinar/beatmo/internal/ui/seq_path_snapshot.go:68.13,70.3 1 0
github.com/ingyamilmolinar/beatmo/internal/ui/seq_path_snapshot.go:71.2,71.25 1 1
github.com/ingyamilmolinar/beatmo/internal/ui/slider.go:24.35,24.63 1 1
github.com/ingyamilmolinar/beatmo/internal/ui/slider.go:26.45,26.56 1 1
github.com/ingyamilmolinar/beatmo/internal/ui/slider.go:28.41,28.55 1 1
github.com/ingyamilmolinar/beatmo/internal/ui/slider.go:33.74,34.32 1 1
github.com/ingyamilmolinar/beatmo/internal/ui/slider.go:34.32,35.15 1 1
github.com/ingyamilmolinar/beatmo/internal/ui/slider.go:35.15,37.4 1 1
github.com/ingyamilmolinar/beatmo/internal/ui/slider.go:38.3,39.22 2 1
github.com/ingyamilmolinar/beatmo/internal/ui/slider.go:41.2,41.13 1 1
github.com/ingyamilmolinar/beatmo/internal/ui/slider.go:41.13,42.45 1 1
github.com/ingyamilmolinar/beatmo/internal/ui/slider.go:42.45,46.4 3 1
github.com/ingyamilmolinar/beatmo/internal/ui/slider.go:47.8,47.23 1 1
github.com/ingyamilmolinar/beatmo/internal/ui/slider.go:47.23,50.3 2 1
github.com/ingyamilmolinar/beatmo/internal/ui/slider.go:51.2,51.21 1 1
github.com/ingyamilmolinar/beatmo/internal/ui/slider.go:55.35,55.56 1 1
github.com/ingyamilmolinar/beatmo/internal/ui/slider.go:59.56,61.2 1 1
github.com/ingyamilmolinar/beatmo/internal/ui/slider.go:63.35,66.12 3 1
github.com/ingyamilmolinar/beatmo/internal/ui/slider.go:66.12,69.3 2 0
github.com/ingyamilmolinar/beatmo/internal/ui/slider.go:70.2,71.13 2 1
github.com/ingyamilmolinar/beatmo/internal/ui/slider.go:71.13,73.3 1 1
github.com/ingyamilmolinar/beatmo/internal/ui/slider.go:74.2,74.13 1 1
github.com/ingyamilmolinar/beatmo/internal/ui/slider.go:74.13,76.3 1 1
github.com/ingyamilmolinar/beatmo/internal/ui/slider.go:77.2,77.37 1 1
github.com/ingyamilmolinar/beatmo/internal/ui/slider.go:81.42,100.23 13 1
github.com/ingyamilmolinar/beatmo/internal/ui/slider.go:100.23,102.3 1 1
github.com/ingyamilmolinar/beatmo/internal/ui/slider.go:105.2,108.16 4 1
github.com/ingyamilmolinar/beatmo/internal/ui/slider.go:108.16,110.3 1 0
github.com/ingyamilmolinar/beatmo/internal/ui/slider.go:111.2,117.22 4 1
github.com/ingyamilmolinar/beatmo/internal/ui/slider.go:117.22,121.3 3 1
github.com/ingyamilmolinar/beatmo/internal/ui/slider.go:122.2,122.16 1 1
github.com/ingyamilmolinar/beatmo/internal/ui/slider.go:122.16,124.3 1 0
github.com/ingyamilmolinar/beatmo/internal/ui/slider.go:125.2,125.24 1 1
github.com/ingyamilmolinar/beatmo/internal/ui/slider.go:125.24,129.34 3 1
github.com/ingyamilmolinar/beatmo/internal/ui/slider.go:129.34,131.4 1 1
github.com/ingyamilmolinar/beatmo/internal/ui/slider.go:132.3,134.26 3 1
github.com/ingyamilmolinar/beatmo/internal/ui/slider.go:135.8,138.34 3 1
github.com/ingyamilmolinar/beatmo/internal/ui/slider.go:138.34,140.4 1 1
github.com/ingyamilmolinar/beatmo/internal/ui/slider.go:141.3,143.26 3 1
github.com/ingyamilmolinar/beatmo/internal/ui/slider.go:147.63,156.19 6 1
github.com/ingyamilmolinar/beatmo/internal/ui/slider.go:156.19,158.3 1 1
github.com/ingyamilmolinar/beatmo/internal/ui/slider.go:159.2,159.24 1 1
github.com/ingyamilmolinar/beatmo/internal/ui/slider.go:159.24,161.3 1 1
github.com/ingyamilmolinar/beatmo/internal/ui/slider.go:162.2,164.19 3 1
github.com/ingyamilmolinar/beatmo/internal/ui/slider.go:168.46,171.2 2 1
github.com/ingyamilmolinar/beatmo/internal/ui/slider_group.go:21.90,27.2 1 1
github.com/ingyamilmolinar/beatmo/internal/ui/slider_group.go:32.53,33.19 1 1
github.com/ingyamilmolinar/beatmo/internal/ui/slider_group.go:33.19,35.103 1 1
github.com/ingyamilmolinar/beatmo/internal/ui/slider_group.go:35.103,38.4 2 0
github.com/ingyamilmolinar/beatmo/internal/ui/slider_group.go:39.3,39.16 1 1
github.com/ingyamilmolinar/beatmo/internal/ui/slider_group.go:41.2,41.21 1 1
github.com/ingyamilmolinar/beatmo/internal/ui/slider_group.go:45.43,45.63 1 1
github.com/ingyamilmolinar/beatmo/internal/ui/slider_group.go:51.61,51.86 1 1
github.com/ingyamilmolinar/beatmo/internal/ui/slider_group.go:54.36,54.55 1 1
github.com/ingyamilmolinar/beatmo/internal/ui/slider_group.go:57.40,57.64 1 1
github.com/ingyamilmolinar/beatmo/internal/ui/slider_group.go:63.73,64.19 1 1
github.com/ingyamilmolinar/beatmo/internal/ui/slider_group.go:64.19,68.51 3 1
github.com/ingyamilmolinar/beatmo/internal/ui/slider_group.go:68.51,70.4 1 1
github.com/ingyamilmolinar/beatmo/internal/ui/slider_group.go:71.3,71.21 1 1
github.com/ingyamilmolinar/beatmo/internal/ui/slider_group.go:71.21,73.4 1 1
github.com/ingyamilmolinar/beatmo/internal/ui/slider_group.go:74.3,74.16 1 1
github.com/ingyamilmolinar/beatmo/internal/ui/slider_group.go:78.2,78.14 1 1
github.com/ingyamilmolinar/beatmo/internal/ui/slider_group.go:78.14,80.3 1 1
github.com/ingyamilmolinar/beatmo/internal/ui/slider_group.go:82.2,82.75 1 1
github.com/ingyamilmolinar/beatmo/internal/ui/slider_group.go:82.75,84.3 1 1
github.com/ingyamilmolinar/beatmo/internal/ui/slider_group.go:85.2,85.30 1 1
github.com/ingyamilmolinar/beatmo/internal/ui/slider_group.go:85.30,86.15 1 1
github.com/ingyamilmolinar/beatmo/internal/ui/slider_group.go:86.15,87.12 1 1
github.com/ingyamilmolinar/beatmo/internal/ui/slider_group.go:89.3,90.29 2 1
github.com/ingyamilmolinar/beatmo/internal/ui/slider_group.go:90.29,92.25 2 1
github.com/ingyamilmolinar/beatmo/internal/ui/slider_group.go:92.25,94.5 1 1
github.com/ingyamilmolinar/beatmo/internal/ui/slider_group.go:95.4,95.17 1 1
github.com/ingyamilmolinar/beatmo/internal/ui/slider_group.go:98.2,98.21 1 1
github.com/ingyamilmolinar/beatmo/internal/ui/slider_group.go:102.53,104.30 2 1
github.com/ingyamilmolinar/beatmo/internal/ui/slider_group.go:104.30,105.15 1 1
github.com/ingyamilmolinar/beatmo/internal/ui/slider_group.go:105.15,106.12 1 0
github.com/ingyamilmolinar/beatmo/internal/ui/slider_group.go:108.3,108.16 1 1
github.com/ingyamilmolinar/beatmo/internal/ui/slider_group.go:108.16,110.4 1 1
github.com/ingyamilmolinar/beatmo/internal/ui/slider_group.go:110.9,112.4 1 1
github.com/ingyamilmolinar/beatmo/internal/ui/slider_group.go:114.2,114.10 1 1
github.com/ingyamilmolinar/beatmo/internal/ui/slider_group.go:118.36,118.48 1 1
github.com/ingyamilmolinar/beatmo/internal/ui/slider_group.go:121.60,121.83 1 1
github.com/ingyamilmolinar/beatmo/internal/ui/slider_group.go:124.33,125.48 1 1
github.com/ingyamilmolinar/beatmo/internal/ui/slider_group.go:125.48,127.17 2 1
github.com/ingyamilmolinar/beatmo/internal/ui/slider_group.go:127.17,129.4 1 1
github.com/ingyamilmolinar/beatmo/internal/ui/slider_group.go:131.2,131.15 1 1
github.com/ingyamilmolinar/beatmo/internal/ui/slider_popup.go:34.57,36.2 1 1
github.com/ingyamilmolinar/beatmo/internal/ui/slider_popup.go:40.74,45.30 4 1
github.com/ingyamilmolinar/beatmo/internal/ui/slider_popup.go:45.30,47.3 1 1
github.com/ingyamilmolinar/beatmo/internal/ui/slider_popup.go:48.2,48.24 1 1
github.com/ingyamilmolinar/beatmo/internal/ui/slider_popup.go:48.24,50.3 1 1
github.com/ingyamilmolinar/beatmo/internal/ui/slider_popup.go:51.2,51.31 1 1
github.com/ingyamilmolinar/beatmo/internal/ui/slider_popup.go:51.31,53.3 1 1
github.com/ingyamilmolinar/beatmo/internal/ui/slider_popup.go:55.2,57.16 3 1
github.com/ingyamilmolinar/beatmo/internal/ui/slider_popup.go:61.32,64.30 3 1
github.com/ingyamilmolinar/beatmo/internal/ui/slider_popup.go:64.30,66.3 1 0
github.com/ingyamilmolinar/beatmo/internal/ui/slider_popup.go:70.38,70.56 1 1
github.com/ingyamilmolinar/beatmo/internal/ui/slider_popup.go:73.47,73.65 1 1
github.com/ingyamilmolinar/beatmo/internal/ui/slider_popup.go:76.42,76.64 1 1
github.com/ingyamilmolinar/beatmo/internal/ui/slider_popup.go:79.39,80.28 1 1
github.com/ingyamilmolinar/beatmo/internal/ui/slider_popup.go:80.28,82.3 1 1
github.com/ingyamilmolinar/beatmo/internal/ui/slider_popup.go:83.2,83.27 1 1
github.com/ingyamilmolinar/beatmo/internal/ui/slider_popup.go:87.39,89.2 1 1
github.com/ingyamilmolinar/beatmo/internal/ui/slider_popup.go:92.48,93.33 1 1
github.com/ingyamilmolinar/beatmo/internal/ui/slider_popup.go:93.33,95.3 1 1
github.com/ingyamilmolinar/beatmo/internal/ui/slider_popup.go:96.2,103.28 5 1
github.com/ingyamilmolinar/beatmo/internal/ui/slider_popup.go:103.28,109.3 5 0
github.com/ingyamilmolinar/beatmo/internal/ui/slider_popup.go:112.2,123.17 10 1
github.com/ingyamilmolinar/beatmo/internal/ui/slider_popup.go:123.17,125.3 1 0
github.com/ingyamilmolinar/beatmo/internal/ui/slider_popup.go:126.2,131.23 4 1
github.com/ingyamilmolinar/beatmo/internal/ui/slider_popup.go:131.23,133.3 1 0
github.com/ingyamilmolinar/beatmo/internal/ui/slider_popup.go:134.2,134.23 1 1
github.com/ingyamilmolinar/beatmo/internal/ui/slider_popup.go:134.23,136.3 1 0
github.com/ingyamilmolinar/beatmo/internal/ui/slider_popup.go:137.2,137.23 1 1
github.com/ingyamilmolinar/beatmo/internal/ui/slider_popup.go:137.23,139.3 1 1
github.com/ingyamilmolinar/beatmo/internal/ui/slider_popup.go:142.2,149.65 3 1
github.com/ingyamilmolinar/beatmo/internal/ui/slider_popup.go:154.67,155.14 1 1
github.com/ingyamilmolinar/beatmo/internal/ui/slider_popup.go:155.14,157.3 1 1
github.com/ingyamilmolinar/beatmo/internal/ui/slider_popup.go:159.2,162.17 4 1
github.com/ingyamilmolinar/beatmo/internal/ui/slider_popup.go:162.17,164.3 1 0
github.com/ingyamilmolinar/beatmo/internal/ui/slider_popup.go:166.2,166.62 1 1
github.com/ingyamilmolinar/beatmo/internal/ui/slider_popup.go:166.62,169.26 3 1
github.com/ingyamilmolinar/beatmo/internal/ui/slider_popup.go:169.26,171.4 1 1
github.com/ingyamilmolinar/beatmo/internal/ui/slider_popup.go:172.3,172.26 1 1
github.com/ingyamilmolinar/beatmo/internal/ui/slider_popup.go:172.26,174.4 1 1
github.com/ingyamilmolinar/beatmo/internal/ui/slider_popup.go:175.3,177.14 3 1
github.com/ingyamilmolinar/beatmo/internal/ui/slider_popup.go:177.14,179.4 1 0
github.com/ingyamilmolinar/beatmo/internal/ui/slider_popup.go:180.3,180.14 1 1
github.com/ingyamilmolinar/beatmo/internal/ui/slider_popup.go:180.14,182.4 1 0
github.com/ingyamilmolinar/beatmo/internal/ui/slider_popup.go:183.3,184.14 2 1
github.com/ingyamilmolinar/beatmo/internal/ui/slider_popup.go:186.2,186.14 1 1
github.com/ingyamilmolinar/beatmo/internal/ui/slider_popup.go:186.14,188.3 1 1
github.com/ingyamilmolinar/beatmo/internal/ui/slider_popup.go:189.2,189.14 1 1
github.com/ingyamilmolinar/beatmo/internal/ui/slider_popup.go:197.60,197.88 1 1
github.com/ingyamilmolinar/beatmo/internal/ui/slider_popup.go:198.60,198.87 1 1
github.com/ingyamilmolinar/beatmo/internal/ui/slider_popup.go:199.60,199.92 1 1
github.com/ingyamilmolinar/beatmo/internal/ui/slider_popup.go:200.60,200.85 1 1
github.com/ingyamilmolinar/beatmo/internal/ui/slider_popup.go:201.60,201.91 1 1
github.com/ingyamilmolinar/beatmo/internal/ui/slider_popup.go:202.38,204.2 1 1
github.com/ingyamilmolinar/beatmo/internal/ui/slider_popup.go:205.78,206.40 1 1
github.com/ingyamilmolinar/beatmo/internal/ui/slider_popup.go:206.40,207.20 1 1
github.com/ingyamilmolinar/beatmo/internal/ui/slider_popup.go:207.20,209.4 1 1
github.com/ingyamilmolinar/beatmo/internal/ui/slider_popup.go:210.3,210.23 1 0
github.com/ingyamilmolinar/beatmo/internal/ui/slider_popup.go:212.2,212.21 1 1
github.com/ingyamilmolinar/beatmo/internal/ui/slider_popup.go:214.71,216.2 1 1
github.com/ingyamilmolinar/beatmo/internal/ui/slider_popup_portal.go:15.82,17.2 0 1
github.com/ingyamilmolinar/beatmo/internal/ui/slider_popup_portal.go:19.57,21.15 2 1
github.com/ingyamilmolinar/beatmo/internal/ui/slider_popup_portal.go:21.15,23.3 1 1
github.com/ingyamilmolinar/beatmo/internal/ui/slider_popup_portal.go:24.2,26.3 1 1
github.com/ingyamilmolinar/beatmo/internal/ui/slider_popup_portal.go:29.63,31.2 1 1
github.com/ingyamilmolinar/beatmo/internal/ui/slider_popup_portal.go:33.55,35.2 1 1
github.com/ingyamilmolinar/beatmo/internal/ui/slider_popup_portal.go:42.63,43.37 1 1
github.com/ingyamilmolinar/beatmo/internal/ui/slider_popup_portal.go:43.37,44.27 1 1
github.com/ingyamilmolinar/beatmo/internal/ui/slider_popup_portal.go:44.27,46.4 1 1
github.com/ingyamilmolinar/beatmo/internal/ui/slider_popup_portal.go:47.3,47.23 1 0
github.com/ingyamilmolinar/beatmo/internal/ui/slider_popup_portal.go:49.2,49.21 1 1
github.com/ingyamilmolinar/beatmo/internal/ui/slider_popup_portal.go:52.50,54.2 1 1
github.com/ingyamilmolinar/beatmo/internal/ui/slider_popup_portal.go:56.53,58.2 1 1
github.com/ingyamilmolinar/beatmo/internal/ui/slider_popup_portal.go:60.70,62.2 1 1
github.com/ingyamilmolinar/beatmo/internal/ui/softkeyboard_stub.go:16.42,16.43 0 0
github.com/ingyamilmolinar/beatmo/internal/ui/softkeyboard_stub.go:17.42,17.43 0 1
github.com/ingyamilmolinar/beatmo/internal/ui/softkeyboard_stub.go:18.42,18.43 0 1
github.com/ingyamilmolinar/beatmo/internal/ui/softkeyboard_stub.go:19.41,19.55 1 0
github.com/ingyamilmolinar/beatmo/internal/ui/softkeyboard_stub.go:20.41,20.57 1 1
github.com/ingyamilmolinar/beatmo/internal/ui/softkeyboard_stub.go:21.76,22.30 1 1
github.com/ingyamilmolinar/beatmo/internal/ui/softkeyboard_stub.go:22.30,26.3 1 1
github.com/ingyamilmolinar/beatmo/internal/ui/softkeyboard_stub.go:29.31,30.30 1 1
github.com/ingyamilmolinar/beatmo/internal/ui/softkeyboard_stub.go:30.30,32.3 1 1
github.com/ingyamilmolinar/beatmo/internal/ui/splitter.go:26.38,26.61 1 1
github.com/ingyamilmolinar/beatmo/internal/ui/splitter.go:29.61,30.19 1 1
github.com/ingyamilmolinar/beatmo/internal/ui/splitter.go:30.19,32.3 1 1
github.com/ingyamilmolinar/beatmo/internal/ui/splitter.go:33.2,33.36 1 1
github.com/ingyamilmolinar/beatmo/internal/ui/splitter.go:37.61,38.19 1 1
github.com/ingyamilmolinar/beatmo/internal/ui/splitter.go:38.19,40.3 1 1
github.com/ingyamilmolinar/beatmo/internal/ui/splitter.go:41.2,41.39 1 1
github.com/ingyamilmolinar/beatmo/internal/ui/splitter.go:45.46,46.19 1 1
github.com/ingyamilmolinar/beatmo/internal/ui/splitter.go:46.19,48.3 1 1
github.com/ingyamilmolinar/beatmo/internal/ui/splitter.go:49.2,49.16 1 1
github.com/ingyamilmolinar/beatmo/internal/ui/splitter.go:53.40,54.19 1 1
github.com/ingyamilmolinar/beatmo/internal/ui/splitter.go:54.19,56.3 1 1
github.com/ingyamilmolinar/beatmo/internal/ui/splitter.go:57.2,57.13 1 1
github.com/ingyamilmolinar/beatmo/internal/ui/splitter.go:61.40,62.19 1 1
github.com/ingyamilmolinar/beatmo/internal/ui/splitter.go:62.19,64.3 1 1
github.com/ingyamilmolinar/beatmo/internal/ui/splitter.go:65.2,65.12 1 1
github.com/ingyamilmolinar/beatmo/internal/ui/splitter.go:68.40,70.2 1 1
github.com/ingyamilmolinar/beatmo/internal/ui/splitter.go:76.51,79.18 3 1
github.com/ingyamilmolinar/beatmo/internal/ui/splitter.go:79.18,81.32 1 1
github.com/ingyamilmolinar/beatmo/internal/ui/splitter.go:81.32,82.17 1 1
github.com/ingyamilmolinar/beatmo/internal/ui/splitter.go:82.17,84.5 1 1
github.com/ingyamilmolinar/beatmo/internal/ui/splitter.go:85.4,87.49 3 1
github.com/ingyamilmolinar/beatmo/internal/ui/splitter.go:87.49,88.48 1 1
github.com/ingyamilmolinar/beatmo/internal/ui/splitter.go:88.48,90.6 1 1
github.com/ingyamilmolinar/beatmo/internal/ui/splitter.go:91.5,91.55 1 1
github.com/ingyamilmolinar/beatmo/internal/ui/splitter.go:91.55,93.6 1 1
github.com/ingyamilmolinar/beatmo/internal/ui/splitter.go:95.4,95.18 1 1
github.com/ingyamilmolinar/beatmo/internal/ui/splitter.go:95.18,97.5 1 1
github.com/ingyamilmolinar/beatmo/internal/ui/splitter.go:98.4,98.18 1 1
github.com/ingyamilmolinar/beatmo/internal/ui/splitter.go:98.18,100.5 1 1
github.com/ingyamilmolinar/beatmo/internal/ui/splitter.go:102.8,104.30 1 1
github.com/ingyamilmolinar/beatmo/internal/ui/splitter.go:104.30,105.17 1 1
github.com/ingyamilmolinar/beatmo/internal/ui/splitter.go:105.17,107.5 1 1
github.com/ingyamilmolinar/beatmo/internal/ui/splitter.go:108.4,110.49 3 1
github.com/ingyamilmolinar/beatmo/internal/ui/splitter.go:110.49,111.46 1 1
github.com/ingyamilmolinar/beatmo/internal/ui/splitter.go:111.46,113.6 1 1
github.com/ingyamilmolinar/beatmo/internal/ui/splitter.go:114.5,114.51 1 1
github.com/ingyamilmolinar/beatmo/internal/ui/splitter.go:114.51,116.6 1 1
github.com/ingyamilmolinar/beatmo/internal/ui/splitter.go:118.4,118.18 1 1
github.com/ingyamilmolinar/beatmo/internal/ui/splitter.go:118.18,120.5 1 1
github.com/ingyamilmolinar/beatmo/internal/ui/splitter.go:121.4,121.18 1 1
github.com/ingyamilmolinar/beatmo/internal/ui/splitter.go:121.18,123.5 1 1
github.com/ingyamilmolinar/beatmo/internal/ui/splitter.go:126.3,126.15 1 1
github.com/ingyamilmolinar/beatmo/internal/ui/splitter.go:132.45,137.61 4 0
github.com/ingyamilmolinar/beatmo/internal/ui/splitter.go:137.61,139.3 1 0
github.com/ingyamilmolinar/beatmo/internal/ui/splitter.go:140.2,140.32 1 0
github.com/ingyamilmolinar/beatmo/internal/ui/splitter.go:140.32,141.52 1 0
github.com/ingyamilmolinar/beatmo/internal/ui/splitter.go:141.52,143.4 1 0
github.com/ingyamilmolinar/beatmo/internal/ui/splitter.go:144.3,144.9 1 0
github.com/ingyamilmolinar/beatmo/internal/ui/splitter.go:146.2,148.18 2 0
github.com/ingyamilmolinar/beatmo/internal/ui/splitter.go:148.18,150.39 1 0
github.com/ingyamilmolinar/beatmo/internal/ui/splitter.go:150.39,152.4 1 0
github.com/ingyamilmolinar/beatmo/internal/ui/splitter.go:153.3,153.51 1 0
github.com/ingyamilmolinar/beatmo/internal/ui/splitter.go:153.51,154.19 1 0
github.com/ingyamilmolinar/beatmo/internal/ui/splitter.go:154.19,157.38 3 0
github.com/ingyamilmolinar/beatmo/internal/ui/splitter.go:157.38,160.6 2 0
github.com/ingyamilmolinar/beatmo/internal/ui/splitter.go:162.4,162.18 1 0
github.com/ingyamilmolinar/beatmo/internal/ui/splitter.go:162.18,166.50 4 0
github.com/ingyamilmolinar/beatmo/internal/ui/splitter.go:166.50,167.49 1 0
github.com/ingyamilmolinar/beatmo/internal/ui/splitter.go:167.49,169.7 1 0
github.com/ingyamilmolinar/beatmo/internal/ui/splitter.go:170.6,170.56 1 0
github.com/ingyamilmolinar/beatmo/internal/ui/splitter.go:170.56,172.7 1 0
github.com/ingyamilmolinar/beatmo/internal/ui/splitter.go:174.5,174.19 1 0
github.com/ingyamilmolinar/beatmo/internal/ui/splitter.go:174.19,176.6 1 0
github.com/ingyamilmolinar/beatmo/internal/ui/splitter.go:177.5,177.19 1 0
github.com/ingyamilmolinar/beatmo/internal/ui/splitter.go:177.19,179.6 1 0
github.com/ingyamilmolinar/beatmo/internal/ui/splitter.go:180.5,180.19 1 0
github.com/ingyamilmolinar/beatmo/internal/ui/splitter.go:180.19,182.6 1 0
github.com/ingyamilmolinar/beatmo/internal/ui/splitter.go:184.9,186.4 1 0
github.com/ingyamilmolinar/beatmo/internal/ui/splitter.go:187.8,189.39 1 0
github.com/ingyamilmolinar/beatmo/internal/ui/splitter.go:189.39,191.4 1 0
github.com/ingyamilmolinar/beatmo/internal/ui/splitter.go:192.3,192.51 1 0
github.com/ingyamilmolinar/beatmo/internal/ui/splitter.go:192.51,193.19 1 0
github.com/ingyamilmolinar/beatmo/internal/ui/splitter.go:193.19,196.38 3 0
github.com/ingyamilmolinar/beatmo/internal/ui/splitter.go:196.38,199.6 2 0
github.com/ingyamilmolinar/beatmo/internal/ui/splitter.go:201.4,201.18 1 0
github.com/ingyamilmolinar/beatmo/internal/ui/splitter.go:201.18,205.50 4 0
github.com/ingyamilmolinar/beatmo/internal/ui/splitter.go:205.50,206.47 1 0
github.com/ingyamilmolinar/beatmo/internal/ui/splitter.go:206.47,208.7 1 0
github.com/ingyamilmolinar/beatmo/internal/ui/splitter.go:209.6,209.52 1 0
github.com/ingyamilmolinar/beatmo/internal/ui/splitter.go:209.52,211.7 1 0
github.com/ingyamilmolinar/beatmo/internal/ui/splitter.go:213.5,213.19 1 0
github.com/ingyamilmolinar/beatmo/internal/ui/splitter.go:213.19,215.6 1 0
github.com/ingyamilmolinar/beatmo/internal/ui/splitter.go:216.5,216.19 1 0
github.com/ingyamilmolinar/beatmo/internal/ui/splitter.go:216.19,218.6 1 0
github.com/ingyamilmolinar/beatmo/internal/ui/splitter.go:219.5,219.17 1 0
github.com/ingyamilmolinar/beatmo/internal/ui/splitter.go:219.17,221.6 1 0
github.com/ingyamilmolinar/beatmo/internal/ui/splitter.go:223.9,225.4 1 0
github.com/ingyamilmolinar/beatmo/internal/ui/splitter.go:230.49,231.18 1 1
github.com/ingyamilmolinar/beatmo/internal/ui/splitter.go:231.18,233.3 1 1
github.com/ingyamilmolinar/beatmo/internal/ui/splitter.go:234.2,234.51 1 1
github.com/ingyamilmolinar/beatmo/internal/ui/splitter.go:243.50,246.19 3 1
github.com/ingyamilmolinar/beatmo/internal/ui/splitter.go:246.19,248.3 1 1
github.com/ingyamilmolinar/beatmo/internal/ui/splitter.go:249.2,249.57 1 1
github.com/ingyamilmolinar/beatmo/internal/ui/splitter.go:254.33,254.47 1 1
github.com/ingyamilmolinar/beatmo/internal/ui/splitter.go:258.68,262.38 1 1
github.com/ingyamilmolinar/beatmo/internal/ui/splitter.go:262.38,264.3 1 1
github.com/ingyamilmolinar/beatmo/internal/ui/splitter.go:266.2,271.61 3 1
github.com/ingyamilmolinar/beatmo/internal/ui/splitter.go:271.61,273.3 1 1
github.com/ingyamilmolinar/beatmo/internal/ui/splitter.go:275.2,275.32 1 1
github.com/ingyamilmolinar/beatmo/internal/ui/splitter.go:275.32,276.15 1 1
github.com/ingyamilmolinar/beatmo/internal/ui/splitter.go:276.15,278.4 1 1
github.com/ingyamilmolinar/beatmo/internal/ui/splitter.go:279.3,279.22 1 1
github.com/ingyamilmolinar/beatmo/internal/ui/splitter.go:282.2,282.18 1 1
github.com/ingyamilmolinar/beatmo/internal/ui/splitter.go:282.18,284.38 1 1
github.com/ingyamilmolinar/beatmo/internal/ui/splitter.go:284.38,286.4 1 1
github.com/ingyamilmolinar/beatmo/internal/ui/splitter.go:287.3,287.14 1 1
github.com/ingyamilmolinar/beatmo/internal/ui/splitter.go:287.14,289.19 2 1
github.com/ingyamilmolinar/beatmo/internal/ui/splitter.go:289.19,292.36 3 1
github.com/ingyamilmolinar/beatmo/internal/ui/splitter.go:292.36,295.6 2 1
github.com/ingyamilmolinar/beatmo/internal/ui/splitter.go:297.4,297.18 1 1
github.com/ingyamilmolinar/beatmo/internal/ui/splitter.go:297.18,298.20 1 1
github.com/ingyamilmolinar/beatmo/internal/ui/splitter.go:298.20,302.51 4 1
github.com/ingyamilmolinar/beatmo/internal/ui/splitter.go:302.51,303.52 1 0
github.com/ingyamilmolinar/beatmo/internal/ui/splitter.go:303.52,305.8 1 0
github.com/ingyamilmolinar/beatmo/internal/ui/splitter.go:306.7,306.61 1 0
github.com/ingyamilmolinar/beatmo/internal/ui/splitter.go:306.61,308.8 1 0
github.com/ingyamilmolinar/beatmo/internal/ui/splitter.go:310.6,310.20 1 1
github.com/ingyamilmolinar/beatmo/internal/ui/splitter.go:310.20,312.7 1 0
github.com/ingyamilmolinar/beatmo/internal/ui/splitter.go:313.6,313.36 1 1
github.com/ingyamilmolinar/beatmo/internal/ui/splitter.go:313.36,315.7 1 0
github.com/ingyamilmolinar/beatmo/internal/ui/splitter.go:316.6,316.22 1 1
github.com/ingyamilmolinar/beatmo/internal/ui/splitter.go:316.22,318.7 1 1
github.com/ingyamilmolinar/beatmo/internal/ui/splitter.go:320.5,320.25 1 1
github.com/ingyamilmolinar/beatmo/internal/ui/splitter.go:322.9,322.24 1 1
github.com/ingyamilmolinar/beatmo/internal/ui/splitter.go:322.24,325.4 2 1
github.com/ingyamilmolinar/beatmo/internal/ui/splitter.go:326.8,328.38 1 1
github.com/ingyamilmolinar/beatmo/internal/ui/splitter.go:328.38,330.4 1 0
github.com/ingyamilmolinar/beatmo/internal/ui/splitter.go:331.3,331.14 1 1
github.com/ingyamilmolinar/beatmo/internal/ui/splitter.go:331.14,333.19 2 1
github.com/ingyamilmolinar/beatmo/internal/ui/splitter.go:333.19,336.36 3 1
github.com/ingyamilmolinar/beatmo/internal/ui/splitter.go:336.36,339.6 2 1
github.com/ingyamilmolinar/beatmo/internal/ui/splitter.go:341.4,341.18 1 1
github.com/ingyamilmolinar/beatmo/internal/ui/splitter.go:341.18,342.20 1 1
github.com/ingyamilmolinar/beatmo/internal/ui/splitter.go:342.20,346.51 4 1
github.com/ingyamilmolinar/beatmo/internal/ui/splitter.go:346.51,347.50 1 1
github.com/ingyamilmolinar/beatmo/internal/ui/splitter.go:347.50,349.8 1 1
github.com/ingyamilmolinar/beatmo/internal/ui/splitter.go:350.7,350.57 1 1
github.com/ingyamilmolinar/beatmo/internal/ui/splitter.go:350.57,352.8 1 1
github.com/ingyamilmolinar/beatmo/internal/ui/splitter.go:354.6,354.20 1 1
github.com/ingyamilmolinar/beatmo/internal/ui/splitter.go:354.20,356.7 1 1
github.com/ingyamilmolinar/beatmo/internal/ui/splitter.go:357.6,357.34 1 1
github.com/ingyamilmolinar/beatmo/internal/ui/splitter.go:357.34,359.7 1 1
github.com/ingyamilmolinar/beatmo/internal/ui/splitter.go:360.6,360.20 1 1
github.com/ingyamilmolinar/beatmo/internal/ui/splitter.go:360.20,362.7 1 1
github.com/ingyamilmolinar/beatmo/internal/ui/splitter.go:364.5,364.25 1 1
github.com/ingyamilmolinar/beatmo/internal/ui/splitter.go:366.9,366.24 1 1
github.com/ingyamilmolinar/beatmo/internal/ui/splitter.go:366.24,369.4 2 1
github.com/ingyamilmolinar/beatmo/internal/ui/splitter.go:372.2,372.21 1 1
github.com/ingyamilmolinar/beatmo/internal/ui/splitter.go:376.37,376.58 1 1
github.com/ingyamilmolinar/beatmo/internal/ui/splitter.go:379.61,381.2 1 1
github.com/ingyamilmolinar/beatmo/internal/ui/sprites.go:21.13,22.42 1 1
github.com/ingyamilmolinar/beatmo/internal/ui/sprites.go:22.42,27.3 4 1
github.com/ingyamilmolinar/beatmo/internal/ui/sprites.go:28.2,34.11 5 1
github.com/ingyamilmolinar/beatmo/internal/ui/sprites.go:34.11,37.3 2 1
github.com/ingyamilmolinar/beatmo/internal/ui/sprites.go:37.8,40.3 2 0
github.com/ingyamilmolinar/beatmo/internal/ui/sprites.go:41.2,41.25 1 1
github.com/ingyamilmolinar/beatmo/internal/ui/sprites.go:41.25,44.3 2 1
github.com/ingyamilmolinar/beatmo/internal/ui/testdetect.go:12.32,15.44 1 1
github.com/ingyamilmolinar/beatmo/internal/ui/testdetect.go:15.44,17.3 1 1
github.com/ingyamilmolinar/beatmo/internal/ui/testdetect.go:18.2,18.106 1 0
github.com/ingyamilmolinar/beatmo/internal/ui/testdetect.go:18.106,20.3 1 0
github.com/ingyamilmolinar/beatmo/internal/ui/testdetect.go:21.2,21.14 1 0
github.com/ingyamilmolinar/beatmo/internal/ui/textcache.go:36.30,37.29 1 1
github.com/ingyamilmolinar/beatmo/internal/ui/textcache.go:37.29,39.3 1 1
github.com/ingyamilmolinar/beatmo/internal/ui/textcache.go:40.2,40.47 1 1
github.com/ingyamilmolinar/beatmo/internal/ui/textcache.go:44.23,45.30 1 1
github.com/ingyamilmolinar/beatmo/internal/ui/textcache.go:45.30,47.3 1 0
github.com/ingyamilmolinar/beatmo/internal/ui/textcache.go:48.2,48.19 1 1
github.com/ingyamilmolinar/beatmo/internal/ui/textcache.go:59.41,61.39 2 1
github.com/ingyamilmolinar/beatmo/internal/ui/textcache.go:61.39,64.3 2 1
github.com/ingyamilmolinar/beatmo/internal/ui/textcache.go:65.2,70.31 3 1
github.com/ingyamilmolinar/beatmo/internal/ui/textcache.go:70.31,72.3 1 0
github.com/ingyamilmolinar/beatmo/internal/ui/textcache.go:75.2,75.16 1 1
github.com/ingyamilmolinar/beatmo/internal/ui/textcache.go:75.16,78.12 3 1
github.com/ingyamilmolinar/beatmo/internal/ui/textcache.go:78.12,80.4 1 1
github.com/ingyamilmolinar/beatmo/internal/ui/textcache.go:81.3,81.12 1 1
github.com/ingyamilmolinar/beatmo/internal/ui/textcache.go:81.12,83.4 1 0
github.com/ingyamilmolinar/beatmo/internal/ui/textcache.go:84.3,85.40 2 1
github.com/ingyamilmolinar/beatmo/internal/ui/textcache.go:88.2,91.12 4 1
github.com/ingyamilmolinar/beatmo/internal/ui/textcache.go:95.30,99.2 3 1
github.com/ingyamilmolinar/beatmo/internal/ui/textcache.go:102.56,107.2 4 1
github.com/ingyamilmolinar/beatmo/internal/ui/textcache.go:111.78,116.11 5 1
github.com/ingyamilmolinar/beatmo/internal/ui/textcache.go:116.11,119.3 2 1
github.com/ingyamilmolinar/beatmo/internal/ui/textcache.go:120.2,120.25 1 1
github.com/ingyamilmolinar/beatmo/internal/ui/textcache.go:126.76,132.2 5 0
github.com/ingyamilmolinar/beatmo/internal/ui/textinput.go:38.71,40.2 1 1
github.com/ingyamilmolinar/beatmo/internal/ui/textinput.go:43.36,43.56 1 1
github.com/ingyamilmolinar/beatmo/internal/ui/textinput.go:46.39,48.18 1 1
github.com/ingyamilmolinar/beatmo/internal/ui/textinput.go:48.18,50.25 2 1
github.com/ingyamilmolinar/beatmo/internal/ui/textinput.go:50.25,52.4 1 0
github.com/ingyamilmolinar/beatmo/internal/ui/textinput.go:53.3,53.17 1 1
github.com/ingyamilmolinar/beatmo/internal/ui/textinput.go:55.2,56.38 2 1
github.com/ingyamilmolinar/beatmo/internal/ui/textinput.go:60.36,60.53 1 1
github.com/ingyamilmolinar/beatmo/internal/ui/textinput.go:64.35,66.32 2 1
github.com/ingyamilmolinar/beatmo/internal/ui/textinput.go:66.32,67.51 1 1
github.com/ingyamilmolinar/beatmo/internal/ui/textinput.go:67.51,69.4 1 1
github.com/ingyamilmolinar/beatmo/internal/ui/textinput.go:69.9,71.4 1 1
github.com/ingyamilmolinar/beatmo/internal/ui/textinput.go:73.2,75.64 3 1
github.com/ingyamilmolinar/beatmo/internal/ui/textinput.go:75.64,76.34 1 1
github.com/ingyamilmolinar/beatmo/internal/ui/textinput.go:76.34,86.37 8 1
github.com/ingyamilmolinar/beatmo/internal/ui/textinput.go:86.37,88.24 2 1
github.com/ingyamilmolinar/beatmo/internal/ui/textinput.go:88.24,89.11 1 1
github.com/ingyamilmolinar/beatmo/internal/ui/textinput.go:91.5,92.16 2 1
github.com/ingyamilmolinar/beatmo/internal/ui/textinput.go:94.4,94.15 1 1
github.com/ingyamilmolinar/beatmo/internal/ui/textinput.go:94.15,96.5 1 0
github.com/ingyamilmolinar/beatmo/internal/ui/textinput.go:97.4,97.21 1 1
github.com/ingyamilmolinar/beatmo/internal/ui/textinput.go:97.21,99.5 1 0
github.com/ingyamilmolinar/beatmo/internal/ui/textinput.go:100.4,101.19 2 1
github.com/ingyamilmolinar/beatmo/internal/ui/textinput.go:102.9,104.4 1 1
github.com/ingyamilmolinar/beatmo/internal/ui/textinput.go:108.2,108.33 1 1
github.com/ingyamilmolinar/beatmo/internal/ui/textinput.go:108.33,109.29 1 1
github.com/ingyamilmolinar/beatmo/internal/ui/textinput.go:109.29,111.4 1 1
github.com/ingyamilmolinar/beatmo/internal/ui/textinput.go:112.8,112.40 1 1
github.com/ingyamilmolinar/beatmo/internal/ui/textinput.go:112.40,113.27 1 1
github.com/ingyamilmolinar/beatmo/internal/ui/textinput.go:113.27,115.4 1 1
github.com/ingyamilmolinar/beatmo/internal/ui/textinput.go:117.2,119.16 2 1
github.com/ingyamilmolinar/beatmo/internal/ui/textinput.go:119.16,122.20 3 1
github.com/ingyamilmolinar/beatmo/internal/ui/textinput.go:122.20,124.4 1 1
github.com/ingyamilmolinar/beatmo/internal/ui/textinput.go:125.3,125.18 1 1
github.com/ingyamilmolinar/beatmo/internal/ui/textinput.go:128.2,129.18 2 1
github.com/ingyamilmolinar/beatmo/internal/ui/textinput.go:129.18,131.3 1 1
github.com/ingyamilmolinar/beatmo/internal/ui/textinput.go:135.2,136.26 2 1
github.com/ingyamilmolinar/beatmo/internal/ui/textinput.go:136.26,138.29 2 0
github.com/ingyamilmolinar/beatmo/internal/ui/textinput.go:138.29,139.17 1 0
github.com/ingyamilmolinar/beatmo/internal/ui/textinput.go:139.17,141.21 1 0
github.com/ingyamilmolinar/beatmo/internal/ui/textinput.go:141.21,146.6 4 0
github.com/ingyamilmolinar/beatmo/internal/ui/textinput.go:147.5,147.20 1 0
github.com/ingyamilmolinar/beatmo/internal/ui/textinput.go:148.10,150.5 1 0
github.com/ingyamilmolinar/beatmo/internal/ui/textinput.go:152.8,154.3 1 1
github.com/ingyamilmolinar/beatmo/internal/ui/textinput.go:156.2,156.20 1 1
github.com/ingyamilmolinar/beatmo/internal/ui/textinput.go:156.20,157.27 1 1
github.com/ingyamilmolinar/beatmo/internal/ui/textinput.go:157.27,158.30 1 1
github.com/ingyamilmolinar/beatmo/internal/ui/textinput.go:158.30,161.5 2 1
github.com/ingyamilmolinar/beatmo/internal/ui/textinput.go:161.10,163.24 1 1
github.com/ingyamilmolinar/beatmo/internal/ui/textinput.go:163.24,164.22 1 1
github.com/ingyamilmolinar/beatmo/internal/ui/textinput.go:164.22,165.15 1 1
github.com/ingyamilmolinar/beatmo/internal/ui/textinput.go:167.11,168.27 1 1
github.com/ingyamilmolinar/beatmo/internal/ui/textinput.go:168.27,169.15 1 0
github.com/ingyamilmolinar/beatmo/internal/ui/textinput.go:172.5,172.67 1 1
github.com/ingyamilmolinar/beatmo/internal/ui/textinput.go:172.67,173.14 1 1
github.com/ingyamilmolinar/beatmo/internal/ui/textinput.go:175.5,178.15 4 1
github.com/ingyamilmolinar/beatmo/internal/ui/textinput.go:181.3,181.17 1 1
github.com/ingyamilmolinar/beatmo/internal/ui/textinput.go:181.17,183.4 1 1
github.com/ingyamilmolinar/beatmo/internal/ui/textinput.go:186.2,186.48 1 1
github.com/ingyamilmolinar/beatmo/internal/ui/textinput.go:186.48,189.3 2 1
github.com/ingyamilmolinar/beatmo/internal/ui/textinput.go:191.2,191.38 1 1
github.com/ingyamilmolinar/beatmo/internal/ui/textinput.go:191.38,192.19 1 1
github.com/ingyamilmolinar/beatmo/internal/ui/textinput.go:192.19,197.4 4 1
github.com/ingyamilmolinar/beatmo/internal/ui/textinput.go:199.2,199.33 1 1
github.com/ingyamilmolinar/beatmo/internal/ui/textinput.go:199.33,200.19 1 1
github.com/ingyamilmolinar/beatmo/internal/ui/textinput.go:200.19,202.4 1 1
github.com/ingyamilmolinar/beatmo/internal/ui/textinput.go:204.2,204.34 1 1
github.com/ingyamilmolinar/beatmo/internal/ui/textinput.go:204.34,205.48 1 0
github.com/ingyamilmolinar/beatmo/internal/ui/textinput.go:205.48,207.4 1 0
github.com/ingyamilmolinar/beatmo/internal/ui/textinput.go:209.2,209.17 1 1
github.com/ingyamilmolinar/beatmo/internal/ui/textinput.go:212.50,219.21 3 1
github.com/ingyamilmolinar/beatmo/internal/ui/textinput.go:219.21,222.13 3 1
github.com/ingyamilmolinar/beatmo/internal/ui/textinput.go:222.13,224.4 1 1
github.com/ingyamilmolinar/beatmo/internal/ui/textinput.go:225.3,225.16 1 1
github.com/ingyamilmolinar/beatmo/internal/ui/textinput.go:225.16,226.31 1 1
github.com/ingyamilmolinar/beatmo/internal/ui/textinput.go:226.31,228.5 1 1
github.com/ingyamilmolinar/beatmo/internal/ui/textinput.go:230.8,232.3 1 1
github.com/ingyamilmolinar/beatmo/internal/ui/textinput.go:233.2,233.14 1 1
github.com/ingyamilmolinar/beatmo/internal/ui/textinput.go:237.37,238.12 1 1
github.com/ingyamilmolinar/beatmo/internal/ui/textinput.go:238.12,240.3 1 1
github.com/ingyamilmolinar/beatmo/internal/ui/textinput.go:241.2,242.40 2 1
github.com/ingyamilmolinar/beatmo/internal/ui/textinput.go:242.40,245.3 2 1
github.com/ingyamilmolinar/beatmo/internal/ui/textinput.go:246.2,246.11 1 1
github.com/ingyamilmolinar/beatmo/internal/ui/textinput.go:250.49,257.33 5 1
github.com/ingyamilmolinar/beatmo/internal/ui/textinput.go:257.33,259.34 2 1
github.com/ingyamilmolinar/beatmo/internal/ui/textinput.go:259.34,261.19 2 1
github.com/ingyamilmolinar/beatmo/internal/ui/textinput.go:261.19,263.5 1 1
github.com/ingyamilmolinar/beatmo/internal/ui/textinput.go:264.4,264.11 1 1
github.com/ingyamilmolinar/beatmo/internal/ui/textinput.go:266.3,266.23 1 1
github.com/ingyamilmolinar/beatmo/internal/ui/textinput.go:269.2,271.22 3 1
github.com/ingyamilmolinar/beatmo/internal/ui/textinput.go:271.22,272.10 1 1
github.com/ingyamilmolinar/beatmo/internal/ui/textinput.go:273.29,274.13 1 1
github.com/ingyamilmolinar/beatmo/internal/ui/textinput.go:275.35,277.17 2 1
github.com/ingyamilmolinar/beatmo/internal/ui/textinput.go:277.17,279.5 1 0
github.com/ingyamilmolinar/beatmo/internal/ui/textinput.go:280.11,282.17 2 0
github.com/ingyamilmolinar/beatmo/internal/ui/textinput.go:282.17,284.5 1 0
github.com/ingyamilmolinar/beatmo/internal/ui/textinput.go:286.3,286.28 1 1
github.com/ingyamilmolinar/beatmo/internal/ui/textinput.go:288.2,290.30 3 1
github.com/ingyamilmolinar/beatmo/internal/ui/textinput.go:294.45,296.89 1 1
github.com/ingyamilmolinar/beatmo/internal/ui/textinput.go:296.89,298.3 1 1
github.com/ingyamilmolinar/beatmo/internal/ui/textinput.go:299.2,304.31 6 1
github.com/ingyamilmolinar/beatmo/internal/ui/textinput.go:304.31,313.17 8 1
github.com/ingyamilmolinar/beatmo/internal/ui/textinput.go:313.17,314.29 1 0
github.com/ingyamilmolinar/beatmo/internal/ui/textinput.go:314.29,316.5 1 0
github.com/ingyamilmolinar/beatmo/internal/ui/textinput.go:316.10,318.5 1 0
github.com/ingyamilmolinar/beatmo/internal/ui/textinput.go:320.3,322.26 3 1
github.com/ingyamilmolinar/beatmo/internal/ui/textinput.go:326.78,328.2 1 1
github.com/ingyamilmolinar/beatmo/internal/ui/textinput.go:332.24,333.11 1 1
github.com/ingyamilmolinar/beatmo/internal/ui/textinput.go:333.11,335.3 1 1
github.com/ingyamilmolinar/beatmo/internal/ui/textinput.go:336.2,336.10 1 1
github.com/ingyamilmolinar/beatmo/internal/ui/timeline_zone.go:137.58,142.2 1 1
github.com/ingyamilmolinar/beatmo/internal/ui/timeline_zone.go:145.52,145.68 1 1
github.com/ingyamilmolinar/beatmo/internal/ui/timeline_zone.go:149.52,149.74 1 1
github.com/ingyamilmolinar/beatmo/internal/ui/timeline_zone.go:153.45,153.66 1 1
github.com/ingyamilmolinar/beatmo/internal/ui/timeline_zone.go:154.45,154.68 1 1
github.com/ingyamilmolinar/beatmo/internal/ui/timeline_zone.go:155.45,155.68 1 1
github.com/ingyamilmolinar/beatmo/internal/ui/timeline_zone.go:156.45,156.66 1 1
github.com/ingyamilmolinar/beatmo/internal/ui/timeline_zone.go:158.53,163.15 4 1
github.com/ingyamilmolinar/beatmo/internal/ui/timeline_zone.go:163.15,165.3 1 1
github.com/ingyamilmolinar/beatmo/internal/ui/timeline_zone.go:169.2,170.42 2 1
github.com/ingyamilmolinar/beatmo/internal/ui/timeline_zone.go:170.42,172.3 1 0
github.com/ingyamilmolinar/beatmo/internal/ui/timeline_zone.go:175.2,176.26 2 1
github.com/ingyamilmolinar/beatmo/internal/ui/timeline_zone.go:176.26,178.3 1 0
github.com/ingyamilmolinar/beatmo/internal/ui/timeline_zone.go:180.2,180.21 1 1
github.com/ingyamilmolinar/beatmo/internal/ui/timeline_zone.go:183.34,185.2 0 1
github.com/ingyamilmolinar/beatmo/internal/ui/timeline_zone.go:188.91,191.2 2 1
github.com/ingyamilmolinar/beatmo/internal/ui/timeline_zone.go:193.51,207.34 8 1
github.com/ingyamilmolinar/beatmo/internal/ui/timeline_zone.go:207.34,209.3 1 1
github.com/ingyamilmolinar/beatmo/internal/ui/timeline_zone.go:212.2,212.24 1 1
github.com/ingyamilmolinar/beatmo/internal/ui/timeline_zone.go:212.24,214.3 1 1
github.com/ingyamilmolinar/beatmo/internal/ui/timeline_zone.go:215.2,215.24 1 1
github.com/ingyamilmolinar/beatmo/internal/ui/timeline_zone.go:215.24,217.3 1 1
github.com/ingyamilmolinar/beatmo/internal/ui/timeline_zone.go:220.2,220.77 1 1
github.com/ingyamilmolinar/beatmo/internal/ui/timeline_zone.go:220.77,222.3 1 0
github.com/ingyamilmolinar/beatmo/internal/ui/timeline_zone.go:225.2,225.21 1 1
github.com/ingyamilmolinar/beatmo/internal/ui/timeline_zone.go:225.21,226.42 1 1
github.com/ingyamilmolinar/beatmo/internal/ui/timeline_zone.go:226.42,228.4 1 1
github.com/ingyamilmolinar/beatmo/internal/ui/timeline_zone.go:231.3,237.32 3 1
github.com/ingyamilmolinar/beatmo/internal/ui/timeline_zone.go:243.67,250.49 6 1
github.com/ingyamilmolinar/beatmo/internal/ui/timeline_zone.go:250.49,253.28 3 1
github.com/ingyamilmolinar/beatmo/internal/ui/timeline_zone.go:253.28,255.4 1 1
github.com/ingyamilmolinar/beatmo/internal/ui/timeline_zone.go:257.2,262.32 6 1
github.com/ingyamilmolinar/beatmo/internal/ui/timeline_zone.go:262.32,264.3 1 1
github.com/ingyamilmolinar/beatmo/internal/ui/timeline_zone.go:265.2,265.32 1 1
github.com/ingyamilmolinar/beatmo/internal/ui/timeline_zone.go:265.32,267.3 1 1
github.com/ingyamilmolinar/beatmo/internal/ui/timeline_zone.go:268.2,268.41 1 1
github.com/ingyamilmolinar/beatmo/internal/ui/timeline_zone.go:268.41,270.3 1 1
github.com/ingyamilmolinar/beatmo/internal/ui/timeline_zone.go:275.97,277.21 2 1
github.com/ingyamilmolinar/beatmo/internal/ui/timeline_zone.go:277.21,279.3 1 0
github.com/ingyamilmolinar/beatmo/internal/ui/timeline_zone.go:280.2,290.24 9 1
github.com/ingyamilmolinar/beatmo/internal/ui/timeline_zone.go:290.24,292.3 1 1
github.com/ingyamilmolinar/beatmo/internal/ui/timeline_zone.go:293.2,293.139 1 1
github.com/ingyamilmolinar/beatmo/internal/ui/timeline_zone.go:293.139,299.42 6 1
github.com/ingyamilmolinar/beatmo/internal/ui/timeline_zone.go:299.42,301.18 2 1
github.com/ingyamilmolinar/beatmo/internal/ui/timeline_zone.go:301.18,304.5 2 1
github.com/ingyamilmolinar/beatmo/internal/ui/timeline_zone.go:307.2,307.22 1 1
github.com/ingyamilmolinar/beatmo/internal/ui/timeline_zone.go:307.22,311.3 3 1
github.com/ingyamilmolinar/beatmo/internal/ui/timeline_zone.go:311.8,313.3 1 0
github.com/ingyamilmolinar/beatmo/internal/ui/timeline_zone.go:316.2,318.19 3 1
github.com/ingyamilmolinar/beatmo/internal/ui/timeline_zone.go:318.19,320.3 1 1
github.com/ingyamilmolinar/beatmo/internal/ui/timeline_zone.go:321.2,330.48 7 1
github.com/ingyamilmolinar/beatmo/internal/ui/timeline_zone.go:335.72,344.15 8 1
github.com/ingyamilmolinar/beatmo/internal/ui/timeline_zone.go:344.15,346.3 1 1
github.com/ingyamilmolinar/beatmo/internal/ui/timeline_zone.go:347.2,349.32 3 1
github.com/ingyamilmolinar/beatmo/internal/ui/timeline_zone.go:349.32,351.107 2 0
github.com/ingyamilmolinar/beatmo/internal/ui/timeline_zone.go:351.107,353.4 1 0
github.com/ingyamilmolinar/beatmo/internal/ui/timeline_zone.go:354.8,354.89 1 1
github.com/ingyamilmolinar/beatmo/internal/ui/timeline_zone.go:354.89,356.3 1 1
github.com/ingyamilmolinar/beatmo/internal/ui/timeline_zone.go:357.2,361.23 5 1
github.com/ingyamilmolinar/beatmo/internal/ui/timeline_zone.go:365.81,367.40 2 1
github.com/ingyamilmolinar/beatmo/internal/ui/timeline_zone.go:367.40,369.3 1 1
github.com/ingyamilmolinar/beatmo/internal/ui/timeline_zone.go:370.2,370.29 1 1
github.com/ingyamilmolinar/beatmo/internal/ui/timeline_zone.go:370.29,372.3 1 1
github.com/ingyamilmolinar/beatmo/internal/ui/timeline_zone.go:373.2,375.53 3 1
github.com/ingyamilmolinar/beatmo/internal/ui/timeline_zone.go:380.39,381.33 1 1
github.com/ingyamilmolinar/beatmo/internal/ui/timeline_zone.go:381.33,383.3 1 1
github.com/ingyamilmolinar/beatmo/internal/ui/timeline_zone.go:384.2,384.26 1 1
github.com/ingyamilmolinar/beatmo/internal/ui/timeline_zone.go:388.55,395.18 7 1
github.com/ingyamilmolinar/beatmo/internal/ui/timeline_zone.go:395.18,397.3 1 1
github.com/ingyamilmolinar/beatmo/internal/ui/timeline_zone.go:398.2,402.51 5 1
github.com/ingyamilmolinar/beatmo/internal/ui/timeline_zone.go:402.51,405.3 2 1
github.com/ingyamilmolinar/beatmo/internal/ui/timeline_zone.go:410.49,412.12 2 1
github.com/ingyamilmolinar/beatmo/internal/ui/timeline_zone.go:412.12,414.3 1 1
github.com/ingyamilmolinar/beatmo/internal/ui/timeline_zone.go:415.2,415.46 1 1
github.com/ingyamilmolinar/beatmo/internal/ui/timeline_zone.go:415.46,417.3 1 1
github.com/ingyamilmolinar/beatmo/internal/ui/timeline_zone.go:418.2,424.17 7 1
github.com/ingyamilmolinar/beatmo/internal/ui/timeline_zone.go:428.75,439.22 10 1
github.com/ingyamilmolinar/beatmo/internal/ui/timeline_zone.go:439.22,440.42 1 1
github.com/ingyamilmolinar/beatmo/internal/ui/timeline_zone.go:440.42,441.12 1 1
github.com/ingyamilmolinar/beatmo/internal/ui/timeline_zone.go:443.3,445.29 2 1
github.com/ingyamilmolinar/beatmo/internal/ui/timeline_zone.go:445.29,448.4 2 1
github.com/ingyamilmolinar/beatmo/internal/ui/timeline_zone.go:449.3,451.75 3 1
github.com/ingyamilmolinar/beatmo/internal/ui/timeline_zone.go:451.75,452.44 1 1
github.com/ingyamilmolinar/beatmo/internal/ui/timeline_zone.go:452.44,455.24 3 1
github.com/ingyamilmolinar/beatmo/internal/ui/timeline_zone.go:455.24,456.14 1 1
github.com/ingyamilmolinar/beatmo/internal/ui/timeline_zone.go:458.5,460.17 3 1
github.com/ingyamilmolinar/beatmo/internal/ui/timeline_zone.go:460.17,462.6 1 0
github.com/ingyamilmolinar/beatmo/internal/ui/timeline_zone.go:463.5,463.19 1 1
github.com/ingyamilmolinar/beatmo/internal/ui/timeline_zone.go:463.19,466.30 3 1
github.com/ingyamilmolinar/beatmo/internal/ui/timeline_zone.go:466.30,468.7 1 1
github.com/ingyamilmolinar/beatmo/internal/ui/timeline_zone.go:469.6,469.20 1 1
github.com/ingyamilmolinar/beatmo/internal/ui/timeline_zone.go:469.20,477.7 7 1
github.com/ingyamilmolinar/beatmo/internal/ui/timeline_zone.go:478.11,480.30 2 1
github.com/ingyamilmolinar/beatmo/internal/ui/timeline_zone.go:480.30,483.7 2 1
github.com/ingyamilmolinar/beatmo/internal/ui/timeline_zone.go:483.12,485.7 1 1
github.com/ingyamilmolinar/beatmo/internal/ui/timeline_zone.go:493.63,497.25 4 1
github.com/ingyamilmolinar/beatmo/internal/ui/timeline_zone.go:497.25,498.13 1 1
github.com/ingyamilmolinar/beatmo/internal/ui/timeline_zone.go:498.13,500.4 1 1
github.com/ingyamilmolinar/beatmo/internal/ui/timeline_zone.go:501.3,501.14 1 1
github.com/ingyamilmolinar/beatmo/internal/ui/timeline_zone.go:501.14,503.4 1 1
github.com/ingyamilmolinar/beatmo/internal/ui/timeline_zone.go:505.2,505.27 1 1
github.com/ingyamilmolinar/beatmo/internal/ui/timeline_zone.go:505.27,507.3 1 1
github.com/ingyamilmolinar/beatmo/internal/ui/timeline_zone.go:508.2,512.62 5 1
github.com/ingyamilmolinar/beatmo/internal/ui/timeline_zone.go:512.62,514.16 2 1
github.com/ingyamilmolinar/beatmo/internal/ui/timeline_zone.go:514.16,518.4 3 1
github.com/ingyamilmolinar/beatmo/internal/ui/timeline_zone.go:522.62,524.2 1 1
github.com/ingyamilmolinar/beatmo/internal/ui/timeline_zone.go:526.62,528.2 1 1
github.com/ingyamilmolinar/beatmo/internal/ui/timeline_zone.go:533.42,533.63 1 1
github.com/ingyamilmolinar/beatmo/internal/ui/timeline_zone.go:536.43,536.65 1 1
github.com/ingyamilmolinar/beatmo/internal/ui/timeline_zone.go:539.52,539.74 1 1
github.com/ingyamilmolinar/beatmo/internal/ui/timeline_zone.go:542.58,542.86 1 1
github.com/ingyamilmolinar/beatmo/internal/ui/timeline_zone.go:548.46,553.26 4 1
github.com/ingyamilmolinar/beatmo/internal/ui/timeline_zone.go:553.26,558.29 5 1
github.com/ingyamilmolinar/beatmo/internal/ui/timeline_zone.go:558.29,560.4 1 1
github.com/ingyamilmolinar/beatmo/internal/ui/timeline_zone.go:561.3,561.33 1 1
github.com/ingyamilmolinar/beatmo/internal/ui/timeline_zone.go:561.33,563.4 1 1
github.com/ingyamilmolinar/beatmo/internal/ui/timeline_zone.go:564.3,570.32 7 1
github.com/ingyamilmolinar/beatmo/internal/ui/timeline_zone.go:570.32,572.4 1 1
github.com/ingyamilmolinar/beatmo/internal/ui/timeline_zone.go:573.3,573.21 1 1
github.com/ingyamilmolinar/beatmo/internal/ui/timeline_zone.go:575.2,575.33 1 1
github.com/ingyamilmolinar/beatmo/internal/ui/timeline_zone.go:575.33,580.3 4 0
github.com/ingyamilmolinar/beatmo/internal/ui/timeline_zone.go:581.2,581.29 1 1
github.com/ingyamilmolinar/beatmo/internal/ui/timeline_zone.go:581.29,586.3 4 0
github.com/ingyamilmolinar/beatmo/internal/ui/timeline_zone.go:587.2,587.31 1 1
github.com/ingyamilmolinar/beatmo/internal/ui/timeline_zone.go:587.31,592.3 4 0
github.com/ingyamilmolinar/beatmo/internal/ui/timeline_zone.go:593.2,593.31 1 1
github.com/ingyamilmolinar/beatmo/internal/ui/timeline_zone.go:593.31,598.3 4 0
github.com/ingyamilmolinar/beatmo/internal/ui/timeline_zone.go:599.2,599.26 1 1
github.com/ingyamilmolinar/beatmo/internal/ui/timeline_zone.go:599.26,604.3 4 1
github.com/ingyamilmolinar/beatmo/internal/ui/timeline_zone.go:605.2,605.28 1 1
github.com/ingyamilmolinar/beatmo/internal/ui/timeline_zone.go:605.28,610.3 4 1
github.com/ingyamilmolinar/beatmo/internal/ui/timeline_zone.go:611.2,611.32 1 1
github.com/ingyamilmolinar/beatmo/internal/ui/timeline_zone.go:611.32,616.3 4 1
github.com/ingyamilmolinar/beatmo/internal/ui/timeline_zone.go:617.2,617.30 1 1
github.com/ingyamilmolinar/beatmo/internal/ui/timeline_zone.go:617.30,622.3 4 1
github.com/ingyamilmolinar/beatmo/internal/ui/timeline_zone.go:623.2,623.35 1 1
github.com/ingyamilmolinar/beatmo/internal/ui/timeline_zone.go:623.35,628.3 4 1
github.com/ingyamilmolinar/beatmo/internal/ui/timeline_zone.go:629.2,629.33 1 1
github.com/ingyamilmolinar/beatmo/internal/ui/timeline_zone.go:629.33,634.3 4 1
github.com/ingyamilmolinar/beatmo/internal/ui/timeline_zone.go:635.2,635.32 1 1
github.com/ingyamilmolinar/beatmo/internal/ui/timeline_zone.go:635.32,640.3 4 1
github.com/ingyamilmolinar/beatmo/internal/ui/timeline_zone.go:641.2,641.20 1 1
github.com/ingyamilmolinar/beatmo/internal/ui/timeline_zone.go:645.47,647.33 2 1
github.com/ingyamilmolinar/beatmo/internal/ui/timeline_zone.go:647.33,649.3 1 1
github.com/ingyamilmolinar/beatmo/internal/ui/timeline_zone.go:650.2,651.31 2 1
github.com/ingyamilmolinar/beatmo/internal/ui/timeline_zone.go:651.31,655.3 3 0
github.com/ingyamilmolinar/beatmo/internal/ui/timeline_zone.go:656.2,656.31 1 1
github.com/ingyamilmolinar/beatmo/internal/ui/timeline_zone.go:656.31,660.3 3 0
github.com/ingyamilmolinar/beatmo/internal/ui/timeline_zone.go:661.2,662.67 2 1
github.com/ingyamilmolinar/beatmo/internal/ui/timeline_zone.go:666.44,668.35 2 1
github.com/ingyamilmolinar/beatmo/internal/ui/timeline_zone.go:668.35,670.30 2 1
github.com/ingyamilmolinar/beatmo/internal/ui/timeline_zone.go:670.30,672.4 1 1
github.com/ingyamilmolinar/beatmo/internal/ui/timeline_zone.go:674.2,674.41 1 1
github.com/ingyamilmolinar/beatmo/internal/ui/timeline_zone.go:674.41,676.3 1 1
github.com/ingyamilmolinar/beatmo/internal/ui/timeline_zone.go:680.43,682.28 2 1
github.com/ingyamilmolinar/beatmo/internal/ui/timeline_zone.go:682.28,684.3 1 1
github.com/ingyamilmolinar/beatmo/internal/ui/timeline_zone.go:685.2,685.32 1 1
github.com/ingyamilmolinar/beatmo/internal/ui/timeline_zone.go:685.32,687.3 1 1
github.com/ingyamilmolinar/beatmo/internal/ui/timeline_zone.go:688.2,688.41 1 1
github.com/ingyamilmolinar/beatmo/internal/ui/timeline_zone.go:688.41,690.3 1 1
github.com/ingyamilmolinar/beatmo/internal/ui/timeline_zone.go:695.49,697.35 2 1
github.com/ingyamilmolinar/beatmo/internal/ui/timeline_zone.go:697.35,699.3 1 1
github.com/ingyamilmolinar/beatmo/internal/ui/timeline_zone.go:700.2,700.41 1 1
github.com/ingyamilmolinar/beatmo/internal/ui/timeline_zone.go:700.41,702.3 1 1
github.com/ingyamilmolinar/beatmo/internal/ui/timeline_zone.go:706.49,708.35 2 1
github.com/ingyamilmolinar/beatmo/internal/ui/timeline_zone.go:708.35,710.30 2 1
github.com/ingyamilmolinar/beatmo/internal/ui/timeline_zone.go:710.30,712.4 1 1
github.com/ingyamilmolinar/beatmo/internal/ui/timeline_zone.go:714.2,714.41 1 1
github.com/ingyamilmolinar/beatmo/internal/ui/timeline_zone.go:714.41,716.3 1 1
github.com/ingyamilmolinar/beatmo/internal/ui/timeline_zone.go:721.45,723.28 2 1
github.com/ingyamilmolinar/beatmo/internal/ui/timeline_zone.go:723.28,725.3 1 1
github.com/ingyamilmolinar/beatmo/internal/ui/timeline_zone.go:726.2,726.41 1 1
github.com/ingyamilmolinar/beatmo/internal/ui/timeline_zone.go:726.41,728.3 1 1
github.com/ingyamilmolinar/beatmo/internal/ui/timeline_zone.go:732.46,734.41 2 1
github.com/ingyamilmolinar/beatmo/internal/ui/timeline_zone.go:734.41,736.3 1 1
github.com/ingyamilmolinar/beatmo/internal/ui/timeline_zone.go:740.126,742.33 2 1
github.com/ingyamilmolinar/beatmo/internal/ui/timeline_zone.go:742.33,744.3 1 1
github.com/ingyamilmolinar/beatmo/internal/ui/timeline_zone.go:745.2,750.51 6 1
github.com/ingyamilmolinar/beatmo/internal/ui/timeline_zone.go:754.52,756.29 2 1
github.com/ingyamilmolinar/beatmo/internal/ui/timeline_zone.go:756.29,758.3 1 1
github.com/ingyamilmolinar/beatmo/internal/ui/timeline_zone.go:759.2,759.66 1 1
github.com/ingyamilmolinar/beatmo/internal/ui/timeline_zone.go:759.66,761.3 1 0
github.com/ingyamilmolinar/beatmo/internal/ui/timeline_zone.go:762.2,762.38 1 1
github.com/ingyamilmolinar/beatmo/internal/ui/timeline_zone.go:762.38,764.3 1 0
github.com/ingyamilmolinar/beatmo/internal/ui/timeline_zone.go:765.2,765.19 1 1
github.com/ingyamilmolinar/beatmo/internal/ui/timeline_zone.go:765.19,767.3 1 1
github.com/ingyamilmolinar/beatmo/internal/ui/timeline_zone.go:768.2,768.50 1 1
github.com/ingyamilmolinar/beatmo/internal/ui/timeline_zone.go:768.50,770.3 1 0
github.com/ingyamilmolinar/beatmo/internal/ui/timeline_zone.go:771.2,771.26 1 1
github.com/ingyamilmolinar/beatmo/internal/ui/timeline_zone.go:771.26,773.3 1 1
github.com/ingyamilmolinar/beatmo/internal/ui/timeline_zone.go:774.2,774.14 1 1
github.com/ingyamilmolinar/beatmo/internal/ui/timeline_zone.go:778.43,785.2 6 1
github.com/ingyamilmolinar/beatmo/internal/ui/timeline_zone.go:788.66,792.2 3 1
github.com/ingyamilmolinar/beatmo/internal/ui/timeline_zone.go:796.48,798.2 1 1
github.com/ingyamilmolinar/beatmo/internal/ui/timeline_zone.go:802.42,806.26 2 1
github.com/ingyamilmolinar/beatmo/internal/ui/timeline_zone.go:806.26,813.3 1 1
github.com/ingyamilmolinar/beatmo/internal/ui/timeline_zone.go:816.2,816.32 1 1
github.com/ingyamilmolinar/beatmo/internal/ui/timeline_zone.go:816.32,823.3 1 1
github.com/ingyamilmolinar/beatmo/internal/ui/timeline_zone.go:826.2,829.23 2 1
github.com/ingyamilmolinar/beatmo/internal/ui/timeline_zone.go:829.23,830.41 1 1
github.com/ingyamilmolinar/beatmo/internal/ui/timeline_zone.go:830.41,839.4 1 1
github.com/ingyamilmolinar/beatmo/internal/ui/timeline_zone.go:843.2,849.4 1 1
github.com/ingyamilmolinar/beatmo/internal/ui/timeline_zone.go:849.4,850.20 1 1
github.com/ingyamilmolinar/beatmo/internal/ui/timeline_zone.go:850.20,851.12 1 1
github.com/ingyamilmolinar/beatmo/internal/ui/timeline_zone.go:853.3,854.16 2 1
github.com/ingyamilmolinar/beatmo/internal/ui/timeline_zone.go:854.16,855.12 1 1
github.com/ingyamilmolinar/beatmo/internal/ui/timeline_zone.go:857.3,865.5 1 1
github.com/ingyamilmolinar/beatmo/internal/ui/timeline_zone.go:879.60,889.2 9 1
github.com/ingyamilmolinar/beatmo/internal/ui/timeline_zone.go:891.47,893.17 2 1
github.com/ingyamilmolinar/beatmo/internal/ui/timeline_zone.go:893.17,895.3 1 0
github.com/ingyamilmolinar/beatmo/internal/ui/timeline_zone.go:896.2,896.15 1 1
github.com/ingyamilmolinar/beatmo/internal/ui/timeline_zone.go:896.15,899.13 3 1
github.com/ingyamilmolinar/beatmo/internal/ui/timeline_zone.go:899.13,901.4 1 1
github.com/ingyamilmolinar/beatmo/internal/ui/timeline_zone.go:902.3,902.13 1 1
github.com/ingyamilmolinar/beatmo/internal/ui/timeline_zone.go:902.13,904.4 1 1
github.com/ingyamilmolinar/beatmo/internal/ui/timeline_zone.go:905.3,906.37 2 1
github.com/ingyamilmolinar/beatmo/internal/ui/timeline_zone.go:906.37,908.4 1 1
github.com/ingyamilmolinar/beatmo/internal/ui/timeline_zone.go:909.3,910.23 2 1
github.com/ingyamilmolinar/beatmo/internal/ui/timeline_zone.go:912.2,912.16 1 1
github.com/ingyamilmolinar/beatmo/internal/ui/timeline_zone.go:912.16,916.53 2 1
github.com/ingyamilmolinar/beatmo/internal/ui/timeline_zone.go:916.53,919.4 2 1
github.com/ingyamilmolinar/beatmo/internal/ui/timeline_zone.go:920.8,923.15 2 1
github.com/ingyamilmolinar/beatmo/internal/ui/timeline_zone.go:923.15,925.4 1 0
github.com/ingyamilmolinar/beatmo/internal/ui/timeline_zone.go:926.3,928.20 3 1
github.com/ingyamilmolinar/beatmo/internal/ui/timeline_zone.go:928.20,930.4 1 1
github.com/ingyamilmolinar/beatmo/internal/ui/timeline_zone.go:931.3,931.40 1 1
github.com/ingyamilmolinar/beatmo/internal/ui/timeline_zone.go:931.40,933.4 1 1
github.com/ingyamilmolinar/beatmo/internal/ui/timeline_zone.go:937.50,941.2 3 1
github.com/ingyamilmolinar/beatmo/internal/ui/timeline_zone.go:943.67,944.16 1 1
github.com/ingyamilmolinar/beatmo/internal/ui/timeline_zone.go:944.16,946.3 1 1
github.com/ingyamilmolinar/beatmo/internal/ui/timeline_zone.go:947.2,947.46 1 1
github.com/ingyamilmolinar/beatmo/internal/ui/timeline_zone.go:947.46,948.47 1 1
github.com/ingyamilmolinar/beatmo/internal/ui/timeline_zone.go:948.47,950.4 1 1
github.com/ingyamilmolinar/beatmo/internal/ui/timeline_zone.go:952.2,952.21 1 1
github.com/ingyamilmolinar/beatmo/internal/ui/timeline_zone.go:961.65,966.2 4 1
github.com/ingyamilmolinar/beatmo/internal/ui/timeline_zone.go:968.52,969.22 1 1
github.com/ingyamilmolinar/beatmo/internal/ui/timeline_zone.go:969.22,971.3 1 1
github.com/ingyamilmolinar/beatmo/internal/ui/timeline_zone.go:974.55,976.2 1 1
github.com/ingyamilmolinar/beatmo/internal/ui/timeline_zone.go:978.72,980.2 1 1
github.com/ingyamilmolinar/beatmo/internal/ui/timeline_zone.go:982.50,987.25 4 1
github.com/ingyamilmolinar/beatmo/internal/ui/timeline_zone.go:987.25,989.3 1 1
github.com/ingyamilmolinar/beatmo/internal/ui/timeline_zone.go:990.2,990.25 1 1
github.com/ingyamilmolinar/beatmo/internal/ui/timeline_zone.go:990.25,992.3 1 1
github.com/ingyamilmolinar/beatmo/internal/ui/timeline_zone.go:993.2,996.22 3 1
github.com/ingyamilmolinar/beatmo/internal/ui/timeline_zone.go:996.22,998.3 1 0
github.com/ingyamilmolinar/beatmo/internal/ui/timeline_zone.go:999.2,1004.21 5 1
github.com/ingyamilmolinar/beatmo/internal/ui/timeline_zone.go:1004.21,1006.3 1 0
github.com/ingyamilmolinar/beatmo/internal/ui/timeline_zone.go:1007.2,1010.22 4 1
github.com/ingyamilmolinar/beatmo/internal/ui/timeline_zone.go:1010.22,1012.3 1 0
github.com/ingyamilmolinar/beatmo/internal/ui/timeline_zone.go:1013.2,1013.32 1 1
github.com/ingyamilmolinar/beatmo/internal/ui/timeline_zone.go:1013.32,1015.3 1 0
github.com/ingyamilmolinar/beatmo/internal/ui/timeline_zone.go:1017.2,1017.40 1 1
github.com/ingyamilmolinar/beatmo/internal/ui/timeline_zone.go:1017.40,1019.3 1 1
github.com/ingyamilmolinar/beatmo/internal/ui/touch.go:49.47,51.2 1 1
github.com/ingyamilmolinar/beatmo/internal/ui/touch.go:54.34,58.2 1 1
github.com/ingyamilmolinar/beatmo/internal/ui/touch.go:72.41,73.11 1 0
github.com/ingyamilmolinar/beatmo/internal/ui/touch.go:74.23,75.17 1 0
github.com/ingyamilmolinar/beatmo/internal/ui/touch.go:76.22,77.16 1 0
github.com/ingyamilmolinar/beatmo/internal/ui/touch.go:78.21,79.15 1 0
github.com/ingyamilmolinar/beatmo/internal/ui/touch.go:80.10,81.19 1 0
github.com/ingyamilmolinar/beatmo/internal/ui/touch.go:117.41,121.2 3 0
github.com/ingyamilmolinar/beatmo/internal/ui/touch.go:124.33,128.2 3 0
github.com/ingyamilmolinar/beatmo/internal/ui/touch.go:131.70,135.34 3 1
github.com/ingyamilmolinar/beatmo/internal/ui/touch.go:135.34,137.3 1 1
github.com/ingyamilmolinar/beatmo/internal/ui/touch.go:139.2,148.69 2 0
github.com/ingyamilmolinar/beatmo/internal/ui/touch.go:148.69,152.3 2 0
github.com/ingyamilmolinar/beatmo/internal/ui/touch.go:152.8,154.3 1 0
github.com/ingyamilmolinar/beatmo/internal/ui/touch.go:158.41,159.43 1 1
github.com/ingyamilmolinar/beatmo/internal/ui/touch.go:159.43,161.3 1 1
github.com/ingyamilmolinar/beatmo/internal/ui/touch.go:163.2,166.34 3 1
github.com/ingyamilmolinar/beatmo/internal/ui/touch.go:166.34,168.3 1 1
github.com/ingyamilmolinar/beatmo/internal/ui/touch.go:170.2,172.18 3 0
github.com/ingyamilmolinar/beatmo/internal/ui/touch.go:173.61,175.43 2 0
github.com/ingyamilmolinar/beatmo/internal/ui/touch.go:176.41,178.49 2 0
github.com/ingyamilmolinar/beatmo/internal/ui/touch.go:202.49,213.46 4 0
github.com/ingyamilmolinar/beatmo/internal/ui/touch.go:213.46,219.3 1 0
github.com/ingyamilmolinar/beatmo/internal/ui/touch.go:222.2,222.45 1 0
github.com/ingyamilmolinar/beatmo/internal/ui/touch.go:223.19,224.32 1 0
github.com/ingyamilmolinar/beatmo/internal/ui/touch.go:225.18,226.31 1 0
github.com/ingyamilmolinar/beatmo/internal/ui/touch.go:227.24,228.37 1 0
github.com/ingyamilmolinar/beatmo/internal/ui/touch.go:229.20,230.33 1 0
github.com/ingyamilmolinar/beatmo/internal/ui/touch.go:231.27,232.40 1 0
github.com/ingyamilmolinar/beatmo/internal/ui/touch.go:233.31,234.44 1 0
github.com/ingyamilmolinar/beatmo/internal/ui/touch.go:236.2,238.51 3 0
github.com/ingyamilmolinar/beatmo/internal/ui/touch.go:238.51,240.3 1 0
github.com/ingyamilmolinar/beatmo/internal/ui/touch.go:242.2,242.13 1 0
github.com/ingyamilmolinar/beatmo/internal/ui/touch.go:246.43,253.2 5 0
github.com/ingyamilmolinar/beatmo/internal/ui/touch.go:256.27,264.2 7 0
github.com/ingyamilmolinar/beatmo/internal/ui/touch.go:268.42,270.2 1 0
github.com/ingyamilmolinar/beatmo/internal/ui/touch.go:273.46,275.2 1 1
github.com/ingyamilmolinar/beatmo/internal/ui/touch.go:278.50,279.25 1 1
github.com/ingyamilmolinar/beatmo/internal/ui/touch.go:279.25,281.3 1 0
github.com/ingyamilmolinar/beatmo/internal/ui/touch.go:283.2,284.31 2 1
github.com/ingyamilmolinar/beatmo/internal/ui/touch.go:284.31,285.61 1 1
github.com/ingyamilmolinar/beatmo/internal/ui/touch.go:285.61,287.4 1 1
github.com/ingyamilmolinar/beatmo/internal/ui/touch.go:289.2,289.15 1 1
github.com/ingyamilmolinar/beatmo/internal/ui/touch.go:293.63,295.2 1 1
github.com/ingyamilmolinar/beatmo/internal/ui/touch.go:298.50,300.31 2 1
github.com/ingyamilmolinar/beatmo/internal/ui/touch.go:300.31,302.3 1 1
github.com/ingyamilmolinar/beatmo/internal/ui/touch.go:303.2,303.15 1 1
github.com/ingyamilmolinar/beatmo/internal/ui/touch.go:308.46,314.25 4 1
github.com/ingyamilmolinar/beatmo/internal/ui/touch.go:314.25,316.3 1 1
github.com/ingyamilmolinar/beatmo/internal/ui/touch.go:319.2,319.31 1 1
github.com/ingyamilmolinar/beatmo/internal/ui/touch.go:319.31,321.3 1 1
github.com/ingyamilmolinar/beatmo/internal/ui/touch.go:324.2,325.32 2 1
github.com/ingyamilmolinar/beatmo/internal/ui/touch.go:325.32,326.18 1 1
github.com/ingyamilmolinar/beatmo/internal/ui/touch.go:326.18,330.4 3 1
github.com/ingyamilmolinar/beatmo/internal/ui/touch.go:335.2,335.72 1 1
github.com/ingyamilmolinar/beatmo/internal/ui/touch.go:335.72,337.3 1 1
github.com/ingyamilmolinar/beatmo/internal/ui/touch.go:340.2,340.50 1 1
github.com/ingyamilmolinar/beatmo/internal/ui/touch.go:340.50,342.3 1 1
github.com/ingyamilmolinar/beatmo/internal/ui/touch.go:345.2,345.25 1 1
github.com/ingyamilmolinar/beatmo/internal/ui/touch.go:345.25,347.42 2 1
github.com/ingyamilmolinar/beatmo/internal/ui/touch.go:347.42,349.30 1 1
github.com/ingyamilmolinar/beatmo/internal/ui/touch.go:349.30,351.5 1 1
github.com/ingyamilmolinar/beatmo/internal/ui/touch.go:352.4,353.21 2 1
github.com/ingyamilmolinar/beatmo/internal/ui/touch.go:354.9,368.4 3 1
github.com/ingyamilmolinar/beatmo/internal/ui/touch.go:372.2,374.16 3 1
github.com/ingyamilmolinar/beatmo/internal/ui/touch.go:378.31,387.2 8 1
github.com/ingyamilmolinar/beatmo/internal/ui/touch.go:413.28,415.24 1 1
github.com/ingyamilmolinar/beatmo/internal/ui/touch.go:415.24,418.3 2 1
github.com/ingyamilmolinar/beatmo/internal/ui/touch.go:422.2,422.22 1 1
github.com/ingyamilmolinar/beatmo/internal/ui/touch.go:422.22,426.25 4 1
github.com/ingyamilmolinar/beatmo/internal/ui/touch.go:426.25,430.4 2 1
github.com/ingyamilmolinar/beatmo/internal/ui/touch.go:430.9,434.4 2 1
github.com/ingyamilmolinar/beatmo/internal/ui/touch.go:435.3,435.9 1 1
github.com/ingyamilmolinar/beatmo/internal/ui/touch.go:441.2,441.86 1 1
github.com/ingyamilmolinar/beatmo/internal/ui/touch.go:441.86,442.55 1 1
github.com/ingyamilmolinar/beatmo/internal/ui/touch.go:442.55,448.4 5 1
github.com/ingyamilmolinar/beatmo/internal/ui/touch.go:452.2,452.29 1 1
github.com/ingyamilmolinar/beatmo/internal/ui/touch.go:465.31,470.2 4 1
github.com/ingyamilmolinar/beatmo/internal/ui/touch.go:475.33,475.60 1 1
github.com/ingyamilmolinar/beatmo/internal/ui/touch.go:478.41,478.65 1 1
github.com/ingyamilmolinar/beatmo/internal/ui/touch.go:483.44,483.71 1 1
github.com/ingyamilmolinar/beatmo/internal/ui/touch.go:486.27,495.2 8 1
github.com/ingyamilmolinar/beatmo/internal/ui/touch_scroll.go:23.42,31.2 7 1
github.com/ingyamilmolinar/beatmo/internal/ui/touch_scroll.go:35.49,36.16 1 1
github.com/ingyamilmolinar/beatmo/internal/ui/touch_scroll.go:36.16,38.3 1 0
github.com/ingyamilmolinar/beatmo/internal/ui/touch_scroll.go:39.2,39.19 1 1
github.com/ingyamilmolinar/beatmo/internal/ui/touch_scroll.go:39.19,43.33 4 1
github.com/ingyamilmolinar/beatmo/internal/ui/touch_scroll.go:43.33,45.4 1 1
github.com/ingyamilmolinar/beatmo/internal/ui/touch_scroll.go:46.3,48.17 3 1
github.com/ingyamilmolinar/beatmo/internal/ui/touch_scroll.go:48.17,50.4 1 1
github.com/ingyamilmolinar/beatmo/internal/ui/touch_scroll.go:51.3,52.11 2 1
github.com/ingyamilmolinar/beatmo/internal/ui/touch_scroll.go:54.2,54.16 1 1
github.com/ingyamilmolinar/beatmo/internal/ui/touch_scroll.go:54.16,56.3 1 1
github.com/ingyamilmolinar/beatmo/internal/ui/touch_scroll.go:57.2,60.14 4 1
github.com/ingyamilmolinar/beatmo/internal/ui/touch_scroll.go:64.40,68.33 3 1
github.com/ingyamilmolinar/beatmo/internal/ui/touch_scroll.go:68.33,71.3 2 1
github.com/ingyamilmolinar/beatmo/internal/ui/touch_scroll.go:72.2,72.12 1 1
github.com/ingyamilmolinar/beatmo/internal/ui/touch_scroll.go:77.51,78.47 1 1
github.com/ingyamilmolinar/beatmo/internal/ui/touch_scroll.go:78.47,81.3 2 1
github.com/ingyamilmolinar/beatmo/internal/ui/touch_scroll.go:82.2,84.14 3 1
github.com/ingyamilmolinar/beatmo/internal/ui/touch_scroll.go:88.40,88.60 1 1
github.com/ingyamilmolinar/beatmo/internal/ui/touch_scroll.go:93.52,95.2 1 1
github.com/ingyamilmolinar/beatmo/internal/ui/touch_scroll.go:98.45,100.2 1 1
github.com/ingyamilmolinar/beatmo/internal/ui/touch_scroll.go:103.34,105.2 1 1
github.com/ingyamilmolinar/beatmo/internal/ui/touch_sizes.go:21.30,21.68 1 1
github.com/ingyamilmolinar/beatmo/internal/ui/touch_sizes.go:24.32,24.70 1 1
github.com/ingyamilmolinar/beatmo/internal/ui/touch_sizes.go:53.44,56.2 2 1
github.com/ingyamilmolinar/beatmo/internal/ui/touch_sizes.go:59.31,60.29 1 1
github.com/ingyamilmolinar/beatmo/internal/ui/touch_sizes.go:60.29,62.3 1 1
github.com/ingyamilmolinar/beatmo/internal/ui/touch_sizes.go:64.2,64.30 1 1
github.com/ingyamilmolinar/beatmo/internal/ui/touch_sizes.go:64.30,66.3 1 1
github.com/ingyamilmolinar/beatmo/internal/ui/touch_sizes.go:68.2,68.70 1 0
github.com/ingyamilmolinar/beatmo/internal/ui/touch_sizes.go:74.27,76.2 1 1
github.com/ingyamilmolinar/beatmo/internal/ui/touch_sizes.go:79.26,79.55 1 1
github.com/ingyamilmolinar/beatmo/internal/ui/touch_sizes.go:82.27,82.57 1 1
github.com/ingyamilmolinar/beatmo/internal/ui/touch_sizes.go:85.27,85.57 1 1
github.com/ingyamilmolinar/beatmo/internal/ui/touch_sizes.go:89.34,91.27 2 1
github.com/ingyamilmolinar/beatmo/internal/ui/touch_sizes.go:91.27,93.3 1 1
github.com/ingyamilmolinar/beatmo/internal/ui/touch_sizes.go:94.2,94.13 1 1
github.com/ingyamilmolinar/beatmo/internal/ui/touch_sizes.go:98.25,98.58 1 1
github.com/ingyamilmolinar/beatmo/internal/ui/touch_sizes.go:152.24,152.56 1 1
github.com/ingyamilmolinar/beatmo/internal/ui/touch_sizes.go:155.22,155.52 1 1
github.com/ingyamilmolinar/beatmo/internal/ui/touch_sizes.go:158.22,158.52 1 1
github.com/ingyamilmolinar/beatmo/internal/ui/touch_sizes.go:161.21,161.50 1 1
github.com/ingyamilmolinar/beatmo/internal/ui/touch_sizes.go:164.21,164.50 1 1
github.com/ingyamilmolinar/beatmo/internal/ui/touch_sizes.go:170.31,170.66 1 1
github.com/ingyamilmolinar/beatmo/internal/ui/touch_sizes.go:173.28,173.64 1 1
github.com/ingyamilmolinar/beatmo/internal/ui/touch_sizes.go:176.22,176.52 1 1
github.com/ingyamilmolinar/beatmo/internal/ui/touch_sizes.go:179.32,179.68 1 1
github.com/ingyamilmolinar/beatmo/internal/ui/touch_sizes.go:182.32,182.68 1 1
github.com/ingyamilmolinar/beatmo/internal/ui/touch_sizes.go:185.32,185.68 1 1
github.com/ingyamilmolinar/beatmo/internal/ui/touch_sizes.go:188.29,188.66 1 1
github.com/ingyamilmolinar/beatmo/internal/ui/touch_sizes.go:191.30,191.68 1 1
github.com/ingyamilmolinar/beatmo/internal/ui/transport.go:27.35,28.11 1 1
github.com/ingyamilmolinar/beatmo/internal/ui/transport.go:28.11,32.3 3 1
github.com/ingyamilmolinar/beatmo/internal/ui/transport.go:33.2,33.16 1 1
github.com/ingyamilmolinar/beatmo/internal/ui/transport.go:33.16,37.3 3 1
github.com/ingyamilmolinar/beatmo/internal/ui/transport.go:38.2,38.11 1 1
github.com/ingyamilmolinar/beatmo/internal/ui/transport.go:41.37,52.2 5 1
github.com/ingyamilmolinar/beatmo/internal/ui/transport.go:54.30,59.50 4 1
github.com/ingyamilmolinar/beatmo/internal/ui/transport.go:59.50,60.27 1 1
github.com/ingyamilmolinar/beatmo/internal/ui/transport.go:60.27,62.4 1 0
github.com/ingyamilmolinar/beatmo/internal/ui/transport.go:63.3,63.27 1 1
github.com/ingyamilmolinar/beatmo/internal/ui/transport.go:63.27,65.4 1 0
github.com/ingyamilmolinar/beatmo/internal/ui/transport.go:68.2,68.33 1 1
github.com/ingyamilmolinar/beatmo/internal/ui/transport.go:68.33,71.3 2 1
github.com/ingyamilmolinar/beatmo/internal/ui/transport.go:73.2,73.24 1 1
github.com/ingyamilmolinar/beatmo/internal/ui/transport.go:73.24,74.41 1 1
github.com/ingyamilmolinar/beatmo/internal/ui/transport.go:74.41,75.35 1 1
github.com/ingyamilmolinar/beatmo/internal/ui/transport.go:75.35,77.5 1 1
github.com/ingyamilmolinar/beatmo/internal/ui/transport.go:79.8,79.17 1 1
github.com/ingyamilmolinar/beatmo/internal/ui/transport.go:79.17,81.16 2 1
github.com/ingyamilmolinar/beatmo/internal/ui/transport.go:81.16,83.19 2 0
github.com/ingyamilmolinar/beatmo/internal/ui/transport.go:83.19,85.5 1 0
github.com/ingyamilmolinar/beatmo/internal/ui/transport.go:86.4,86.21 1 0
github.com/ingyamilmolinar/beatmo/internal/ui/transport.go:87.9,87.40 1 1
github.com/ingyamilmolinar/beatmo/internal/ui/transport.go:87.40,89.4 1 1
github.com/ingyamilmolinar/beatmo/internal/ui/transport.go:89.9,92.19 3 1
github.com/ingyamilmolinar/beatmo/internal/ui/transport.go:92.19,94.5 1 0
github.com/ingyamilmolinar/beatmo/internal/ui/transport.go:95.4,95.21 1 1
github.com/ingyamilmolinar/beatmo/internal/ui/transport.go:97.3,97.45 1 1
github.com/ingyamilmolinar/beatmo/internal/ui/transport.go:100.2,101.27 2 1
github.com/ingyamilmolinar/beatmo/internal/ui/transport.go:101.27,103.3 1 1
github.com/ingyamilmolinar/beatmo/internal/ui/transport.go:106.45,110.38 3 0
github.com/ingyamilmolinar/beatmo/internal/ui/transport.go:110.38,114.3 3 0
github.com/ingyamilmolinar/beatmo/internal/ui/transport.go:115.2,121.24 4 0
github.com/ingyamilmolinar/beatmo/internal/ui/transport.go:121.24,123.3 1 0
github.com/ingyamilmolinar/beatmo/internal/ui/transport.go:126.2,130.64 4 0
github.com/ingyamilmolinar/beatmo/internal/ui/transport_zone.go:107.61,117.2 4 1
github.com/ingyamilmolinar/beatmo/internal/ui/transport_zone.go:119.39,122.51 2 1
github.com/ingyamilmolinar/beatmo/internal/ui/transport_zone.go:122.51,125.38 3 1
github.com/ingyamilmolinar/beatmo/internal/ui/transport_zone.go:125.38,127.4 1 1
github.com/ingyamilmolinar/beatmo/internal/ui/transport_zone.go:129.2,132.51 3 1
github.com/ingyamilmolinar/beatmo/internal/ui/transport_zone.go:132.51,135.32 3 1
github.com/ingyamilmolinar/beatmo/internal/ui/transport_zone.go:135.32,137.4 1 1
github.com/ingyamilmolinar/beatmo/internal/ui/transport_zone.go:139.2,142.55 3 1
github.com/ingyamilmolinar/beatmo/internal/ui/transport_zone.go:142.55,145.3 2 1
github.com/ingyamilmolinar/beatmo/internal/ui/transport_zone.go:146.2,155.34 9 1
github.com/ingyamilmolinar/beatmo/internal/ui/transport_zone.go:155.34,155.65 1 1
github.com/ingyamilmolinar/beatmo/internal/ui/transport_zone.go:156.2,156.32 1 1
github.com/ingyamilmolinar/beatmo/internal/ui/transport_zone.go:156.32,156.54 1 1
github.com/ingyamilmolinar/beatmo/internal/ui/transport_zone.go:158.2,158.55 1 1
github.com/ingyamilmolinar/beatmo/internal/ui/transport_zone.go:158.55,161.3 2 1
github.com/ingyamilmolinar/beatmo/internal/ui/transport_zone.go:162.2,166.57 4 1
github.com/ingyamilmolinar/beatmo/internal/ui/transport_zone.go:166.57,167.39 1 1
github.com/ingyamilmolinar/beatmo/internal/ui/transport_zone.go:167.39,169.4 1 1
github.com/ingyamilmolinar/beatmo/internal/ui/transport_zone.go:172.2,172.53 1 1
github.com/ingyamilmolinar/beatmo/internal/ui/transport_zone.go:172.53,174.3 1 1
github.com/ingyamilmolinar/beatmo/internal/ui/transport_zone.go:175.2,178.53 3 1
github.com/ingyamilmolinar/beatmo/internal/ui/transport_zone.go:178.53,180.39 2 1
github.com/ingyamilmolinar/beatmo/internal/ui/transport_zone.go:180.39,182.4 1 1
github.com/ingyamilmolinar/beatmo/internal/ui/transport_zone.go:184.2,186.53 2 1
github.com/ingyamilmolinar/beatmo/internal/ui/transport_zone.go:186.53,187.39 1 1
github.com/ingyamilmolinar/beatmo/internal/ui/transport_zone.go:187.39,189.4 1 1
github.com/ingyamilmolinar/beatmo/internal/ui/transport_zone.go:191.2,193.53 2 1
github.com/ingyamilmolinar/beatmo/internal/ui/transport_zone.go:193.53,194.39 1 1
github.com/ingyamilmolinar/beatmo/internal/ui/transport_zone.go:194.39,196.4 1 1
github.com/ingyamilmolinar/beatmo/internal/ui/transport_zone.go:198.2,201.61 2 1
github.com/ingyamilmolinar/beatmo/internal/ui/transport_zone.go:201.61,202.37 1 0
github.com/ingyamilmolinar/beatmo/internal/ui/transport_zone.go:202.37,204.4 1 0
github.com/ingyamilmolinar/beatmo/internal/ui/transport_zone.go:207.2,207.60 1 1
github.com/ingyamilmolinar/beatmo/internal/ui/transport_zone.go:207.60,208.37 1 1
github.com/ingyamilmolinar/beatmo/internal/ui/transport_zone.go:208.37,210.4 1 1
github.com/ingyamilmolinar/beatmo/internal/ui/transport_zone.go:212.2,215.56 3 1
github.com/ingyamilmolinar/beatmo/internal/ui/transport_zone.go:215.56,216.40 1 1
github.com/ingyamilmolinar/beatmo/internal/ui/transport_zone.go:216.40,218.4 1 1
github.com/ingyamilmolinar/beatmo/internal/ui/transport_zone.go:220.2,220.33 1 1
github.com/ingyamilmolinar/beatmo/internal/ui/transport_zone.go:223.39,225.38 2 1
github.com/ingyamilmolinar/beatmo/internal/ui/transport_zone.go:225.38,227.3 1 1
github.com/ingyamilmolinar/beatmo/internal/ui/transport_zone.go:228.2,228.13 1 1
github.com/ingyamilmolinar/beatmo/internal/ui/transport_zone.go:228.13,230.3 1 0
github.com/ingyamilmolinar/beatmo/internal/ui/transport_zone.go:231.2,231.13 1 1
github.com/ingyamilmolinar/beatmo/internal/ui/transport_zone.go:231.13,233.3 1 0
github.com/ingyamilmolinar/beatmo/internal/ui/transport_zone.go:234.2,235.87 2 1
github.com/ingyamilmolinar/beatmo/internal/ui/transport_zone.go:235.87,236.39 1 1
github.com/ingyamilmolinar/beatmo/internal/ui/transport_zone.go:236.39,238.4 1 1
github.com/ingyamilmolinar/beatmo/internal/ui/transport_zone.go:244.37,244.59 1 1
github.com/ingyamilmolinar/beatmo/internal/ui/transport_zone.go:246.44,246.67 1 1
github.com/ingyamilmolinar/beatmo/internal/ui/transport_zone.go:248.38,248.61 1 1
github.com/ingyamilmolinar/beatmo/internal/ui/transport_zone.go:250.54,255.2 4 1
github.com/ingyamilmolinar/beatmo/internal/ui/transport_zone.go:257.34,260.21 2 1
github.com/ingyamilmolinar/beatmo/internal/ui/transport_zone.go:260.21,263.3 2 1
github.com/ingyamilmolinar/beatmo/internal/ui/transport_zone.go:267.2,267.21 1 1
github.com/ingyamilmolinar/beatmo/internal/ui/transport_zone.go:267.21,269.3 1 0
github.com/ingyamilmolinar/beatmo/internal/ui/transport_zone.go:272.2,273.21 2 1
github.com/ingyamilmolinar/beatmo/internal/ui/transport_zone.go:273.21,274.61 1 0
github.com/ingyamilmolinar/beatmo/internal/ui/transport_zone.go:274.61,275.30 1 0
github.com/ingyamilmolinar/beatmo/internal/ui/transport_zone.go:275.30,276.35 1 0
github.com/ingyamilmolinar/beatmo/internal/ui/transport_zone.go:276.35,278.6 1 0
github.com/ingyamilmolinar/beatmo/internal/ui/transport_zone.go:278.11,280.42 2 0
github.com/ingyamilmolinar/beatmo/internal/ui/transport_zone.go:280.42,282.7 1 0
github.com/ingyamilmolinar/beatmo/internal/ui/transport_zone.go:285.4,286.28 2 0
github.com/ingyamilmolinar/beatmo/internal/ui/transport_zone.go:288.3,288.9 1 0
github.com/ingyamilmolinar/beatmo/internal/ui/transport_zone.go:293.2,294.13 2 1
github.com/ingyamilmolinar/beatmo/internal/ui/transport_zone.go:294.13,295.25 1 1
github.com/ingyamilmolinar/beatmo/internal/ui/transport_zone.go:295.25,297.4 1 1
github.com/ingyamilmolinar/beatmo/internal/ui/transport_zone.go:298.3,298.9 1 1
github.com/ingyamilmolinar/beatmo/internal/ui/transport_zone.go:302.2,306.57 3 1
github.com/ingyamilmolinar/beatmo/internal/ui/transport_zone.go:306.57,310.3 2 0
github.com/ingyamilmolinar/beatmo/internal/ui/transport_zone.go:313.2,313.38 1 1
github.com/ingyamilmolinar/beatmo/internal/ui/transport_zone.go:313.38,316.3 2 1
github.com/ingyamilmolinar/beatmo/internal/ui/transport_zone.go:319.2,319.38 1 1
github.com/ingyamilmolinar/beatmo/internal/ui/transport_zone.go:319.38,321.3 1 1
github.com/ingyamilmolinar/beatmo/internal/ui/transport_zone.go:324.46,326.2 1 1
github.com/ingyamilmolinar/beatmo/internal/ui/transport_zone.go:328.52,329.40 1 1
github.com/ingyamilmolinar/beatmo/internal/ui/transport_zone.go:329.40,331.3 1 0
github.com/ingyamilmolinar/beatmo/internal/ui/transport_zone.go:332.2,332.33 1 1
github.com/ingyamilmolinar/beatmo/internal/ui/transport_zone.go:335.63,336.44 1 1
github.com/ingyamilmolinar/beatmo/internal/ui/transport_zone.go:336.44,338.3 1 1
github.com/ingyamilmolinar/beatmo/internal/ui/transport_zone.go:339.2,339.28 1 1
github.com/ingyamilmolinar/beatmo/internal/ui/transport_zone.go:339.28,342.3 2 1
github.com/ingyamilmolinar/beatmo/internal/ui/transport_zone.go:343.2,343.29 1 1
github.com/ingyamilmolinar/beatmo/internal/ui/transport_zone.go:343.29,346.15 2 1
github.com/ingyamilmolinar/beatmo/internal/ui/transport_zone.go:346.15,348.4 1 0
github.com/ingyamilmolinar/beatmo/internal/ui/transport_zone.go:349.3,352.23 4 1
github.com/ingyamilmolinar/beatmo/internal/ui/transport_zone.go:354.2,354.21 1 0
github.com/ingyamilmolinar/beatmo/internal/ui/transport_zone.go:357.63,358.44 1 1
github.com/ingyamilmolinar/beatmo/internal/ui/transport_zone.go:358.44,360.3 1 1
github.com/ingyamilmolinar/beatmo/internal/ui/transport_zone.go:363.2,363.21 1 0
github.com/ingyamilmolinar/beatmo/internal/ui/transport_zone.go:369.44,371.7 2 1
github.com/ingyamilmolinar/beatmo/internal/ui/transport_zone.go:371.7,374.3 2 1
github.com/ingyamilmolinar/beatmo/internal/ui/transport_zone.go:374.8,377.3 2 1
github.com/ingyamilmolinar/beatmo/internal/ui/transport_zone.go:381.39,382.11 1 1
github.com/ingyamilmolinar/beatmo/internal/ui/transport_zone.go:382.11,385.37 3 1
github.com/ingyamilmolinar/beatmo/internal/ui/transport_zone.go:385.37,387.4 1 1
github.com/ingyamilmolinar/beatmo/internal/ui/transport_zone.go:388.3,388.9 1 1
github.com/ingyamilmolinar/beatmo/internal/ui/transport_zone.go:390.2,390.16 1 1
github.com/ingyamilmolinar/beatmo/internal/ui/transport_zone.go:390.16,393.37 3 1
github.com/ingyamilmolinar/beatmo/internal/ui/transport_zone.go:393.37,395.4 1 1
github.com/ingyamilmolinar/beatmo/internal/ui/transport_zone.go:396.3,396.9 1 1
github.com/ingyamilmolinar/beatmo/internal/ui/transport_zone.go:398.2,399.44 2 1
github.com/ingyamilmolinar/beatmo/internal/ui/transport_zone.go:399.44,401.3 1 1
github.com/ingyamilmolinar/beatmo/internal/ui/transport_zone.go:402.2,402.36 1 1
github.com/ingyamilmolinar/beatmo/internal/ui/transport_zone.go:402.36,404.3 1 1
github.com/ingyamilmolinar/beatmo/internal/ui/transport_zone.go:408.35,408.51 1 1
github.com/ingyamilmolinar/beatmo/internal/ui/transport_zone.go:411.44,412.19 1 1
github.com/ingyamilmolinar/beatmo/internal/ui/transport_zone.go:412.19,415.3 2 1
github.com/ingyamilmolinar/beatmo/internal/ui/transport_zone.go:416.2,416.14 1 1
github.com/ingyamilmolinar/beatmo/internal/ui/transport_zone.go:420.44,421.19 1 1
github.com/ingyamilmolinar/beatmo/internal/ui/transport_zone.go:421.19,424.3 2 1
github.com/ingyamilmolinar/beatmo/internal/ui/transport_zone.go:425.2,425.14 1 1
github.com/ingyamilmolinar/beatmo/internal/ui/transport_zone.go:429.43,432.39 3 1
github.com/ingyamilmolinar/beatmo/internal/ui/transport_zone.go:432.39,434.3 1 1
github.com/ingyamilmolinar/beatmo/internal/ui/transport_zone.go:438.47,438.66 1 1
github.com/ingyamilmolinar/beatmo/internal/ui/transport_zone.go:441.48,441.73 1 1
github.com/ingyamilmolinar/beatmo/internal/ui/transport_zone.go:444.49,444.75 1 1
github.com/ingyamilmolinar/beatmo/internal/ui/transport_zone.go:447.53,447.78 1 1
github.com/ingyamilmolinar/beatmo/internal/ui/transport_zone.go:450.59,450.87 1 1
github.com/ingyamilmolinar/beatmo/internal/ui/transport_zone.go:453.53,453.69 1 1
github.com/ingyamilmolinar/beatmo/internal/ui/transport_zone.go:457.66,459.28 2 1
github.com/ingyamilmolinar/beatmo/internal/ui/transport_zone.go:459.28,461.3 1 0
github.com/ingyamilmolinar/beatmo/internal/ui/transport_zone.go:463.2,463.26 1 1
github.com/ingyamilmolinar/beatmo/internal/ui/transport_zone.go:463.26,465.3 1 1
github.com/ingyamilmolinar/beatmo/internal/ui/transport_zone.go:465.8,467.3 1 1
github.com/ingyamilmolinar/beatmo/internal/ui/transport_zone.go:468.2,468.37 1 1
github.com/ingyamilmolinar/beatmo/internal/ui/transport_zone.go:471.74,488.28 12 1
github.com/ingyamilmolinar/beatmo/internal/ui/transport_zone.go:488.28,491.3 2 1
github.com/ingyamilmolinar/beatmo/internal/ui/transport_zone.go:492.2,492.28 1 1
github.com/ingyamilmolinar/beatmo/internal/ui/transport_zone.go:492.28,494.3 1 1
github.com/ingyamilmolinar/beatmo/internal/ui/transport_zone.go:495.2,495.26 1 1
github.com/ingyamilmolinar/beatmo/internal/ui/transport_zone.go:495.26,497.3 1 1
github.com/ingyamilmolinar/beatmo/internal/ui/transport_zone.go:499.2,503.29 5 1
github.com/ingyamilmolinar/beatmo/internal/ui/transport_zone.go:503.29,505.3 1 1
github.com/ingyamilmolinar/beatmo/internal/ui/transport_zone.go:508.75,511.29 3 1
github.com/ingyamilmolinar/beatmo/internal/ui/transport_zone.go:511.29,515.3 3 1
github.com/ingyamilmolinar/beatmo/internal/ui/transport_zone.go:516.2,535.28 16 1
github.com/ingyamilmolinar/beatmo/internal/ui/transport_zone.go:535.28,538.3 2 1
github.com/ingyamilmolinar/beatmo/internal/ui/transport_zone.go:541.2,543.29 2 1
github.com/ingyamilmolinar/beatmo/internal/ui/transport_zone.go:543.29,545.3 1 1
github.com/ingyamilmolinar/beatmo/internal/ui/transport_zone.go:546.2,546.28 1 1
github.com/ingyamilmolinar/beatmo/internal/ui/transport_zone.go:546.28,548.3 1 1
github.com/ingyamilmolinar/beatmo/internal/ui/transport_zone.go:549.2,549.26 1 1
github.com/ingyamilmolinar/beatmo/internal/ui/transport_zone.go:549.26,551.3 1 1
github.com/ingyamilmolinar/beatmo/internal/ui/transport_zone.go:556.43,578.35 4 1
github.com/ingyamilmolinar/beatmo/internal/ui/transport_zone.go:578.35,579.20 1 1
github.com/ingyamilmolinar/beatmo/internal/ui/transport_zone.go:579.20,580.12 1 0
github.com/ingyamilmolinar/beatmo/internal/ui/transport_zone.go:582.3,583.16 2 1
github.com/ingyamilmolinar/beatmo/internal/ui/transport_zone.go:583.16,584.12 1 1
github.com/ingyamilmolinar/beatmo/internal/ui/transport_zone.go:586.3,593.5 1 1
github.com/ingyamilmolinar/beatmo/internal/ui/transport_zone.go:597.2,603.4 1 1
github.com/ingyamilmolinar/beatmo/internal/ui/transport_zone.go:603.4,604.20 1 1
github.com/ingyamilmolinar/beatmo/internal/ui/transport_zone.go:604.20,605.12 1 0
github.com/ingyamilmolinar/beatmo/internal/ui/transport_zone.go:607.3,608.16 2 1
github.com/ingyamilmolinar/beatmo/internal/ui/transport_zone.go:608.16,609.12 1 1
github.com/ingyamilmolinar/beatmo/internal/ui/transport_zone.go:611.3,618.5 1 1
github.com/ingyamilmolinar/beatmo/internal/ui/transport_zone.go:625.2,625.47 1 1
github.com/ingyamilmolinar/beatmo/internal/ui/transport_zone.go:625.47,632.3 1 1
github.com/ingyamilmolinar/beatmo/internal/ui/transport_zone.go:635.2,635.27 1 1
github.com/ingyamilmolinar/beatmo/internal/ui/transport_zone.go:635.27,637.27 2 1
github.com/ingyamilmolinar/beatmo/internal/ui/transport_zone.go:637.27,646.4 1 1
github.com/ingyamilmolinar/beatmo/internal/ui/transport_zone.go:650.2,650.63 1 1
github.com/ingyamilmolinar/beatmo/internal/ui/transport_zone.go:650.63,661.3 1 1
github.com/ingyamilmolinar/beatmo/internal/ui/transport_zone.go:673.64,676.2 2 1
github.com/ingyamilmolinar/beatmo/internal/ui/transport_zone.go:678.51,680.2 1 1
github.com/ingyamilmolinar/beatmo/internal/ui/transport_zone.go:682.54,684.2 1 1
github.com/ingyamilmolinar/beatmo/internal/ui/transport_zone.go:686.71,686.94 1 1
github.com/ingyamilmolinar/beatmo/internal/ui/transport_zone.go:693.68,694.22 1 1
github.com/ingyamilmolinar/beatmo/internal/ui/transport_zone.go:694.22,696.3 1 1
github.com/ingyamilmolinar/beatmo/internal/ui/transport_zone.go:697.2,697.22 1 1
github.com/ingyamilmolinar/beatmo/internal/ui/transport_zone.go:700.76,700.77 0 1
github.com/ingyamilmolinar/beatmo/internal/ui/transport_zone.go:701.76,701.77 0 1
github.com/ingyamilmolinar/beatmo/internal/ui/transport_zone.go:702.75,702.98 1 1
github.com/ingyamilmolinar/beatmo/internal/ui/transport_zone.go:706.38,707.28 1 1
github.com/ingyamilmolinar/beatmo/internal/ui/transport_zone.go:707.28,709.16 2 1
github.com/ingyamilmolinar/beatmo/internal/ui/transport_zone.go:709.16,711.4 1 1
github.com/ingyamilmolinar/beatmo/internal/ui/transport_zone.go:713.2,718.24 6 1
github.com/ingyamilmolinar/beatmo/internal/ui/transport_zone.go:722.57,724.2 1 1
github.com/ingyamilmolinar/beatmo/internal/ui/transport_zone.go:727.39,727.59 1 1
github.com/ingyamilmolinar/beatmo/internal/ui/transport_zone.go:730.43,730.60 1 1
github.com/ingyamilmolinar/beatmo/internal/ui/transport_zone.go:733.40,733.61 1 1
github.com/ingyamilmolinar/beatmo/internal/ui/transport_zone.go:736.44,736.62 1 1
github.com/ingyamilmolinar/beatmo/internal/ui/transport_zone.go:740.41,742.15 2 1
github.com/ingyamilmolinar/beatmo/internal/ui/transport_zone.go:742.15,744.15 2 1
github.com/ingyamilmolinar/beatmo/internal/ui/transport_zone.go:744.15,746.4 1 1
github.com/ingyamilmolinar/beatmo/internal/ui/transport_zone.go:747.3,747.17 1 1
github.com/ingyamilmolinar/beatmo/internal/ui/transport_zone.go:748.8,748.39 1 1
github.com/ingyamilmolinar/beatmo/internal/ui/transport_zone.go:748.39,750.3 1 1
github.com/ingyamilmolinar/beatmo/internal/ui/transport_zone.go:750.8,752.39 2 1
github.com/ingyamilmolinar/beatmo/internal/ui/transport_zone.go:752.39,754.4 1 1
github.com/ingyamilmolinar/beatmo/internal/ui/transport_zone.go:755.3,756.15 2 1
github.com/ingyamilmolinar/beatmo/internal/ui/transport_zone.go:756.15,758.4 1 0
github.com/ingyamilmolinar/beatmo/internal/ui/transport_zone.go:759.3,759.17 1 1
github.com/ingyamilmolinar/beatmo/internal/ui/transport_zone.go:761.2,762.26 2 1
github.com/ingyamilmolinar/beatmo/internal/ui/transport_zone.go:767.40,769.2 1 1
github.com/ingyamilmolinar/beatmo/internal/ui/transport_zone.go:773.46,774.23 1 1
github.com/ingyamilmolinar/beatmo/internal/ui/transport_zone.go:774.23,776.3 1 0
github.com/ingyamilmolinar/beatmo/internal/ui/transport_zone.go:777.2,777.14 1 1
github.com/ingyamilmolinar/beatmo/internal/ui/transport_zone.go:777.14,779.27 2 1
github.com/ingyamilmolinar/beatmo/internal/ui/transport_zone.go:779.27,782.4 2 1
github.com/ingyamilmolinar/beatmo/internal/ui/transport_zone.go:783.8,785.27 2 1
github.com/ingyamilmolinar/beatmo/internal/ui/transport_zone.go:785.27,788.4 2 1
github.com/ingyamilmolinar/beatmo/internal/ui/transport_zone.go:794.51,796.24 2 1
github.com/ingyamilmolinar/beatmo/internal/ui/transport_zone.go:796.24,796.40 1 1
github.com/ingyamilmolinar/beatmo/internal/ui/transport_zone.go:797.2,797.33 1 1
github.com/ingyamilmolinar/beatmo/internal/ui/transport_zone.go:797.33,798.8 1 1
github.com/ingyamilmolinar/beatmo/internal/ui/transport_zone.go:798.8,800.4 1 1
github.com/ingyamilmolinar/beatmo/internal/ui/transport_zone.go:801.3,801.11 1 1
github.com/ingyamilmolinar/beatmo/internal/ui/transport_zone.go:804.2,813.34 8 1
github.com/ingyamilmolinar/beatmo/internal/ui/transport_zone.go:813.34,815.3 1 1
github.com/ingyamilmolinar/beatmo/internal/ui/transport_zone.go:816.2,818.37 2 1
github.com/ingyamilmolinar/beatmo/internal/ui/transport_zone.go:818.37,820.3 1 1
github.com/ingyamilmolinar/beatmo/internal/ui/transport_zone.go:822.2,822.28 1 1
github.com/ingyamilmolinar/beatmo/internal/ui/transport_zone.go:822.28,824.3 1 1
github.com/ingyamilmolinar/beatmo/internal/ui/transport_zone.go:826.2,845.36 19 1
github.com/ingyamilmolinar/beatmo/internal/ui/transport_zone.go:845.36,847.3 1 0
github.com/ingyamilmolinar/beatmo/internal/ui/transport_zone.go:849.2,849.26 1 1
github.com/ingyamilmolinar/beatmo/internal/ui/transport_zone.go:849.26,850.36 1 1
github.com/ingyamilmolinar/beatmo/internal/ui/transport_zone.go:850.36,852.4 1 1
github.com/ingyamilmolinar/beatmo/internal/ui/transport_zone.go:854.2,854.29 1 1
github.com/ingyamilmolinar/beatmo/internal/ui/transport_zone.go:854.29,855.43 1 1
github.com/ingyamilmolinar/beatmo/internal/ui/transport_zone.go:855.43,857.4 1 1
github.com/ingyamilmolinar/beatmo/internal/ui/transport_zone.go:858.3,859.41 2 1
github.com/ingyamilmolinar/beatmo/internal/ui/transport_zone.go:861.2,861.26 1 1
github.com/ingyamilmolinar/beatmo/internal/ui/transport_zone.go:861.26,862.40 1 1
github.com/ingyamilmolinar/beatmo/internal/ui/transport_zone.go:862.40,864.4 1 0
github.com/ingyamilmolinar/beatmo/internal/ui/transport_zone.go:865.3,866.38 2 1
github.com/ingyamilmolinar/beatmo/internal/ui/transport_zone.go:868.2,868.28 1 1
github.com/ingyamilmolinar/beatmo/internal/ui/transport_zone.go:868.28,869.42 1 1
github.com/ingyamilmolinar/beatmo/internal/ui/transport_zone.go:869.42,871.4 1 1
github.com/ingyamilmolinar/beatmo/internal/ui/transport_zone.go:872.3,873.40 2 1
github.com/ingyamilmolinar/beatmo/internal/ui/transport_zone.go:876.2,877.10 2 1
github.com/ingyamilmolinar/beatmo/internal/ui/transport_zone.go:880.57,883.36 3 1
github.com/ingyamilmolinar/beatmo/internal/ui/transport_zone.go:883.36,884.16 1 1
github.com/ingyamilmolinar/beatmo/internal/ui/transport_zone.go:884.16,886.4 1 1
github.com/ingyamilmolinar/beatmo/internal/ui/transport_zone.go:887.3,887.12 1 1
github.com/ingyamilmolinar/beatmo/internal/ui/transport_zone.go:887.12,890.4 2 1
github.com/ingyamilmolinar/beatmo/internal/ui/transport_zone.go:890.9,891.22 1 1
github.com/ingyamilmolinar/beatmo/internal/ui/transport_zone.go:891.22,893.5 1 1
github.com/ingyamilmolinar/beatmo/internal/ui/transport_zone.go:894.4,894.22 1 1
github.com/ingyamilmolinar/beatmo/internal/ui/transport_zone.go:894.22,896.5 1 1
github.com/ingyamilmolinar/beatmo/internal/ui/transport_zone.go:897.4,897.22 1 1
github.com/ingyamilmolinar/beatmo/internal/ui/transport_zone.go:897.22,899.5 1 1
github.com/ingyamilmolinar/beatmo/internal/ui/transport_zone.go:900.4,900.22 1 1
github.com/ingyamilmolinar/beatmo/internal/ui/transport_zone.go:900.22,902.5 1 1
github.com/ingyamilmolinar/beatmo/internal/ui/transport_zone.go:905.2,914.29 10 1
github.com/ingyamilmolinar/beatmo/internal/ui/transport_zone.go:914.29,916.3 1 1
github.com/ingyamilmolinar/beatmo/internal/ui/transport_zone.go:917.2,917.26 1 1
github.com/ingyamilmolinar/beatmo/internal/ui/transport_zone.go:917.26,919.3 1 1
github.com/ingyamilmolinar/beatmo/internal/ui/transport_zone.go:920.2,920.28 1 1
github.com/ingyamilmolinar/beatmo/internal/ui/transport_zone.go:920.28,922.3 1 1
github.com/ingyamilmolinar/beatmo/internal/ui/transport_zone.go:923.2,923.28 1 1
github.com/ingyamilmolinar/beatmo/internal/ui/transport_zone.go:923.28,925.3 1 1
github.com/ingyamilmolinar/beatmo/internal/ui/transport_zone.go:926.2,927.11 2 1
github.com/ingyamilmolinar/beatmo/internal/ui/transport_zone.go:927.11,929.3 1 0
github.com/ingyamilmolinar/beatmo/internal/ui/transport_zone.go:930.2,930.43 1 1
github.com/ingyamilmolinar/beatmo/internal/ui/transport_zone.go:933.66,936.18 3 1
github.com/ingyamilmolinar/beatmo/internal/ui/transport_zone.go:936.18,939.3 2 0
github.com/ingyamilmolinar/beatmo/internal/ui/transport_zone.go:942.2,942.87 1 1
github.com/ingyamilmolinar/beatmo/internal/ui/transport_zone.go:942.87,947.3 4 1
github.com/ingyamilmolinar/beatmo/internal/ui/transport_zone.go:950.2,951.101 2 1
github.com/ingyamilmolinar/beatmo/internal/ui/transport_zone.go:951.101,953.3 1 1
github.com/ingyamilmolinar/beatmo/internal/ui/transport_zone.go:953.8,955.3 1 1
github.com/ingyamilmolinar/beatmo/internal/ui/transport_zone.go:957.2,963.36 6 1
github.com/ingyamilmolinar/beatmo/internal/ui/transport_zone.go:966.89,971.24 5 1
github.com/ingyamilmolinar/beatmo/internal/ui/transport_zone.go:971.24,974.3 2 0
github.com/ingyamilmolinar/beatmo/internal/ui/transport_zone.go:975.2,981.29 7 1
github.com/ingyamilmolinar/beatmo/internal/ui/transport_zone.go:981.29,983.3 1 1
github.com/ingyamilmolinar/beatmo/internal/ui/transport_zone.go:984.2,984.26 1 1
github.com/ingyamilmolinar/beatmo/internal/ui/transport_zone.go:984.26,986.3 1 1
github.com/ingyamilmolinar/beatmo/internal/ui/transport_zone.go:987.2,987.28 1 1
github.com/ingyamilmolinar/beatmo/internal/ui/transport_zone.go:987.28,989.3 1 1
github.com/ingyamilmolinar/beatmo/internal/ui/transport_zone.go:990.2,990.28 1 1
github.com/ingyamilmolinar/beatmo/internal/ui/transport_zone.go:990.28,991.34 1 1
github.com/ingyamilmolinar/beatmo/internal/ui/transport_zone.go:991.34,993.4 1 1
github.com/ingyamilmolinar/beatmo/internal/ui/transport_zone.go:994.3,994.58 1 1
github.com/ingyamilmolinar/beatmo/internal/ui/transport_zone.go:996.2,996.50 1 1
github.com/ingyamilmolinar/beatmo/internal/ui/transport_zone.go:999.64,1004.24 5 0
github.com/ingyamilmolinar/beatmo/internal/ui/transport_zone.go:1004.24,1006.3 1 0
github.com/ingyamilmolinar/beatmo/internal/ui/transport_zone.go:1007.2,1013.29 7 0
github.com/ingyamilmolinar/beatmo/internal/ui/transport_zone.go:1013.29,1015.3 1 0
github.com/ingyamilmolinar/beatmo/internal/ui/transport_zone.go:1016.2,1016.26 1 0
github.com/ingyamilmolinar/beatmo/internal/ui/transport_zone.go:1016.26,1018.3 1 0
github.com/ingyamilmolinar/beatmo/internal/ui/transport_zone.go:1019.2,1019.28 1 0
github.com/ingyamilmolinar/beatmo/internal/ui/transport_zone.go:1019.28,1021.3 1 0
github.com/ingyamilmolinar/beatmo/internal/ui/transport_zone.go:1022.2,1022.28 1 0
github.com/ingyamilmolinar/beatmo/internal/ui/transport_zone.go:1022.28,1023.34 1 0
github.com/ingyamilmolinar/beatmo/internal/ui/transport_zone.go:1023.34,1025.4 1 0
github.com/ingyamilmolinar/beatmo/internal/ui/transport_zone.go:1026.3,1026.28 1 0
github.com/ingyamilmolinar/beatmo/internal/ui/transport_zone.go:1030.90,1031.31 1 1
github.com/ingyamilmolinar/beatmo/internal/ui/transport_zone.go:1031.31,1033.3 1 1
github.com/ingyamilmolinar/beatmo/internal/ui/transport_zone.go:1034.2,1040.28 4 1
github.com/ingyamilmolinar/beatmo/internal/ui/transport_zone.go:1040.28,1042.3 1 1
github.com/ingyamilmolinar/beatmo/internal/ui/transport_zone.go:1043.2,1043.26 1 1
github.com/ingyamilmolinar/beatmo/internal/ui/transport_zone.go:1043.26,1045.36 2 1
github.com/ingyamilmolinar/beatmo/internal/ui/transport_zone.go:1045.36,1046.12 1 0
github.com/ingyamilmolinar/beatmo/internal/ui/transport_zone.go:1048.3,1051.17 4 1
github.com/ingyamilmolinar/beatmo/internal/ui/transport_zone.go:1051.17,1052.12 1 0
github.com/ingyamilmolinar/beatmo/internal/ui/transport_zone.go:1054.3,1054.100 1 1
github.com/ingyamilmolinar/beatmo/internal/ui/transport_zone.go:1058.92,1060.15 2 1
github.com/ingyamilmolinar/beatmo/internal/ui/transport_zone.go:1060.15,1062.3 1 0
github.com/ingyamilmolinar/beatmo/internal/ui/transport_zone.go:1063.2,1065.28 3 1
github.com/ingyamilmolinar/beatmo/internal/ui/transport_zone.go:1065.28,1067.3 1 1
github.com/ingyamilmolinar/beatmo/internal/ui/transport_zone.go:1069.2,1070.14 2 1
github.com/ingyamilmolinar/beatmo/internal/ui/transport_zone.go:1070.14,1072.3 1 0
github.com/ingyamilmolinar/beatmo/internal/ui/transport_zone.go:1074.2,1076.15 3 1
github.com/ingyamilmolinar/beatmo/internal/ui/transport_zone.go:1076.15,1078.3 1 0
github.com/ingyamilmolinar/beatmo/internal/ui/transport_zone.go:1079.2,1080.15 2 1
github.com/ingyamilmolinar/beatmo/internal/ui/transport_zone.go:1080.15,1082.3 1 0
github.com/ingyamilmolinar/beatmo/internal/ui/transport_zone.go:1084.2,1089.15 4 1
github.com/ingyamilmolinar/beatmo/internal/ui/transport_zone.go:1089.15,1091.3 1 0
github.com/ingyamilmolinar/beatmo/internal/ui/transport_zone.go:1092.2,1093.15 2 1
github.com/ingyamilmolinar/beatmo/internal/ui/transport_zone.go:1093.15,1095.3 1 0
github.com/ingyamilmolinar/beatmo/internal/ui/transport_zone.go:1096.2,1101.15 4 1
github.com/ingyamilmolinar/beatmo/internal/ui/transport_zone.go:1101.15,1103.3 1 0
github.com/ingyamilmolinar/beatmo/internal/ui/transport_zone.go:1104.2,1105.15 2 1
github.com/ingyamilmolinar/beatmo/internal/ui/transport_zone.go:1105.15,1107.3 1 0
github.com/ingyamilmolinar/beatmo/internal/ui/transport_zone.go:1108.2,1112.13 3 1
github.com/ingyamilmolinar/beatmo/internal/ui/transport_zone.go:1112.13,1114.15 2 1
github.com/ingyamilmolinar/beatmo/internal/ui/transport_zone.go:1114.15,1116.4 1 0
github.com/ingyamilmolinar/beatmo/internal/ui/transport_zone.go:1117.3,1119.42 3 1
github.com/ingyamilmolinar/beatmo/internal/ui/transport_zone.go:1125.73,1130.2 4 1
github.com/ingyamilmolinar/beatmo/internal/ui/transport_zone.go:1132.77,1137.2 4 1
github.com/ingyamilmolinar/beatmo/internal/ui/transport_zone.go:1139.79,1144.2 4 1
github.com/ingyamilmolinar/beatmo/internal/ui/transport_zone.go:1149.69,1150.15 1 1
github.com/ingyamilmolinar/beatmo/internal/ui/transport_zone.go:1150.15,1152.3 1 1
github.com/ingyamilmolinar/beatmo/internal/ui/transport_zone.go:1153.2,1154.21 2 1
github.com/ingyamilmolinar/beatmo/internal/ui/transport_zone.go:1154.21,1156.3 1 1
github.com/ingyamilmolinar/beatmo/internal/ui/transport_zone.go:1157.2,1158.16 2 1
github.com/ingyamilmolinar/beatmo/internal/ui/transport_zone.go:1158.16,1160.3 1 0
github.com/ingyamilmolinar/beatmo/internal/ui/transport_zone.go:1161.2,1164.17 4 1
github.com/ingyamilmolinar/beatmo/internal/ui/transport_zone.go:1164.17,1166.3 1 1
github.com/ingyamilmolinar/beatmo/internal/ui/transport_zone.go:1167.2,1168.17 2 1
github.com/ingyamilmolinar/beatmo/internal/ui/transport_zone.go:1168.17,1170.3 1 1
github.com/ingyamilmolinar/beatmo/internal/ui/transport_zone.go:1171.2,1171.22 1 1
github.com/ingyamilmolinar/beatmo/internal/ui/transport_zone.go:1171.22,1173.3 1 1
github.com/ingyamilmolinar/beatmo/internal/ui/transport_zone.go:1174.2,1174.22 1 1
github.com/ingyamilmolinar/beatmo/internal/ui/transport_zone.go:1174.22,1176.3 1 1
github.com/ingyamilmolinar/beatmo/internal/ui/transport_zone.go:1177.2,1177.18 1 1
github.com/ingyamilmolinar/beatmo/internal/ui/transport_zone.go:1177.18,1179.3 1 1
github.com/ingyamilmolinar/beatmo/internal/ui/transport_zone.go:1180.2,1180.26 1 1
github.com/ingyamilmolinar/beatmo/internal/ui/transport_zone.go:1184.92,1186.15 2 1
github.com/ingyamilmolinar/beatmo/internal/ui/transport_zone.go:1186.15,1188.3 1 1
github.com/ingyamilmolinar/beatmo/internal/ui/transport_zone.go:1189.2,1196.29 8 1
github.com/ingyamilmolinar/beatmo/internal/ui/transport_zone.go:1196.29,1198.3 1 0
github.com/ingyamilmolinar/beatmo/internal/ui/transport_zone.go:1199.2,1199.29 1 1
github.com/ingyamilmolinar/beatmo/internal/ui/transport_zone.go:1199.29,1201.3 1 0
github.com/ingyamilmolinar/beatmo/internal/ui/transport_zone.go:1202.2,1202.25 1 1
github.com/ingyamilmolinar/beatmo/internal/ui/transport_zone.go:1202.25,1204.3 1 0
github.com/ingyamilmolinar/beatmo/internal/ui/transport_zone.go:1205.2,1207.32 3 1
github.com/ingyamilmolinar/beatmo/internal/ui/transport_zone.go:1210.61,1212.28 2 1
github.com/ingyamilmolinar/beatmo/internal/ui/transport_zone.go:1212.28,1214.3 1 0
github.com/ingyamilmolinar/beatmo/internal/ui/transport_zone.go:1215.2,1215.28 1 1
github.com/ingyamilmolinar/beatmo/internal/ui/transport_zone.go:1215.28,1217.3 1 0
github.com/ingyamilmolinar/beatmo/internal/ui/transport_zone.go:1218.2,1218.16 1 1
github.com/ingyamilmolinar/beatmo/internal/ui/transport_zone.go:1222.41,1223.33 1 1
github.com/ingyamilmolinar/beatmo/internal/ui/transport_zone.go:1223.33,1225.3 1 0
github.com/ingyamilmolinar/beatmo/internal/ui/transport_zone.go:1226.2,1227.26 2 1
github.com/ingyamilmolinar/beatmo/internal/ui/transport_zone.go:1227.26,1232.3 4 1
github.com/ingyamilmolinar/beatmo/internal/ui/transport_zone.go:1242.68,1242.91 1 1
github.com/ingyamilmolinar/beatmo/internal/ui/transport_zone.go:1243.69,1243.70 0 1
github.com/ingyamilmolinar/beatmo/internal/ui/transport_zone.go:1244.69,1244.70 0 1
github.com/ingyamilmolinar/beatmo/internal/ui/transport_zone.go:1245.68,1245.91 1 1
github.com/ingyamilmolinar/beatmo/internal/ui/uigrid.go:17.60,18.38 1 1
github.com/ingyamilmolinar/beatmo/internal/ui/uigrid.go:18.38,20.3 1 1
github.com/ingyamilmolinar/beatmo/internal/ui/uigrid.go:21.2,21.71 1 1
github.com/ingyamilmolinar/beatmo/internal/ui/uigrid.go:27.52,28.15 1 1
github.com/ingyamilmolinar/beatmo/internal/ui/uigrid.go:28.15,30.3 1 1
github.com/ingyamilmolinar/beatmo/internal/ui/uigrid.go:31.2,31.29 1 1
github.com/ingyamilmolinar/beatmo/internal/ui/uigrid.go:31.29,33.3 1 1
github.com/ingyamilmolinar/beatmo/internal/ui/uigrid.go:34.2,36.60 3 1
github.com/ingyamilmolinar/beatmo/internal/ui/uigrid.go:36.60,38.35 2 1
github.com/ingyamilmolinar/beatmo/internal/ui/uigrid.go:38.35,40.4 1 1
github.com/ingyamilmolinar/beatmo/internal/ui/uigrid.go:42.2,42.17 1 1
github.com/ingyamilmolinar/beatmo/internal/ui/uigrid.go:90.35,90.72 1 1
github.com/ingyamilmolinar/beatmo/internal/ui/uigrid.go:93.73,95.2 1 1
github.com/ingyamilmolinar/beatmo/internal/ui/uigrid.go:98.41,98.55 1 1
github.com/ingyamilmolinar/beatmo/internal/ui/uigrid.go:101.45,101.56 1 1
github.com/ingyamilmolinar/beatmo/internal/ui/uigrid.go:104.42,105.20 1 1
github.com/ingyamilmolinar/beatmo/internal/ui/uigrid.go:105.20,107.3 1 1
github.com/ingyamilmolinar/beatmo/internal/ui/uigrid.go:111.2,111.18 1 1
github.com/ingyamilmolinar/beatmo/internal/ui/uigrid.go:111.18,113.17 2 1
github.com/ingyamilmolinar/beatmo/internal/ui/uigrid.go:113.17,115.4 1 1
github.com/ingyamilmolinar/beatmo/internal/ui/uigrid.go:117.3,126.28 7 1
github.com/ingyamilmolinar/beatmo/internal/ui/uigrid.go:126.28,128.4 1 0
github.com/ingyamilmolinar/beatmo/internal/ui/uigrid.go:130.3,133.26 4 1
github.com/ingyamilmolinar/beatmo/internal/ui/uigrid.go:136.2,136.18 1 1
github.com/ingyamilmolinar/beatmo/internal/ui/uigrid.go:136.18,138.17 2 1
github.com/ingyamilmolinar/beatmo/internal/ui/uigrid.go:138.17,140.4 1 1
github.com/ingyamilmolinar/beatmo/internal/ui/uigrid.go:142.3,143.21 2 1
github.com/ingyamilmolinar/beatmo/internal/ui/uigrid.go:143.21,145.4 1 1
github.com/ingyamilmolinar/beatmo/internal/ui/uigrid.go:146.3,147.14 2 1
github.com/ingyamilmolinar/beatmo/internal/ui/uigrid.go:147.14,149.4 1 1
github.com/ingyamilmolinar/beatmo/internal/ui/uigrid.go:150.3,151.17 2 1
github.com/ingyamilmolinar/beatmo/internal/ui/uigrid.go:152.15,153.31 1 1
github.com/ingyamilmolinar/beatmo/internal/ui/uigrid.go:154.16,155.32 1 1
github.com/ingyamilmolinar/beatmo/internal/ui/uigrid.go:156.15,157.31 1 1
github.com/ingyamilmolinar/beatmo/internal/ui/uigrid.go:158.17,159.33 1 1
github.com/ingyamilmolinar/beatmo/internal/ui/uigrid.go:160.15,161.31 1 1
github.com/ingyamilmolinar/beatmo/internal/ui/uigrid.go:162.16,163.32 1 1
github.com/ingyamilmolinar/beatmo/internal/ui/uigrid.go:164.19,165.35 1 1
github.com/ingyamilmolinar/beatmo/internal/ui/uigrid.go:166.15,167.31 1 1
github.com/ingyamilmolinar/beatmo/internal/ui/uigrid.go:168.16,169.32 1 1
github.com/ingyamilmolinar/beatmo/internal/ui/uigrid.go:170.15,171.31 1 0
github.com/ingyamilmolinar/beatmo/internal/ui/uigrid.go:172.16,173.32 1 1
github.com/ingyamilmolinar/beatmo/internal/ui/uigrid.go:174.21,175.36 1 0
github.com/ingyamilmolinar/beatmo/internal/ui/uigrid.go:176.23,177.38 1 0
github.com/ingyamilmolinar/beatmo/internal/ui/uigrid.go:178.16,179.32 1 1
github.com/ingyamilmolinar/beatmo/internal/ui/uigrid.go:180.20,181.35 1 1
github.com/ingyamilmolinar/beatmo/internal/ui/uigrid.go:182.17,183.33 1 1
github.com/ingyamilmolinar/beatmo/internal/ui/uigrid.go:184.17,185.33 1 1
github.com/ingyamilmolinar/beatmo/internal/ui/uigrid.go:186.17,187.33 1 1
github.com/ingyamilmolinar/beatmo/internal/ui/uigrid.go:197.110,202.33 4 0
github.com/ingyamilmolinar/beatmo/internal/ui/uigrid.go:202.33,204.3 1 0
github.com/ingyamilmolinar/beatmo/internal/ui/uigrid.go:205.2,206.23 2 0
github.com/ingyamilmolinar/beatmo/internal/ui/uigrid.go:206.23,208.15 2 0
github.com/ingyamilmolinar/beatmo/internal/ui/uigrid.go:208.15,214.4 5 0
github.com/ingyamilmolinar/beatmo/internal/ui/uigrid.go:215.3,215.13 1 0
github.com/ingyamilmolinar/beatmo/internal/ui/uigrid.go:224.45,226.16 2 1
github.com/ingyamilmolinar/beatmo/internal/ui/uigrid.go:226.16,228.3 1 1
github.com/ingyamilmolinar/beatmo/internal/ui/uigrid.go:229.2,234.50 6 1
github.com/ingyamilmolinar/beatmo/internal/ui/uigrid.go:241.74,242.32 1 1
github.com/ingyamilmolinar/beatmo/internal/ui/uigrid.go:242.32,243.15 1 1
github.com/ingyamilmolinar/beatmo/internal/ui/uigrid.go:243.15,245.4 1 1
github.com/ingyamilmolinar/beatmo/internal/ui/uigrid.go:246.3,248.22 3 1
github.com/ingyamilmolinar/beatmo/internal/ui/uigrid.go:252.2,253.70 2 1
github.com/ingyamilmolinar/beatmo/internal/ui/uigrid.go:253.70,255.31 1 1
github.com/ingyamilmolinar/beatmo/internal/ui/uigrid.go:255.31,259.4 3 1
github.com/ingyamilmolinar/beatmo/internal/ui/uigrid.go:260.3,260.31 1 1
github.com/ingyamilmolinar/beatmo/internal/ui/uigrid.go:260.31,264.4 3 1
github.com/ingyamilmolinar/beatmo/internal/ui/uigrid.go:266.2,268.23 3 1
github.com/ingyamilmolinar/beatmo/internal/ui/uigrid.go:268.23,270.18 2 1
github.com/ingyamilmolinar/beatmo/internal/ui/uigrid.go:270.18,271.24 1 1
github.com/ingyamilmolinar/beatmo/internal/ui/uigrid.go:271.24,273.5 1 1
github.com/ingyamilmolinar/beatmo/internal/ui/uigrid.go:274.4,274.24 1 1
github.com/ingyamilmolinar/beatmo/internal/ui/uigrid.go:274.24,276.5 1 1
github.com/ingyamilmolinar/beatmo/internal/ui/uigrid.go:277.9,277.40 1 1
github.com/ingyamilmolinar/beatmo/internal/ui/uigrid.go:277.40,278.24 1 1
github.com/ingyamilmolinar/beatmo/internal/ui/uigrid.go:278.24,280.5 1 1
github.com/ingyamilmolinar/beatmo/internal/ui/uigrid.go:282.3,283.23 2 1
github.com/ingyamilmolinar/beatmo/internal/ui/uigrid.go:285.2,287.21 3 1
github.com/ingyamilmolinar/beatmo/internal/ui/uigrid.go:293.56,295.2 1 1
github.com/ingyamilmolinar/beatmo/internal/ui/uigrid.go:297.36,299.13 2 1
github.com/ingyamilmolinar/beatmo/internal/ui/uigrid.go:299.13,301.3 1 1
github.com/ingyamilmolinar/beatmo/internal/ui/uigrid.go:302.2,304.15 3 1
github.com/ingyamilmolinar/beatmo/internal/ui/uigrid.go:304.15,306.3 1 0
github.com/ingyamilmolinar/beatmo/internal/ui/uigrid.go:307.2,308.27 2 1
github.com/ingyamilmolinar/beatmo/internal/ui/uigrid.go:321.73,325.2 3 1
github.com/ingyamilmolinar/beatmo/internal/ui/uigrid.go:327.31,329.33 2 1
github.com/ingyamilmolinar/beatmo/internal/ui/uigrid.go:329.33,331.3 1 1
github.com/ingyamilmolinar/beatmo/internal/ui/uigrid.go:332.2,333.33 2 1
github.com/ingyamilmolinar/beatmo/internal/ui/uigrid.go:333.33,335.3 1 1
github.com/ingyamilmolinar/beatmo/internal/ui/uigrid.go:339.2,341.33 3 1
github.com/ingyamilmolinar/beatmo/internal/ui/uigrid.go:341.33,344.3 2 1
github.com/ingyamilmolinar/beatmo/internal/ui/uigrid.go:345.2,349.33 4 1
github.com/ingyamilmolinar/beatmo/internal/ui/uigrid.go:349.33,352.3 2 1
github.com/ingyamilmolinar/beatmo/internal/ui/uigrid.go:353.2,353.46 1 1
github.com/ingyamilmolinar/beatmo/internal/ui/uigrid.go:357.57,359.2 1 1
github.com/ingyamilmolinar/beatmo/internal/ui/uigrid.go:363.78,365.2 1 1
github.com/ingyamilmolinar/beatmo/internal/ui/uigrid.go:382.91,388.2 1 1
github.com/ingyamilmolinar/beatmo/internal/ui/uigrid.go:391.92,402.2 3 1
github.com/ingyamilmolinar/beatmo/internal/ui/uigrid.go:405.48,406.16 1 1
github.com/ingyamilmolinar/beatmo/internal/ui/uigrid.go:406.16,408.3 1 1
github.com/ingyamilmolinar/beatmo/internal/ui/uigrid.go:409.2,409.22 1 1
github.com/ingyamilmolinar/beatmo/internal/ui/uigrid.go:413.58,414.16 1 1
github.com/ingyamilmolinar/beatmo/internal/ui/uigrid.go:414.16,416.3 1 1
github.com/ingyamilmolinar/beatmo/internal/ui/uigrid.go:417.2,417.30 1 1
github.com/ingyamilmolinar/beatmo/internal/ui/uigrid.go:421.52,424.31 3 1
github.com/ingyamilmolinar/beatmo/internal/ui/uigrid.go:424.31,426.3 1 1
github.com/ingyamilmolinar/beatmo/internal/ui/uigrid.go:430.42,432.31 2 1
github.com/ingyamilmolinar/beatmo/internal/ui/uigrid.go:432.31,434.3 1 1
github.com/ingyamilmolinar/beatmo/internal/ui/uigrid.go:438.34,439.21 1 1
github.com/ingyamilmolinar/beatmo/internal/ui/uigrid.go:439.21,441.3 1 1
github.com/ingyamilmolinar/beatmo/internal/ui/uigrid.go:441.8,443.32 2 0
github.com/ingyamilmolinar/beatmo/internal/ui/uigrid.go:443.32,445.4 1 0
github.com/ingyamilmolinar/beatmo/internal/ui/uigrid.go:450.52,451.16 1 1
github.com/ingyamilmolinar/beatmo/internal/ui/uigrid.go:451.16,453.3 1 1
github.com/ingyamilmolinar/beatmo/internal/ui/uigrid.go:454.2,454.31 1 1
github.com/ingyamilmolinar/beatmo/internal/ui/uigrid.go:454.31,455.40 1 1
github.com/ingyamilmolinar/beatmo/internal/ui/uigrid.go:455.40,457.4 1 1
github.com/ingyamilmolinar/beatmo/internal/ui/uigrid.go:459.2,459.12 1 1
github.com/ingyamilmolinar/beatmo/internal/ui/wheel_nonjs.go:7.31,10.2 2 1
github.com/ingyamilmolinar/beatmo/internal/ui/wheel_nonjs.go:14.29,16.14 2 1
github.com/ingyamilmolinar/beatmo/internal/ui/wheel_nonjs.go:16.14,18.3 1 1
github.com/ingyamilmolinar/beatmo/internal/ui/wheel_nonjs.go:19.2,19.15 1 1
github.com/ingyamilmolinar/beatmo/internal/ui/wheel_nonjs.go:19.15,21.3 1 1
github.com/ingyamilmolinar/beatmo/internal/ui/wheel_nonjs.go:22.2,22.10 1 1
github.com/ingyamilmolinar/beatmo/internal/ui/widget_board.go:59.75,60.20 1 1
github.com/ingyamilmolinar/beatmo/internal/ui/widget_board.go:60.20,62.3 1 0
github.com/ingyamilmolinar/beatmo/internal/ui/widget_board.go:63.2,63.20 1 1
github.com/ingyamilmolinar/beatmo/internal/ui/widget_board.go:63.20,65.3 1 0
github.com/ingyamilmolinar/beatmo/internal/ui/widget_board.go:66.2,77.11 3 1
github.com/ingyamilmolinar/beatmo/internal/ui/widget_board.go:81.53,82.80 1 1
github.com/ingyamilmolinar/beatmo/internal/ui/widget_board.go:82.80,84.3 1 1
github.com/ingyamilmolinar/beatmo/internal/ui/widget_board.go:85.2,89.13 4 1
github.com/ingyamilmolinar/beatmo/internal/ui/widget_board.go:93.57,94.19 1 1
github.com/ingyamilmolinar/beatmo/internal/ui/widget_board.go:94.19,96.3 1 1
github.com/ingyamilmolinar/beatmo/internal/ui/widget_board.go:97.2,97.19 1 1
github.com/ingyamilmolinar/beatmo/internal/ui/widget_board.go:97.19,99.3 1 1
github.com/ingyamilmolinar/beatmo/internal/ui/widget_board.go:100.2,101.13 2 1
github.com/ingyamilmolinar/beatmo/internal/ui/widget_board.go:105.33,108.60 2 1
github.com/ingyamilmolinar/beatmo/internal/ui/widget_board.go:108.60,110.29 2 1
github.com/ingyamilmolinar/beatmo/internal/ui/widget_board.go:110.29,112.4 1 1
github.com/ingyamilmolinar/beatmo/internal/ui/widget_board.go:115.2,115.18 1 1
github.com/ingyamilmolinar/beatmo/internal/ui/widget_board.go:115.18,118.29 2 1
github.com/ingyamilmolinar/beatmo/internal/ui/widget_board.go:118.29,120.4 1 1
github.com/ingyamilmolinar/beatmo/internal/ui/widget_board.go:121.3,121.19 1 1
github.com/ingyamilmolinar/beatmo/internal/ui/widget_board.go:121.19,123.4 1 0
github.com/ingyamilmolinar/beatmo/internal/ui/widget_board.go:124.3,128.29 5 1
github.com/ingyamilmolinar/beatmo/internal/ui/widget_board.go:128.29,133.29 5 1
github.com/ingyamilmolinar/beatmo/internal/ui/widget_board.go:133.29,136.5 2 0
github.com/ingyamilmolinar/beatmo/internal/ui/widget_board.go:137.4,137.31 1 1
github.com/ingyamilmolinar/beatmo/internal/ui/widget_board.go:137.31,139.5 1 0
github.com/ingyamilmolinar/beatmo/internal/ui/widget_board.go:140.4,140.13 1 1
github.com/ingyamilmolinar/beatmo/internal/ui/widget_board.go:142.3,146.29 4 1
github.com/ingyamilmolinar/beatmo/internal/ui/widget_board.go:146.29,148.23 2 1
github.com/ingyamilmolinar/beatmo/internal/ui/widget_board.go:148.23,150.5 1 1
github.com/ingyamilmolinar/beatmo/internal/ui/widget_board.go:151.4,151.30 1 1
github.com/ingyamilmolinar/beatmo/internal/ui/widget_board.go:151.30,153.5 1 0
github.com/ingyamilmolinar/beatmo/internal/ui/widget_board.go:154.4,155.11 2 1
github.com/ingyamilmolinar/beatmo/internal/ui/widget_board.go:157.3,158.9 2 1
github.com/ingyamilmolinar/beatmo/internal/ui/widget_board.go:161.2,162.28 2 1
github.com/ingyamilmolinar/beatmo/internal/ui/widget_board.go:162.28,164.3 1 1
github.com/ingyamilmolinar/beatmo/internal/ui/widget_board.go:165.2,166.28 2 1
github.com/ingyamilmolinar/beatmo/internal/ui/widget_board.go:166.28,168.3 1 1
github.com/ingyamilmolinar/beatmo/internal/ui/widget_board.go:169.2,169.18 1 1
github.com/ingyamilmolinar/beatmo/internal/ui/widget_board.go:169.18,171.3 1 0
github.com/ingyamilmolinar/beatmo/internal/ui/widget_board.go:172.2,172.18 1 1
github.com/ingyamilmolinar/beatmo/internal/ui/widget_board.go:172.18,174.3 1 0
github.com/ingyamilmolinar/beatmo/internal/ui/widget_board.go:177.2,181.28 5 1
github.com/ingyamilmolinar/beatmo/internal/ui/widget_board.go:181.28,186.28 5 1
github.com/ingyamilmolinar/beatmo/internal/ui/widget_board.go:186.28,189.4 2 1
github.com/ingyamilmolinar/beatmo/internal/ui/widget_board.go:190.3,190.30 1 1
github.com/ingyamilmolinar/beatmo/internal/ui/widget_board.go:190.30,192.4 1 1
github.com/ingyamilmolinar/beatmo/internal/ui/widget_board.go:193.3,193.12 1 1
github.com/ingyamilmolinar/beatmo/internal/ui/widget_board.go:195.2,201.28 6 1
github.com/ingyamilmolinar/beatmo/internal/ui/widget_board.go:201.28,206.22 5 1
github.com/ingyamilmolinar/beatmo/internal/ui/widget_board.go:206.22,209.4 2 1
github.com/ingyamilmolinar/beatmo/internal/ui/widget_board.go:210.3,210.30 1 1
github.com/ingyamilmolinar/beatmo/internal/ui/widget_board.go:210.30,212.4 1 1
github.com/ingyamilmolinar/beatmo/internal/ui/widget_board.go:213.3,213.12 1 1
github.com/ingyamilmolinar/beatmo/internal/ui/widget_board.go:215.2,215.43 1 1
github.com/ingyamilmolinar/beatmo/internal/ui/widget_board.go:219.50,221.34 2 1
github.com/ingyamilmolinar/beatmo/internal/ui/widget_board.go:221.34,223.3 1 1
github.com/ingyamilmolinar/beatmo/internal/ui/widget_board.go:224.2,231.3 3 1
github.com/ingyamilmolinar/beatmo/internal/ui/widget_board.go:235.50,236.21 1 0
github.com/ingyamilmolinar/beatmo/internal/ui/widget_board.go:236.21,238.3 1 0
github.com/ingyamilmolinar/beatmo/internal/ui/widget_board.go:239.2,239.21 1 0
github.com/ingyamilmolinar/beatmo/internal/ui/widget_board.go:239.21,241.3 1 0
github.com/ingyamilmolinar/beatmo/internal/ui/widget_board.go:242.2,243.30 2 0
github.com/ingyamilmolinar/beatmo/internal/ui/widget_board.go:243.30,245.3 1 0
github.com/ingyamilmolinar/beatmo/internal/ui/widget_board.go:246.2,248.13 3 0
github.com/ingyamilmolinar/beatmo/internal/ui/widget_board.go:252.60,254.23 2 1
github.com/ingyamilmolinar/beatmo/internal/ui/widget_board.go:254.23,256.3 1 1
github.com/ingyamilmolinar/beatmo/internal/ui/widget_board.go:257.2,257.78 1 1
github.com/ingyamilmolinar/beatmo/internal/ui/widget_board.go:257.78,259.3 1 0
github.com/ingyamilmolinar/beatmo/internal/ui/widget_board.go:260.2,265.32 6 1
github.com/ingyamilmolinar/beatmo/internal/ui/widget_board.go:269.46,270.36 1 1
github.com/ingyamilmolinar/beatmo/internal/ui/widget_board.go:270.36,272.3 1 0
github.com/ingyamilmolinar/beatmo/internal/ui/widget_board.go:273.2,273.42 1 1
github.com/ingyamilmolinar/beatmo/internal/ui/widget_board.go:277.47,278.36 1 1
github.com/ingyamilmolinar/beatmo/internal/ui/widget_board.go:278.36,280.3 1 0
github.com/ingyamilmolinar/beatmo/internal/ui/widget_board.go:281.2,281.42 1 1
github.com/ingyamilmolinar/beatmo/internal/ui/widget_board.go:287.70,288.14 1 1
github.com/ingyamilmolinar/beatmo/internal/ui/widget_board.go:289.13,290.39 1 1
github.com/ingyamilmolinar/beatmo/internal/ui/widget_board.go:290.39,292.4 1 0
github.com/ingyamilmolinar/beatmo/internal/ui/widget_board.go:293.3,299.61 7 1
github.com/ingyamilmolinar/beatmo/internal/ui/widget_board.go:299.61,301.4 1 0
github.com/ingyamilmolinar/beatmo/internal/ui/widget_board.go:302.3,303.23 2 1
github.com/ingyamilmolinar/beatmo/internal/ui/widget_board.go:304.13,305.39 1 1
github.com/ingyamilmolinar/beatmo/internal/ui/widget_board.go:305.39,307.4 1 0
github.com/ingyamilmolinar/beatmo/internal/ui/widget_board.go:310.3,310.20 1 1
github.com/ingyamilmolinar/beatmo/internal/ui/widget_board.go:310.20,312.30 2 1
github.com/ingyamilmolinar/beatmo/internal/ui/widget_board.go:312.30,314.5 1 1
github.com/ingyamilmolinar/beatmo/internal/ui/widget_board.go:315.4,315.20 1 1
github.com/ingyamilmolinar/beatmo/internal/ui/widget_board.go:315.20,317.5 1 0
github.com/ingyamilmolinar/beatmo/internal/ui/widget_board.go:318.4,318.30 1 1
github.com/ingyamilmolinar/beatmo/internal/ui/widget_board.go:318.30,320.32 2 1
github.com/ingyamilmolinar/beatmo/internal/ui/widget_board.go:320.32,322.6 1 0
github.com/ingyamilmolinar/beatmo/internal/ui/widget_board.go:323.5,323.19 1 1
github.com/ingyamilmolinar/beatmo/internal/ui/widget_board.go:325.4,325.23 1 1
github.com/ingyamilmolinar/beatmo/internal/ui/widget_board.go:327.3,333.61 7 1
github.com/ingyamilmolinar/beatmo/internal/ui/widget_board.go:333.61,335.4 1 1
github.com/ingyamilmolinar/beatmo/internal/ui/widget_board.go:336.3,338.22 3 1
github.com/ingyamilmolinar/beatmo/internal/ui/widget_board.go:340.2,340.13 1 1
github.com/ingyamilmolinar/beatmo/internal/ui/widget_board.go:344.53,345.19 1 1
github.com/ingyamilmolinar/beatmo/internal/ui/widget_board.go:345.19,347.3 1 0
github.com/ingyamilmolinar/beatmo/internal/ui/widget_board.go:348.2,348.19 1 1
github.com/ingyamilmolinar/beatmo/internal/ui/widget_board.go:348.19,350.3 1 0
github.com/ingyamilmolinar/beatmo/internal/ui/widget_board.go:351.2,352.19 2 1
github.com/ingyamilmolinar/beatmo/internal/ui/widget_board.go:352.19,354.3 1 0
github.com/ingyamilmolinar/beatmo/internal/ui/widget_board.go:355.2,355.25 1 1
github.com/ingyamilmolinar/beatmo/internal/ui/widget_board.go:359.52,361.2 1 0
github.com/ingyamilmolinar/beatmo/internal/ui/widget_board.go:364.64,366.9 2 0
github.com/ingyamilmolinar/beatmo/internal/ui/widget_board.go:366.9,368.3 1 0
github.com/ingyamilmolinar/beatmo/internal/ui/widget_board.go:369.2,369.14 1 0
github.com/ingyamilmolinar/beatmo/internal/ui/widget_board.go:369.14,371.3 1 0
github.com/ingyamilmolinar/beatmo/internal/ui/widget_board.go:372.2,372.14 1 0
github.com/ingyamilmolinar/beatmo/internal/ui/widget_board.go:372.14,374.3 1 0
github.com/ingyamilmolinar/beatmo/internal/ui/widget_board.go:375.2,375.23 1 0
github.com/ingyamilmolinar/beatmo/internal/ui/widget_board.go:379.54,380.36 1 1
github.com/ingyamilmolinar/beatmo/internal/ui/widget_board.go:380.36,382.3 1 0
github.com/ingyamilmolinar/beatmo/internal/ui/widget_board.go:383.2,383.21 1 1
github.com/ingyamilmolinar/beatmo/internal/ui/widget_board.go:383.21,385.3 1 0
github.com/ingyamilmolinar/beatmo/internal/ui/widget_board.go:386.2,388.13 3 1
github.com/ingyamilmolinar/beatmo/internal/ui/widget_board.go:392.66,394.9 2 1
github.com/ingyamilmolinar/beatmo/internal/ui/widget_board.go:394.9,396.3 1 0
github.com/ingyamilmolinar/beatmo/internal/ui/widget_board.go:397.2,398.23 2 1
github.com/ingyamilmolinar/beatmo/internal/ui/widget_board.go:403.86,405.2 1 0
github.com/ingyamilmolinar/beatmo/internal/ui/widget_board.go:407.32,408.11 1 1
github.com/ingyamilmolinar/beatmo/internal/ui/widget_board.go:408.11,410.3 1 1
github.com/ingyamilmolinar/beatmo/internal/ui/widget_board.go:411.2,411.10 1 1
github.com/ingyamilmolinar/beatmo/internal/ui/widgets.go:20.37,23.2 2 1
github.com/ingyamilmolinar/beatmo/internal/ui/widgets.go:25.41,27.34 2 1
github.com/ingyamilmolinar/beatmo/internal/ui/widgets.go:27.34,29.3 1 1
github.com/ingyamilmolinar/beatmo/internal/ui/widgets.go:30.2,33.12 4 1
github.com/ingyamilmolinar/beatmo/internal/ui/widgets.go:48.34,50.16 1 1
github.com/ingyamilmolinar/beatmo/internal/ui/widgets.go:50.16,52.3 1 0
github.com/ingyamilmolinar/beatmo/internal/ui/widgets.go:53.2,70.15 11 1
github.com/ingyamilmolinar/beatmo/internal/ui/widgets.go:70.15,75.3 1 0
